ANNO_RIL;IDAREA;IDPIANTA;IDSINTOMO;PARTE;TIPOSINT;ETADANNO;AGENTE;AG_NOME;AG_DIFF;CHIOMA_V;NOTE
2015;C1052;1;1;11;03;2;99900;99900 - Fattori investigati ma non identificati;5;2;
2015;C1052;3;1;12;03;2;99900;99900 - Fattori investigati ma non identificati;5;2;
2015;C1052;6;1;31;13;2;99900;99900 - Fattori investigati ma non identificati;0;2;
2015;C1052;9;1;00;;;;;;;
2015;C1052;11;1;00;;;;;;;
2015;C1052;15;1;00;;;;;;;
2015;C1052;17;1;00;;;;;;;
2015;C1052;28;1;00;;;;;;;
2015;C1052;29;1;00;;;;;;;
2015;C1052;45;1;00;;;;;;;
2015;C1052;46;1;12;02;2;99900;99900 - Fattori investigati ma non identificati;5;2;
2015;C1052;56;1;12;02;2;99900;99900 - Fattori investigati ma non identificati;0;2;
2015;C1052;58;1;12;02;2;99900;99900 - Fattori investigati ma non identificati;5;2;
2015;C1052;60;1;14;08;2;99900;99900 - Fattori investigati ma non identificati;5;2;
2015;C1052;61;1;12;02;2;99900;99900 - Fattori investigati ma non identificati;5;2;
2015;C1052;63;1;31;11;1;99900;99900 - Fattori investigati ma non identificati;;;
2015;C1052;64;1;00;;;;;;;
2015;C2055;1;1;12;03;3;99900;99900 - Fattori investigati ma non identificati;15;2;
2015;C2055;2;1;12;03;3;99900;99900 - Fattori investigati ma non identificati;15;2;
2015;C2055;3;1;12;03;3;99900;99900 - Fattori investigati ma non identificati;5;2;
2015;C2055;11;1;11;03;2;99900;99900 - Fattori investigati ma non identificati;5;2;
2015;C2055;12;1;12;03;3;99900;99900 - Fattori investigati ma non identificati;15;2;
2015;C2055;13;1;12;03;3;99900;99900 - Fattori investigati ma non identificati;5;2;
2015;C2055;15;1;12;03;3;99900;99900 - Fattori investigati ma non identificati;5;2;
2015;C2055;32;1;12;03;3;99900;99900 - Fattori investigati ma non identificati;5;2;
2015;C2055;33;1;12;03;3;99900;99900 - Fattori investigati ma non identificati;20;2;
2015;C2055;34;1;12;03;3;99900;99900 - Fattori investigati ma non identificati;15;2;
2015;C2056;1;1;00;;;;;;;
2015;C2056;2;1;00;;;;;;;
2015;C2056;4;1;00;;;;;;;
2015;C2056;6;1;00;;;;;;;
2015;C2056;11;1;00;;;;;;;
2015;C2056;16;1;00;;;;;;;
2015;C2056;17;1;00;;;;;;;
2015;C2056;20;1;00;;;;;;;
2015;C2056;22;1;00;;;;;;;
2015;C2056;23;1;00;;;;;;;
2015;C2056;24;1;00;;;;;;;
2015;C2056;25;1;00;;;;;;;
2015;C2056;26;1;00;;;;;;;
2015;C2056;27;1;00;;;;;;;
2015;C2056;36;1;00;;;;;;;
2015;C2056;37;1;00;;;;;;;
2015;C2056;38;1;00;;;;;;;
2015;C2056;39;1;00;;;;;;;
2015;C2056;40;1;00;;;;;;;
2015;C2056;41;1;00;;;;;;;
2015;C0927;1;1;14;01;1;21000;- Non identificato -;10;2;
2015;C0927;2;1;14;01;1;21000;- Non identificato -;5;2;
2015;C0927;5;1;14;01;1;21000;- Non identificato -;10;2;
2015;C0927;8;1;14;01;1;21000;- Non identificato -;10;2;
2015;C0927;9;1;14;01;1;21000;- Non identificato -;5;2;
2015;C0927;11;1;14;01;1;21000;- Non identificato -;10;2;
2015;C0927;12;1;14;01;1;21000;- Non identificato -;5;2;
2015;C0927;13;1;14;01;1;21000;- Non identificato -;5;2;
2015;C0927;13;2;21;14;1;99900;99900 - Fattori investigati ma non identificati;5;2;
2015;C0927;14;1;14;01;1;21000;- Non identificato -;10;2;
2015;C0927;15;1;14;01;1;21000;- Non identificato -;5;2;
2015;C0927;15;2;21;14;1;99900;99900 - Fattori investigati ma non identificati;5;2;
2015;C0927;16;1;14;01;1;21000;- Non identificato -;5;2;
2015;C0927;17;1;14;01;1;21000;- Non identificato -;5;2;
2015;C0927;17;2;21;14;1;21000;- Non identificato -;5;2;
2015;C0927;18;1;14;01;1;21000;- Non identificato -;5;2;
2015;C0927;21;1;21;14;1;99900;99900 - Fattori investigati ma non identificati;5;2;
2015;C0927;22;1;14;01;1;21000;- Non identificato -;5;2;
2015;C0927;27;1;14;01;1;21000;- Non identificato -;5;2;
2015;C0927;28;1;14;01;1;21000;- Non identificato -;5;2;
2015;C0927;28;2;21;14;1;99900;99900 - Fattori investigati ma non identificati;5;2;
2015;C0927;29;1;14;01;1;21000;- Non identificato -;5;2;
2015;C0927;29;2;21;14;1;99900;99900 - Fattori investigati ma non identificati;5;2;
2015;C0927;31;1;14;01;1;21000;- Non identificato -;5;2;
2015;C0927;32;1;14;01;1;21000;- Non identificato -;5;2;
2015;C0927;33;1;00;;;;;;;
2015;C0927;34;1;14;01;1;21000;- Non identificato -;5;2;
2015;C0927;34;2;21;14;1;99900;99900 - Fattori investigati ma non identificati;10;2;
2015;C0927;35;1;14;01;1;21000;- Non identificato -;5;2;
2015;C0927;36;1;14;01;1;21000;- Non identificato -;10;2;
2015;C0947;1;1;14;01;1;21000;- Non identificato -;10;2;
2015;C0947;1;2;22;14;1;99900;99900 - Fattori investigati ma non identificati;5;2;
2015;C0947;2;1;14;01;1;21000;- Non identificato -;10;2;
2015;C0947;3;1;14;01;1;21000;- Non identificato -;10;2;
2015;C0947;3;2;22;14;1;99900;99900 - Fattori investigati ma non identificati;5;2;
2015;C0947;4;1;14;01;1;21000;- Non identificato -;10;2;
2015;C0947;4;2;22;14;1;99900;99900 - Fattori investigati ma non identificati;10;2;
2015;C0947;4;3;23;14;1;99900;99900 - Fattori investigati ma non identificati;5;2;
2015;C0947;6;1;14;01;1;21000;- Non identificato -;10;2;
2015;C0947;6;2;22;14;1;99900;99900 - Fattori investigati ma non identificati;5;2;
2015;C0947;7;1;14;01;1;21000;- Non identificato -;10;2;
2015;C0947;7;2;22;14;1;99900;99900 - Fattori investigati ma non identificati;10;2;
2015;C0947;7;3;23;14;1;99900;99900 - Fattori investigati ma non identificati;5;2;
2015;C0947;8;1;14;01;1;21000;- Non identificato -;10;2;
2015;C0947;8;2;22;14;1;21000;- Non identificato -;10;2;
2015;C0947;22;1;14;01;1;21000;- Non identificato -;10;2;
2015;C0947;22;2;22;14;1;99900;99900 - Fattori investigati ma non identificati;10;2;
2015;C0947;22;3;23;14;1;99900;99900 - Fattori investigati ma non identificati;5;2;
2015;C0947;26;1;14;01;1;21000;- Non identificato -;10;2;
2015;C0947;26;2;22;14;1;99900;99900 - Fattori investigati ma non identificati;10;2;
2015;C0947;27;1;14;01;1;21000;- Non identificato -;10;2;
2015;C0947;27;2;22;14;1;99900;99900 - Fattori investigati ma non identificati;10;2;
2015;C0947;37;1;14;01;1;21000;- Non identificato -;10;2;
2015;C0947;37;2;22;14;1;99900;99900 - Fattori investigati ma non identificati;5;2;
2015;C2047;1;1;14;01;1;21000;- Non identificato -;5;2;
2015;C2047;2;1;14;01;1;21000;- Non identificato -;5;2;
2015;C2047;3;1;14;01;1;21000;- Non identificato -;5;2;
2015;C2047;4;1;14;01;1;21000;- Non identificato -;5;2;
2015;C2047;5;1;14;01;1;21000;- Non identificato -;5;2;
2015;C2047;6;1;14;01;1;21000;- Non identificato -;5;2;
2015;C2047;7;1;14;01;1;21000;- Non identificato -;5;2;
2015;C2047;8;1;00;;;;;;;
2015;C2047;9;1;14;01;1;21000;- Non identificato -;5;2;
2015;C2047;10;1;14;01;1;21000;- Non identificato -;5;2;
2015;C2047;11;1;14;01;1;21000;- Non identificato -;5;2;
2015;C2047;12;1;14;01;1;21000;- Non identificato -;5;2;
2015;C2047;13;1;00;;;;;;;
2015;C2047;15;1;14;01;1;21000;- Non identificato -;5;2;
2015;C2047;16;1;14;01;1;21000;- Non identificato -;5;2;
2015;C2047;18;1;00;;;;;;;
2015;C2047;19;1;00;;;;;;;
2015;C2047;20;1;00;;;;;;;
2015;C2047;21;1;14;01;1;21000;- Non identificato -;5;2;
2015;C2047;22;1;14;01;1;21000;- Non identificato -;5;2;
2015;C2047;23;1;00;;;;;;;
2015;C2047;24;1;14;01;1;21000;- Non identificato -;5;2;
2015;C2047;25;1;14;01;1;21000;- Non identificato -;5;2;
2015;C2047;26;1;21;14;1;21000;- Non identificato -;5;2;
2015;C2047;27;1;14;01;1;21000;- Non identificato -;5;2;
2015;C2047;28;1;21;14;1;21000;- Non identificato -;5;2;
2015;C2047;29;1;14;01;1;21000;- Non identificato -;5;2;
2015;C2047;30;1;00;;;;;;;
2015;C2047;31;1;00;;;;;;;
2015;C2047;32;1;14;01;1;21000;- Non identificato -;5;2;
2015;C2047;33;1;14;01;1;21000;- Non identificato -;5;2;
2015;C2047;34;1;14;01;1;21000;- Non identificato -;5;2;
2015;C2047;35;1;00;;;;;;;
2015;C2047;36;1;14;01;1;21000;- Non identificato -;5;2;
2015;C2047;37;1;14;01;1;21000;- Non identificato -;5;2;
2015;C2047;38;1;14;01;1;21000;- Non identificato -;5;2;
2015;C2047;39;1;14;01;1;21000;- Non identificato -;5;2;
2015;C2047;40;1;14;01;1;21000;- Non identificato -;5;2;
2015;C2047;41;1;14;01;1;21000;- Non identificato -;5;2;
2015;C2048;1;1;32;12;3;14300;14300 - Picidae;;;
2015;C2048;2;1;32;12;3;14300;14300 - Picidae;;;
2015;C2048;3;1;11;03;1;99900;99900 - Fattori investigati ma non identificati;5;2;
2015;C2048;4;1;11;03;1;99900;99900 - Fattori investigati ma non identificati;5;2;
2015;C2048;4;2;32;12;3;14300;14300 - Picidae;;;
2015;C2048;5;1;11;03;1;99900;99900 - Fattori investigati ma non identificati;5;2;
2015;C2048;5;2;32;12;3;14300;14300 - Picidae;;;
2015;C2048;6;1;32;12;3;14300;14300 - Picidae;;;
2015;C2048;7;1;11;03;1;99900;99900 - Fattori investigati ma non identificati;5;2;
2015;C2048;7;2;32;12;3;14300;14300 - Picidae;;;
2015;C2048;8;1;32;12;3;14300;14300 - Picidae;;;
2015;C2048;9;1;11;03;1;99900;99900 - Fattori investigati ma non identificati;5;2;
2015;C2048;9;2;32;12;3;14300;14300 - Picidae;;;
2015;C2048;10;1;00;;;;;;;
2015;C2048;11;1;22;14;2;99900;99900 - Fattori investigati ma non identificati;5;2;
2015;C2048;12;1;00;;;;;;;
2015;C2048;13;1;00;;;;;;;
2015;C2048;14;1;11;03;1;99900;99900 - Fattori investigati ma non identificati;5;2;
2015;C2048;14;2;32;12;3;14300;14300 - Picidae;;;
2015;C2048;15;1;32;12;3;14300;14300 - Picidae;;;
2015;C2048;32;1;11;03;1;99900;99900 - Fattori investigati ma non identificati;5;2;
2015;C2048;33;1;00;;;;;;;
2015;C2048;34;1;00;;;;;;;
2015;C2048;35;1;00;;;;;;;
2015;C2048;36;1;00;;;;;;;
2015;C2048;37;1;00;;;;;;;
2015;C2048;38;1;11;01;1;99900;99900 - Fattori investigati ma non identificati;5;2;
2015;C2048;39;1;00;;;;;;;
2015;C2048;40;1;11;03;1;99900;99900 - Fattori investigati ma non identificati;5;2;
2015;C2048;41;1;11;01;1;99900;99900 - Fattori investigati ma non identificati;5;2;
2015;C2048;42;1;00;;;;;;;
2015;C2048;43;1;11;03;1;99900;99900 - Fattori investigati ma non identificati;5;2;
2015;C2049;1;1;14;01;1;21000;- Non identificato -;10;2;
2015;C2049;2;1;14;01;1;21000;- Non identificato -;10;2;
2015;C2049;4;1;14;01;1;21000;- Non identificato -;10;2;
2015;C2049;5;1;14;01;1;21000;- Non identificato -;10;2;
2015;C2049;8;1;14;01;1;21000;- Non identificato -;10;2;
2015;C2049;10;1;14;01;1;21000;- Non identificato -;10;2;
2015;C2049;23;1;14;01;1;21000;- Non identificato -;10;2;
2015;C2049;31;1;14;01;1;21000;- Non identificato -;10;2;
2015;C2049;32;1;14;01;1;21000;- Non identificato -;15;2;
2015;C2049;33;1;14;01;1;21000;- Non identificato -;10;2;
2015;C2049;34;1;14;01;1;21000;- Non identificato -;10;2;
2015;C2049;35;1;14;01;1;21000;- Non identificato -;10;2;
2015;C2049;36;1;14;01;1;21000;- Non identificato -;10;2;
2015;C2049;37;1;14;01;1;21000;- Non identificato -;10;2;
2015;C2049;38;1;14;01;1;21000;- Non identificato -;10;2;
2015;C2049;39;1;14;01;1;21000;- Non identificato -;10;2;
2015;C2049;40;1;14;01;1;21000;- Non identificato -;10;2;
2015;C2049;41;1;14;01;1;21000;- Non identificato -;10;2;
2015;C2049;42;1;14;01;1;21000;- Non identificato -;10;2;
2015;C2049;43;1;14;01;1;21000;- Non identificato -;10;2;
2015;C2049;44;1;14;01;1;21000;- Non identificato -;10;2;
2015;C2050;13;1;00;;;;;;;
2015;C2050;14;1;00;;;;;;;
2015;C2050;15;1;00;;;;;;;
2015;C2050;16;1;00;;;;;;;
2015;C2050;17;1;00;;;;;;;
2015;C2050;30;1;00;;;;;;;
2015;C2050;31;1;00;;;;;;;
2015;C2050;32;1;00;;;;;;;
2015;C2050;33;1;00;;;;;;;
2015;C2050;34;1;00;;;;;;;
2015;C2050;35;1;00;;;;;;;
2015;C2050;36;1;00;;;;;;;
2015;C2050;37;1;00;;;;;;;
2015;C2050;38;1;00;;;;;;;
2015;C2051;3;1;14;01;1;21000;- Non identificato -;10;2;
2015;C2051;4;1;14;01;1;21000;- Non identificato -;10;2;
2015;C2051;4;2;21;14;1;99900;99900 - Fattori investigati ma non identificati;5;2;
2015;C2051;5;1;14;01;1;21000;- Non identificato -;5;2;
2015;C2051;5;2;21;14;1;99900;99900 - Fattori investigati ma non identificati;5;2;
2015;C2051;7;1;14;01;1;21000;- Non identificato -;15;2;
2015;C2051;7;2;21;14;1;99900;99900 - Fattori investigati ma non identificati;10;2;
2015;C2051;8;1;14;01;1;21000;- Non identificato -;10;2;
2015;C2051;8;2;21;14;1;99900;99900 - Fattori investigati ma non identificati;10;2;
2015;C2051;9;1;14;01;1;21000;- Non identificato -;10;2;
2015;C2051;9;2;21;14;1;99900;99900 - Fattori investigati ma non identificati;10;2;
2015;C2051;10;1;14;01;1;21000;- Non identificato -;10;2;
2015;C2051;10;2;21;14;1;99900;99900 - Fattori investigati ma non identificati;10;2;
2015;C2051;11;1;14;01;1;21000;- Non identificato -;10;2;
2015;C2051;11;2;21;14;1;99900;99900 - Fattori investigati ma non identificati;10;2;
2015;C2051;12;1;14;01;1;21000;- Non identificato -;20;2;
2015;C2051;12;2;21;14;1;99900;99900 - Fattori investigati ma non identificati;5;2;
2015;C2051;13;1;14;01;1;21000;- Non identificato -;15;2;
2015;C2051;13;2;21;14;1;99900;99900 - Fattori investigati ma non identificati;5;2;
2015;C2051;14;1;14;01;1;21000;- Non identificato -;10;2;
2015;C2051;15;1;14;01;1;21000;- Non identificato -;15;2;
2015;C2051;15;2;21;14;1;99900;99900 - Fattori investigati ma non identificati;10;2;
2015;C2051;16;1;14;01;1;21000;- Non identificato -;15;2;
2015;C2051;16;2;21;14;1;99900;99900 - Fattori investigati ma non identificati;10;2;
2015;C2051;16;3;22;14;2;99900;99900 - Fattori investigati ma non identificati;10;2;
2015;C2051;17;1;14;01;1;21000;- Non identificato -;10;2;
2015;C2051;17;2;21;01;1;99900;99900 - Fattori investigati ma non identificati;5;2;
2015;C2051;18;1;14;01;1;21000;- Non identificato -;10;2;
2015;C2051;19;1;14;01;1;21000;- Non identificato -;10;2;
2015;C2051;19;2;21;14;1;99900;99900 - Fattori investigati ma non identificati;5;2;
2015;C2051;22;1;14;01;1;21000;- Non identificato -;20;2;
2015;C2051;22;2;21;14;1;99900;99900 - Fattori investigati ma non identificati;15;2;
2015;C2051;22;3;23;14;2;99900;99900 - Fattori investigati ma non identificati;15;2;
2015;C2051;23;1;14;01;1;21000;- Non identificato -;10;2;
2015;C2051;23;2;21;14;1;99900;99900 - Fattori investigati ma non identificati;10;2;
2015;C2051;24;1;14;01;1;21000;- Non identificato -;10;2;
2015;C2051;24;2;21;14;1;99900;99900 - Fattori investigati ma non identificati;5;2;
2015;C2051;25;1;14;01;1;21000;- Non identificato -;10;2;
2015;C2051;26;1;14;01;1;21000;- Non identificato -;10;2;
2015;C2051;27;1;14;01;1;21000;- Non identificato -;10;2;
2015;C2051;27;2;21;14;1;99900;99900 - Fattori investigati ma non identificati;5;2;
2015;C2051;28;1;14;01;1;21000;- Non identificato -;10;2;
2015;C2051;28;2;21;14;1;99900;99900 - Fattori investigati ma non identificati;5;2;
2015;C2051;29;1;14;01;1;21000;- Non identificato -;10;2;
2015;C2051;30;1;14;01;1;21000;- Non identificato -;10;2;
2015;C2051;31;1;14;01;1;21000;- Non identificato -;15;2;
2015;C2051;31;2;21;14;1;99900;99900 - Fattori investigati ma non identificati;10;2;
2015;C2051;32;1;14;01;1;21000;- Non identificato -;15;2;
2015;C2051;32;2;21;14;1;99900;99900 - Fattori investigati ma non identificati;10;2;
2015;C2066;1;1;14;01;1;99900;99900 - Fattori investigati ma non identificati;5;2;
2015;C2066;2;1;14;01;1;21000;- Non identificato -;5;2;
2015;C2066;2;2;14;03;1;42200;42200 - Siccità/aridità;5;2;
2015;C2066;3;1;25;14;1;99900;99900 - Fattori investigati ma non identificati;5;2;
2015;C2066;3;2;14;02;1;42200;42200 - Siccità/aridità;10;2;
2015;C2066;3;3;14;01;1;21000;- Non identificato -;5;2;
2015;C2066;4;1;14;01;1;99900;99900 - Fattori investigati ma non identificati;5;2;
2015;C2066;4;2;14;02;1;99900;99900 - Fattori investigati ma non identificati;10;2;
2015;C2066;6;1;14;01;1;21000;- Non identificato -;5;2;
2015;C2066;6;2;14;02;1;99900;99900 - Fattori investigati ma non identificati;5;2;
2015;C2066;8;1;14;01;1;21000;- Non identificato -;10;2;
2015;C2066;8;2;14;02;1;99900;99900 - Fattori investigati ma non identificati;5;2;
2015;C2066;9;1;21;14;1;99900;99900 - Fattori investigati ma non identificati;5;2;
2015;C2066;9;2;14;01;1;21000;- Non identificato -;5;2;
2015;C2066;9;3;14;02;1;42200;42200 - Siccità/aridità;5;2;
2015;C2066;32;1;14;01;1;99900;99900 - Fattori investigati ma non identificati;5;2;
2015;C2066;32;2;14;02;1;99900;99900 - Fattori investigati ma non identificati;5;2;
2015;C2066;33;1;14;01;1;21000;- Non identificato -;5;2;
2015;C2066;33;2;14;04;1;42200;42200 - Siccità/aridità;10;2;
2015;C2066;34;1;34;12;3;81005;81005 - Clematis sp.;;;
2015;C2066;35;1;00;;;;;;;
2015;C2066;36;1;14;01;1;21000;- Non identificato -;5;2;
2015;C0514;57;1;14;01;1;99900;99900 - Fattori investigati ma non identificati;10;2;
2015;C0514;59;3;34;21;3;99900;99900 - Fattori investigati ma non identificati;;;
2015;C0514;59;2;14;06;1;99900;99900 - Fattori investigati ma non identificati;20;2;
2015;C0514;59;1;14;01;1;99900;99900 - Fattori investigati ma non identificati;40;2;
2015;C0514;58;1;14;01;1;99900;99900 - Fattori investigati ma non identificati;10;2;
2015;C0514;56;2;14;06;1;99900;99900 - Fattori investigati ma non identificati;10;2;
2015;C0514;56;1;14;01;1;99900;99900 - Fattori investigati ma non identificati;10;2;
2015;C0514;55;2;13;03;1;99900;99900 - Fattori investigati ma non identificati;10;2;
2015;C0514;55;1;13;01;1;99900;99900 - Fattori investigati ma non identificati;10;2;
2015;C0514;54;1;14;03;1;99900;99900 - Fattori investigati ma non identificati;10;2;
2015;C0514;53;2;13;03;1;99900;99900 - Fattori investigati ma non identificati;10;2;
2015;C0514;53;1;13;01;1;99900;99900 - Fattori investigati ma non identificati;20;2;
2015;C0514;52;4;22;14;1;99900;99900 - Fattori investigati ma non identificati;5;2;
2015;C0514;52;3;14;03;1;99900;99900 - Fattori investigati ma non identificati;10;2;
2015;C0514;52;2;14;06;1;99900;99900 - Fattori investigati ma non identificati;5;2;
2015;C0514;52;1;14;01;1;99900;99900 - Fattori investigati ma non identificati;10;2;
2015;C0514;51;1;14;02;1;99900;99900 - Fattori investigati ma non identificati;5;2;
2015;C0514;50;2;14;01;1;99900;99900 - Fattori investigati ma non identificati;20;2;
2015;C0514;50;1;14;06;1;99900;99900 - Fattori investigati ma non identificati;10;2;
2015;C0514;49;3;21;14;1;99900;99900 - Fattori investigati ma non identificati;5;2;
2015;C0514;49;2;14;06;1;99900;99900 - Fattori investigati ma non identificati;10;2;
2015;C0514;49;1;14;01;1;99900;99900 - Fattori investigati ma non identificati;20;2;
2015;C0514;48;1;14;06;1;99900;99900 - Fattori investigati ma non identificati;10;2;
2015;C0514;47;3;21;14;1;99900;99900 - Fattori investigati ma non identificati;5;2;
2015;C0514;47;2;14;06;1;99900;99900 - Fattori investigati ma non identificati;10;2;
2015;C0514;47;1;14;01;1;99900;99900 - Fattori investigati ma non identificati;30;2;
2015;C0514;46;1;14;06;1;99900;99900 - Fattori investigati ma non identificati;5;2;
2015;C0514;45;2;14;01;1;99900;99900 - Fattori investigati ma non identificati;20;2;
2015;C0514;45;1;14;06;1;99900;99900 - Fattori investigati ma non identificati;10;2;
2015;C0514;44;1;14;01;1;99900;99900 - Fattori investigati ma non identificati;5;2;
2015;C0514;43;1;14;01;1;99900;99900 - Fattori investigati ma non identificati;5;2;
2015;C0514;42;1;14;01;1;99900;99900 - Fattori investigati ma non identificati;5;2;
2015;C0514;41;1;14;01;1;99900;99900 - Fattori investigati ma non identificati;10;2;
2015;C0514;40;1;14;01;1;99900;99900 - Fattori investigati ma non identificati;10;2;
2015;C0514;39;2;25;12;3;81005;81005 - Clematis sp.;;;
2015;C0514;39;1;14;01;1;99900;99900 - Fattori investigati ma non identificati;10;2;
2015;C0514;38;4;34;21;2;99900;99900 - Fattori investigati ma non identificati;;;
2015;C0514;38;3;22;14;1;99900;99900 - Fattori investigati ma non identificati;10;2;
2015;C0514;38;2;14;01;1;99900;99900 - Fattori investigati ma non identificati;20;2;
2015;C0514;38;1;14;06;1;99900;99900 - Fattori investigati ma non identificati;20;2;
2015;C0514;36;1;22;14;1;99900;99900 - Fattori investigati ma non identificati;10;2;
2015;C0514;35;1;14;06;1;99900;99900 - Fattori investigati ma non identificati;10;2;
2015;C0514;31;2;14;02;1;99900;99900 - Fattori investigati ma non identificati;10;2;
2015;C0514;31;1;14;01;1;99900;99900 - Fattori investigati ma non identificati;10;2;
2015;C0514;14;3;23;14;1;99900;99900 - Fattori investigati ma non identificati;50;2;
2015;C0514;14;2;13;03;1;99900;99900 - Fattori investigati ma non identificati;50;2;
2015;C0514;14;1;13;01;1;99900;99900 - Fattori investigati ma non identificati;60;2;
2015;C0514;10;2;13;02;1;99900;99900 - Fattori investigati ma non identificati;10;2;
2015;C0514;10;1;13;01;1;99900;99900 - Fattori investigati ma non identificati;10;2;
2015;C0514;9;2;13;03;1;99900;99900 - Fattori investigati ma non identificati;10;2;
2015;C0514;9;1;13;01;1;99900;99900 - Fattori investigati ma non identificati;10;2;
2015;C0514;7;3;13;03;1;99900;99900 - Fattori investigati ma non identificati;10;2;
2015;C0514;7;2;22;14;1;99900;99900 - Fattori investigati ma non identificati;10;2;
2015;C0514;7;1;13;01;1;99900;99900 - Fattori investigati ma non identificati;20;2;
2015;C0514;6;2;13;02;1;99900;99900 - Fattori investigati ma non identificati;10;2;
2015;C0514;6;1;13;01;1;99900;99900 - Fattori investigati ma non identificati;20;2;
2015;C0514;4;2;13;02;1;99900;99900 - Fattori investigati ma non identificati;10;2;
2015;C0514;4;1;13;01;1;99900;99900 - Fattori investigati ma non identificati;20;2;
2015;C0514;3;2;13;02;1;99900;99900 - Fattori investigati ma non identificati;10;2;
2015;C0514;3;1;13;01;1;99900;99900 - Fattori investigati ma non identificati;20;2;
2015;C0514;2;3;22;14;1;99900;99900 - Fattori investigati ma non identificati;20;2;
2015;C0514;2;2;13;02;1;99900;99900 - Fattori investigati ma non identificati;10;2;
2015;C0514;2;1;13;01;1;99900;99900 - Fattori investigati ma non identificati;20;2;
2015;C0514;12;1;14;01;1;99900;99900 - Fattori investigati ma non identificati;10;2;
2015;C0563;2;1;14;01;1;99900;99900 - Fattori investigati ma non identificati;40;2;
2015;C0563;2;2;34;08;2;30900;Cryphonectria parasitica = Endothia parasitica;20;2;
2015;C0563;2;3;22;14;1;99900;99900 - Fattori investigati ma non identificati;10;2;
2015;C0563;3;1;14;01;1;99900;99900 - Fattori investigati ma non identificati;30;2;
2015;C0563;3;2;22;14;1;99900;99900 - Fattori investigati ma non identificati;20;2;
2015;C0563;3;3;23;08;2;30900;Cryphonectria parasitica = Endothia parasitica;20;2;
2015;C0563;3;4;32;08;2;30900;Cryphonectria parasitica = Endothia parasitica;60;2;
2015;C0563;3;5;14;08;1;27000;- Non identificato -;10;2;
2015;C0563;4;1;14;01;1;99900;99900 - Fattori investigati ma non identificati;30;2;
2015;C0563;4;2;14;08;1;99900;99900 - Fattori investigati ma non identificati;10;2;
2015;C0563;4;3;14;08;1;27000;- Non identificato -;10;2;
2015;C0563;4;4;31;08;2;30900;Cryphonectria parasitica = Endothia parasitica;70;2;
2015;C0563;4;5;24;08;2;30900;Cryphonectria parasitica = Endothia parasitica;100;2;
2015;C0563;4;6;22;14;1;99900;99900 - Fattori investigati ma non identificati;10;2;
2015;C0563;9;1;14;01;1;99900;99900 - Fattori investigati ma non identificati;10;2;
2015;C0563;9;2;14;06;1;99900;99900 - Fattori investigati ma non identificati;10;2;
2015;C0563;11;1;14;01;1;99900;99900 - Fattori investigati ma non identificati;30;2;
2015;C0563;11;2;22;14;1;99900;99900 - Fattori investigati ma non identificati;20;2;
2015;C0563;11;3;14;04;1;99900;99900 - Fattori investigati ma non identificati;20;2;
2015;C0563;11;4;23;08;2;30900;Cryphonectria parasitica = Endothia parasitica;10;2;
2015;C0563;11;5;34;08;2;30900;Cryphonectria parasitica = Endothia parasitica;100;2;
2015;C0563;12;1;14;04;1;99900;99900 - Fattori investigati ma non identificati;10;2;
2015;C0563;12;2;14;01;1;99900;99900 - Fattori investigati ma non identificati;40;2;
2015;C0563;12;3;23;08;2;30900;Cryphonectria parasitica = Endothia parasitica;20;2;
2015;C0563;12;4;34;08;2;30900;Cryphonectria parasitica = Endothia parasitica;100;2;
2015;C0563;35;1;14;01;1;99900;99900 - Fattori investigati ma non identificati;30;2;
2015;C0563;35;2;22;14;1;99900;99900 - Fattori investigati ma non identificati;30;2;
2015;C0563;35;3;14;06;1;99900;99900 - Fattori investigati ma non identificati;10;2;
2015;C0563;35;4;32;08;3;30900;Cryphonectria parasitica = Endothia parasitica;50;2;
2015;C0563;38;1;22;14;1;99900;99900 - Fattori investigati ma non identificati;10;2;
2015;C0563;38;2;14;04;1;99900;99900 - Fattori investigati ma non identificati;10;2;
2015;C0563;38;3;24;12;3;81006;81006 - Altre piante parassite/epifite/ramp.;;;
2015;C0563;39;1;14;01;1;99900;99900 - Fattori investigati ma non identificati;20;2;
2015;C0563;39;2;14;08;1;99900;99900 - Fattori investigati ma non identificati;10;2;
2015;C0563;39;3;24;12;3;81006;81006 - Altre piante parassite/epifite/ramp.;;;
2015;C0563;39;4;22;14;1;99900;99900 - Fattori investigati ma non identificati;10;2;
2015;C0563;39;5;14;04;1;99900;99900 - Fattori investigati ma non identificati;10;2;
2015;C0563;41;1;14;01;1;99900;99900 - Fattori investigati ma non identificati;20;2;
2015;C0563;41;2;14;04;1;99900;99900 - Fattori investigati ma non identificati;20;2;
2015;C0563;41;3;22;14;1;99900;99900 - Fattori investigati ma non identificati;30;2;
2015;C0563;41;4;23;08;2;30900;Cryphonectria parasitica = Endothia parasitica;100;2;
2015;C0563;42;1;14;01;1;99900;99900 - Fattori investigati ma non identificati;10;2;
2015;C0563;42;2;14;06;1;99900;99900 - Fattori investigati ma non identificati;10;2;
2015;C0563;43;1;14;01;1;99900;99900 - Fattori investigati ma non identificati;5;2;
2015;C0563;43;2;23;14;1;99900;99900 - Fattori investigati ma non identificati;10;2;
2015;C0563;43;3;33;21;2;99900;99900 - Fattori investigati ma non identificati;;;
2015;C0563;44;1;14;01;1;99900;99900 - Fattori investigati ma non identificati;20;2;
2015;C0563;44;2;22;14;1;99900;99900 - Fattori investigati ma non identificati;10;2;
2015;C0563;44;3;14;03;1;99900;99900 - Fattori investigati ma non identificati;10;2;
2015;C0563;44;4;32;08;1;30900;Cryphonectria parasitica = Endothia parasitica;60;2;
2015;C0563;45;1;14;01;1;99900;99900 - Fattori investigati ma non identificati;40;2;
2015;C0563;45;2;14;04;1;99900;99900 - Fattori investigati ma non identificati;30;2;
2015;C0563;45;3;22;14;1;99900;99900 - Fattori investigati ma non identificati;20;2;
2015;C0563;45;4;25;08;2;30900;Cryphonectria parasitica = Endothia parasitica;100;2;
2015;C0563;45;5;34;08;2;30900;Cryphonectria parasitica = Endothia parasitica;100;2;
2015;C0563;46;1;14;01;1;99900;99900 - Fattori investigati ma non identificati;10;2;
2015;C0563;46;2;14;08;1;99900;99900 - Fattori investigati ma non identificati;10;2;
2015;C0563;46;3;22;14;1;99900;99900 - Fattori investigati ma non identificati;10;2;
2015;C0563;46;4;14;04;1;99900;99900 - Fattori investigati ma non identificati;10;2;
2015;C0563;47;1;14;01;1;99900;99900 - Fattori investigati ma non identificati;10;2;
2015;C0563;47;2;22;14;1;99900;99900 - Fattori investigati ma non identificati;20;2;
2015;C0563;47;3;14;04;1;99900;99900 - Fattori investigati ma non identificati;5;2;
2015;C0563;47;4;24;08;1;99900;99900 - Fattori investigati ma non identificati;80;2;
2015;C0563;48;1;14;01;1;99900;99900 - Fattori investigati ma non identificati;20;2;
2015;C0563;48;2;14;08;1;99900;99900 - Fattori investigati ma non identificati;20;2;
2015;C0563;48;3;14;04;1;99900;99900 - Fattori investigati ma non identificati;20;2;
2015;C0563;48;4;22;14;1;99900;99900 - Fattori investigati ma non identificati;20;2;
2015;C0563;48;5;23;12;3;81006;81006 - Altre piante parassite/epifite/ramp.;;;
2015;C0563;48;6;34;12;3;81003;81003 - Hedera helix;;;
2015;C0563;49;1;14;01;1;99900;99900 - Fattori investigati ma non identificati;20;2;
2015;C0563;49;2;14;08;1;99900;99900 - Fattori investigati ma non identificati;20;2;
2015;C0563;49;3;22;14;1;99900;99900 - Fattori investigati ma non identificati;10;2;
2015;C0563;49;4;14;04;1;99900;99900 - Fattori investigati ma non identificati;10;2;
2015;C0563;50;1;14;01;1;99900;99900 - Fattori investigati ma non identificati;20;2;
2015;C0563;50;2;14;08;1;99900;99900 - Fattori investigati ma non identificati;10;2;
2015;C0563;50;3;14;04;1;99900;99900 - Fattori investigati ma non identificati;20;2;
2015;C0563;50;4;22;14;1;99900;99900 - Fattori investigati ma non identificati;10;2;
2015;C0563;50;5;32;08;2;30900;Cryphonectria parasitica = Endothia parasitica;40;2;
2015;C0563;50;6;23;08;2;30900;Cryphonectria parasitica = Endothia parasitica;100;2;
2015;C0563;51;1;14;01;1;99900;99900 - Fattori investigati ma non identificati;20;2;
2015;C0563;51;2;14;08;1;99900;99900 - Fattori investigati ma non identificati;10;2;
2015;C0563;51;3;14;04;1;99900;99900 - Fattori investigati ma non identificati;10;2;
2015;C0563;51;4;22;14;1;99900;99900 - Fattori investigati ma non identificati;10;2;
2015;C0563;51;5;32;08;2;30900;Cryphonectria parasitica = Endothia parasitica;50;2;
2015;C0563;52;1;14;01;1;99900;99900 - Fattori investigati ma non identificati;20;2;
2015;C0563;52;2;14;04;1;99900;99900 - Fattori investigati ma non identificati;20;2;
2015;C0563;52;3;22;14;1;99900;99900 - Fattori investigati ma non identificati;10;2;
2015;C0563;52;4;14;08;1;27000;- Non identificato -;10;2;
2015;C0563;53;1;14;01;1;99900;99900 - Fattori investigati ma non identificati;20;2;
2015;C0563;53;2;14;04;1;99900;99900 - Fattori investigati ma non identificati;20;2;
2015;C0563;53;3;14;08;1;27000;- Non identificato -;10;2;
2015;C0563;53;4;22;14;1;99900;99900 - Fattori investigati ma non identificati;20;2;
2015;C0563;53;5;34;21;2;99900;99900 - Fattori investigati ma non identificati;;;
2015;C0563;40;1;04;;1;99900;99900 - Fattori investigati ma non identificati;;;
2015;C2008;1;1;14;01;1;99900;99900 - Fattori investigati ma non identificati;15;2;
2015;C2008;1;2;32;12;2;42700;42700 - Fulmine;;;
2015;C2008;2;1;14;01;1;21000;- Non identificato -;20;2;
2015;C2008;2;2;33;12;2;99900;99900 - Fattori investigati ma non identificati;;;fessura corticale
2015;C2008;3;1;14;01;1;21000;- Non identificato -;5;2;
2015;C2008;3;2;22;14;1;99900;99900 - Fattori investigati ma non identificati;5;2;
2015;C2008;8;1;33;17;2;99900;99900 - Fattori investigati ma non identificati;;1;
2015;C2008;11;1;00;;;;;;;
2015;C2008;12;1;14;01;1;21000;- Non identificato -;5;2;
2015;C2008;13;1;00;;;;;;;macrofillia foglie di luce
2015;C2008;14;1;00;;;;;;;macrofillia foglie di luce
2015;C2008;17;1;14;03;1;99900;99900 - Fattori investigati ma non identificati;;1;
2015;C2008;21;1;14;03;1;99900;99900 - Fattori investigati ma non identificati;5;2;
2015;C2008;31;1;14;02;1;99900;99900 - Fattori investigati ma non identificati;0;2;
2015;C2008;21;2;22;14;1;99900;99900 - Fattori investigati ma non identificati;5;2;
2015;C2008;21;3;32;08;3;99900;99900 - Fattori investigati ma non identificati;;1;
2015;C2008;21;4;21;14;1;99900;99900 - Fattori investigati ma non identificati;5;2;
2015;C2008;33;1;14;03;1;99900;99900 - Fattori investigati ma non identificati;5;2;
2015;C2008;34;1;14;03;1;99900;99900 - Fattori investigati ma non identificati;5;2;
2015;C2008;35;1;14;03;1;99900;99900 - Fattori investigati ma non identificati;5;2;
2015;C2008;36;1;33;12;2;99900;99900 - Fattori investigati ma non identificati;;;
2015;C2008;39;1;14;01;1;99900;99900 - Fattori investigati ma non identificati;5;2;
2015;C2008;40;1;14;01;1;99900;99900 - Fattori investigati ma non identificati;5;2;
2015;C2008;41;1;14;08;1;99900;99900 - Fattori investigati ma non identificati;10;2;
2015;C2008;12;2;32;08;3;99900;99900 - Fattori investigati ma non identificati;;1;
2015;C2008;40;2;32;08;2;99900;99900 - Fattori investigati ma non identificati;;1;
2015;C2008;41;2;32;08;2;99900;99900 - Fattori investigati ma non identificati;;1;
2015;C2008;3;3;32;16;2;99900;99900 - Fattori investigati ma non identificati;;1;
2015;C2008;39;2;32;12;2;99900;99900 - Fattori investigati ma non identificati;;;
2015;C2008;31;2;32;12;2;99900;99900 - Fattori investigati ma non identificati;;;
2015;C2008;35;2;33;12;2;43400;43400 - Caduta rocce;;;
2015;C2008;16;1;32;08;3;99900;99900 - Fattori investigati ma non identificati;;1;
2015;C2008;41;3;32;08;2;99900;99900 - Fattori investigati ma non identificati;;1;
2015;C2008;1;3;34;08;3;99900;99900 - Fattori investigati ma non identificati;50;2;Tumore
2015;C2008;12;3;14;10;1;27000;Cynips caput-medusae;;;
2015;C0449;41;1;21;14;1;99900;99900 - Fattori investigati ma non identificati;5;2;
2015;C0161;1;1;14;01;1;99900;99900 - Fattori investigati ma non identificati;5;2;
2015;C0475;22;2;25;14;3;22000;Coroebus florentinus;10;2;
2015;C0475;27;2;22;14;3;22000;Coroebus florentinus;5;2;
2015;C0475;27;1;14;01;1;21000;- Non identificato -;5;2;
2015;C0475;23;1;00;;;;;;;
2015;C0475;22;1;14;03;1;22000;Coroebus florentinus;10;2;
2015;C0475;18;3;25;14;3;30900;Cryphonectria parasitica = Endothia parasitica;50;2;
2015;C0475;18;1;14;08;1;27000;- Non identificato -;50;2;dryocosmus
2015;C0475;18;2;34;08;3;30900;Cryphonectria parasitica = Endothia parasitica;75;2;
2015;C0475;11;1;22;14;3;22000;Coroebus florentinus;5;2;
2015;C0475;13;1;25;14;3;99900;99900 - Fattori investigati ma non identificati;5;2;
2015;C0475;14;1;14;08;1;42600;42600 - Calore/colpo di calore;30;2;imbarcamento
2015;C0475;15;1;14;08;1;42600;42600 - Calore/colpo di calore;15;2;imbarcamento
2015;C0056;4;1;11;01;1;99900;99900 - Fattori investigati ma non identificati;25;2;
2015;C0056;3;1;11;01;1;99900;99900 - Fattori investigati ma non identificati;10;2;
2015;C0056;3;2;32;18;1;99900;99900 - Fattori investigati ma non identificati;5;2;
2015;C0056;2;1;11;01;1;99900;99900 - Fattori investigati ma non identificati;10;2;
2015;C0056;2;2;32;18;1;99900;99900 - Fattori investigati ma non identificati;5;2;
2015;C0056;2;3;33;17;2;54000;54000 - Operazioni selvicolturali;15;2;
2015;C0056;1;1;11;01;1;99900;99900 - Fattori investigati ma non identificati;5;2;
2015;C0056;1;2;32;17;2;43400;43400 - Caduta rocce;5;2;
2015;C0056;43;1;14;01;1;99900;99900 - Fattori investigati ma non identificati;15;2;
2015;C0056;43;2;32;17;2;43400;43400 - Caduta rocce;5;2;
2015;C0056;2;4;26;01;2;99900;99900 - Fattori investigati ma non identificati;30;2;
2015;C0056;44;1;14;01;1;99900;99900 - Fattori investigati ma non identificati;5;2;
2015;C0056;45;1;14;01;1;99900;99900 - Fattori investigati ma non identificati;5;2;
2015;C0056;52;1;14;01;1;99900;99900 - Fattori investigati ma non identificati;5;2;
2015;C0056;52;2;32;17;2;99900;99900 - Fattori investigati ma non identificati;10;2;
2015;C0056;51;1;14;01;1;99900;99900 - Fattori investigati ma non identificati;5;2;
2015;C0056;51;2;32;17;2;43400;43400 - Caduta rocce;10;2;
2015;C0056;6;1;11;01;1;99900;99900 - Fattori investigati ma non identificati;5;2;
2015;C0056;7;1;11;01;1;99900;99900 - Fattori investigati ma non identificati;5;2;
2015;C0056;7;2;26;01;2;99900;99900 - Fattori investigati ma non identificati;10;2;
2015;C0056;10;1;11;01;1;99900;99900 - Fattori investigati ma non identificati;5;2;
2015;C0056;11;1;11;01;1;99900;99900 - Fattori investigati ma non identificati;5;2;
2015;C0056;14;1;11;01;1;99900;99900 - Fattori investigati ma non identificati;10;2;
2015;C0056;50;1;14;01;1;99900;99900 - Fattori investigati ma non identificati;5;2;
2015;C0056;53;1;14;01;1;99900;99900 - Fattori investigati ma non identificati;5;2;
2015;C0056;49;1;14;01;1;99900;99900 - Fattori investigati ma non identificati;10;2;
2015;C0056;48;1;14;01;1;99900;99900 - Fattori investigati ma non identificati;10;2;
2015;C0056;47;1;14;01;1;99900;99900 - Fattori investigati ma non identificati;10;2;
2015;C0056;47;2;33;17;2;43400;43400 - Caduta rocce;10;2;
2015;C0056;46;1;14;01;1;99900;99900 - Fattori investigati ma non identificati;5;2;
2015;C0057;2;1;00;;;;;;;
2015;C0057;3;1;00;;;;;;;
2015;C0057;4;1;00;;;;;;;
2015;C0057;36;1;32;17;2;54000;54000 - Operazioni selvicolturali;10;2;
2015;C0057;19;1;22;14;1;99900;99900 - Fattori investigati ma non identificati;5;2;
2015;C0057;20;1;22;14;1;99900;99900 - Fattori investigati ma non identificati;10;2;
2015;C0057;21;1;23;08;1;20000;20000 - Insetti;5;2;
2015;C0057;22;1;00;;;;;;;
2015;C0057;23;1;00;;;;;;;
2015;C0057;24;1;00;;;;;;;
2015;C0057;31;1;33;17;2;54000;54000 - Operazioni selvicolturali;15;2;
2015;C0057;32;1;22;14;1;99900;99900 - Fattori investigati ma non identificati;10;2;
2015;C0057;38;1;22;14;1;99900;99900 - Fattori investigati ma non identificati;5;2;
2015;C0057;37;1;00;;;;;;;
2015;C0057;39;1;00;;;;;;;
2015;C0057;5;1;32;17;2;54000;54000 - Operazioni selvicolturali;10;2;
2015;C0057;41;1;00;;;;;;;
2015;C0057;42;1;22;14;1;99900;99900 - Fattori investigati ma non identificati;10;2;
2015;C0057;40;1;00;;;;;;;
2015;C0057;44;1;00;;;;;;;
2015;C0057;45;1;33;17;2;54000;54000 - Operazioni selvicolturali;20;2;
2015;C0662;76;2;22;14;2;99900;99900 - Fattori investigati ma non identificati;15;2;
2015;C0662;76;1;22;14;3;99900;99900 - Fattori investigati ma non identificati;15;2;
2015;C0662;74;1;22;14;3;99900;99900 - Fattori investigati ma non identificati;5;2;
2015;C0662;75;1;22;14;3;99900;99900 - Fattori investigati ma non identificati;20;2;
2015;C0662;71;3;14;02;1;99900;99900 - Fattori investigati ma non identificati;5;2;
2015;C0662;71;2;14;01;1;21000;- Non identificato -;5;2;
2015;C0662;71;1;22;14;3;99900;99900 - Fattori investigati ma non identificati;5;2;
2015;C0662;69;1;22;14;1;99900;99900 - Fattori investigati ma non identificati;5;2;
2015;C0662;68;1;22;14;3;99900;99900 - Fattori investigati ma non identificati;10;2;
2015;C0788;36;1;00;;;;;;;
2015;C0788;37;1;21;14;1;99900;99900 - Fattori investigati ma non identificati;10;2;
2015;C0788;38;1;21;14;1;99900;99900 - Fattori investigati ma non identificati;15;2;
2015;C0132;45;1;14;01;1;99900;99900 - Fattori investigati ma non identificati;5;2;
2015;C0132;43;1;00;;;;;;;
2015;C0132;42;1;00;;;;;;;
2015;C0132;41;1;00;;;;;;;
2015;C0132;40;1;00;;;;;;;
2015;C0132;39;1;14;01;1;99900;99900 - Fattori investigati ma non identificati;10;2;
2015;C0132;37;1;00;;;;;;;
2015;C0132;38;1;22;14;1;99900;99900 - Fattori investigati ma non identificati;10;2;
2015;C0132;30;1;00;;;;;;;
2015;C0132;25;1;00;;;;;;;
2015;C0132;24;1;00;;;;;;;
2015;C0132;23;2;32;17;2;54000;54000 - Operazioni selvicolturali;20;2;
2015;C0132;18;1;00;;;;;;;
2015;C0132;23;1;22;14;1;99900;99900 - Fattori investigati ma non identificati;5;2;
2015;C0132;16;2;14;01;1;99900;99900 - Fattori investigati ma non identificati;10;2;
2015;C0132;17;1;14;01;1;99900;99900 - Fattori investigati ma non identificati;10;2;
2015;C0132;10;1;00;;;;;;;
2015;C0132;16;1;22;14;1;99900;99900 - Fattori investigati ma non identificati;10;2;
2015;C0131;47;1;14;01;1;42200;42200 - Siccità/aridità;15;2;
2015;C0131;45;1;00;;;;;;;
2015;C0131;46;1;14;01;1;42200;42200 - Siccità/aridità;15;2;
2015;C0131;43;1;00;;;;;;;
2015;C0131;44;1;00;;;;;;;
2015;C0131;38;1;00;;;;;;;
2015;C0131;29;2;14;01;1;21000;- Non identificato -;10;2;
2015;C0131;28;1;14;01;1;42200;42200 - Siccità/aridità;10;2;
2015;C0131;29;1;14;01;1;42200;42200 - Siccità/aridità;10;2;
2015;C0131;19;1;00;;;;;;;
2015;C0131;27;1;14;01;1;42200;42200 - Siccità/aridità;40;2;
2015;C0131;16;1;14;01;1;42200;42200 - Siccità/aridità;50;2;
2015;C0131;17;1;14;01;1;42200;42200 - Siccità/aridità;50;2;
2015;C0131;15;1;14;01;1;42200;42200 - Siccità/aridità;50;2;
2015;C0131;13;1;14;01;1;42200;42200 - Siccità/aridità;30;2;
2015;C0131;14;1;00;;;;;;;
2015;C0131;12;1;14;01;1;42200;42200 - Siccità/aridità;30;2;
2015;C0131;9;1;00;;;;;;;
2015;C0131;10;1;14;01;1;42200;42200 - Siccità/aridità;10;2;
2015;C0131;8;1;14;01;1;42200;42200 - Siccità/aridità;40;2;
2015;C0662;67;1;22;14;3;99900;99900 - Fattori investigati ma non identificati;10;2;
2015;C0662;65;2;14;01;1;21000;- Non identificato -;5;2;
2015;C0788;24;1;21;14;1;99900;99900 - Fattori investigati ma non identificati;10;2;
2015;C0788;2;1;21;14;1;99900;99900 - Fattori investigati ma non identificati;10;2;
2015;C0132;8;1;14;01;1;42200;42200 - Siccità/aridità;10;2;
2015;C0132;2;1;22;14;1;99900;99900 - Fattori investigati ma non identificati;5;2;
2015;C0132;1;1;14;01;1;99900;99900 - Fattori investigati ma non identificati;5;2;
2015;C0131;4;1;14;01;1;42200;42200 - Siccità/aridità;40;2;
2015;C0131;2;1;11;01;1;99900;99900 - Fattori investigati ma non identificati;10;2;
2015;C0131;1;1;11;01;1;99900;99900 - Fattori investigati ma non identificati;80;2;
2015;C0174;1;1;00;;;;;;;
2015;C0174;2;1;22;14;3;99900;99900 - Fattori investigati ma non identificati;15;2;
2015;C0174;2;2;12;01;3;99900;99900 - Fattori investigati ma non identificati;5;2;
2015;C0174;3;1;22;14;3;99900;99900 - Fattori investigati ma non identificati;5;2;
2015;C0174;3;2;13;03;1;99900;99900 - Fattori investigati ma non identificati;10;2;
2015;C0174;3;3;12;01;3;99900;99900 - Fattori investigati ma non identificati;5;2;
2015;C0174;5;1;00;;;;;;;
2015;C0174;6;1;00;;;;;;;
2015;C0174;9;1;00;;;;;;;
2015;C0174;11;1;00;;;;;;;
2015;C0174;12;1;00;;;;;;;
2015;C0174;15;1;22;14;3;99900;99900 - Fattori investigati ma non identificati;15;2;
2015;C0174;18;1;00;;;;;;;
2015;C0174;20;1;22;14;3;99900;99900 - Fattori investigati ma non identificati;5;2;
2015;C0174;36;1;11;01;1;21000;- Non identificato -;5;2;
2015;C0174;37;1;12;03;1;99900;99900 - Fattori investigati ma non identificati;25;2;
2015;C0174;38;1;12;03;1;99900;99900 - Fattori investigati ma non identificati;15;2;
2015;C0174;39;1;13;02;1;99900;99900 - Fattori investigati ma non identificati;50;2;
2015;C0174;39;2;13;06;3;99900;99900 - Fattori investigati ma non identificati;100;2;
2015;C0174;39;3;12;01;3;99900;99900 - Fattori investigati ma non identificati;10;2;
2015;C0174;41;1;00;;;;;;;
2015;C2062;2;1;12;01;3;99900;99900 - Fattori investigati ma non identificati;10;2;
2015;C2062;2;2;12;03;1;99900;99900 - Fattori investigati ma non identificati;5;2;
2015;C2062;2;3;22;14;3;99900;99900 - Fattori investigati ma non identificati;5;2;
2015;C2062;3;1;13;01;3;99900;99900 - Fattori investigati ma non identificati;20;2;
2015;C2062;3;2;22;14;3;99900;99900 - Fattori investigati ma non identificati;15;2;
2015;C2062;4;1;12;01;3;99900;99900 - Fattori investigati ma non identificati;25;2;
2015;C2062;4;2;22;14;3;99900;99900 - Fattori investigati ma non identificati;20;2;
2015;C2062;5;1;12;01;3;99900;99900 - Fattori investigati ma non identificati;15;2;
2015;C2062;5;2;22;14;3;99900;99900 - Fattori investigati ma non identificati;15;2;
2015;C2062;6;1;12;01;3;99900;99900 - Fattori investigati ma non identificati;5;2;
2015;C2062;6;2;22;14;3;99900;99900 - Fattori investigati ma non identificati;10;2;
2015;C2062;6;3;12;03;1;99900;99900 - Fattori investigati ma non identificati;5;2;
2015;C2062;7;1;22;14;3;99900;99900 - Fattori investigati ma non identificati;15;2;
2015;C2062;7;2;12;01;3;99900;99900 - Fattori investigati ma non identificati;10;2;
2015;C2062;7;3;22;10;1;21000;Thaumetopoea pityocampa;;;
2015;C2062;8;1;22;14;3;99900;99900 - Fattori investigati ma non identificati;10;2;
2015;C2062;8;2;12;01;3;99900;99900 - Fattori investigati ma non identificati;5;2;
2015;C2062;8;3;13;03;3;99900;99900 - Fattori investigati ma non identificati;5;2;
2015;C2062;9;1;12;01;3;99900;99900 - Fattori investigati ma non identificati;25;2;
2015;C2062;9;2;22;14;3;99900;99900 - Fattori investigati ma non identificati;15;2;
2015;C2062;9;3;13;03;1;99900;99900 - Fattori investigati ma non identificati;20;2;
2015;C2062;11;1;13;01;3;99900;99900 - Fattori investigati ma non identificati;25;2;
2015;C2062;11;2;22;14;3;99900;99900 - Fattori investigati ma non identificati;10;2;
2015;C2062;11;3;22;10;1;21000;Thaumetopoea pityocampa;;;
2015;C2062;12;1;22;14;3;99900;99900 - Fattori investigati ma non identificati;25;2;
2015;C2062;12;2;12;01;3;99900;99900 - Fattori investigati ma non identificati;20;2;
2015;C2062;12;3;12;03;1;99900;99900 - Fattori investigati ma non identificati;5;2;
2015;C2062;13;1;12;01;1;99900;99900 - Fattori investigati ma non identificati;25;2;
2015;C2062;13;2;22;14;3;99900;99900 - Fattori investigati ma non identificati;10;2;
2015;C2062;13;3;12;03;1;99900;99900 - Fattori investigati ma non identificati;10;2;
2015;C2062;14;1;12;01;3;99900;99900 - Fattori investigati ma non identificati;20;2;
2015;C2062;14;2;22;14;3;99900;99900 - Fattori investigati ma non identificati;10;2;
2015;C2062;14;3;13;03;1;99900;99900 - Fattori investigati ma non identificati;10;2;
2015;C2062;15;1;12;01;3;99900;99900 - Fattori investigati ma non identificati;10;2;
2015;C2062;16;1;12;01;3;99900;99900 - Fattori investigati ma non identificati;20;2;
2015;C2062;16;2;22;14;3;99900;99900 - Fattori investigati ma non identificati;5;2;
2015;C2062;17;1;12;01;3;99900;99900 - Fattori investigati ma non identificati;20;2;
2015;C2062;17;2;12;01;1;21000;Thaumetopoea pityocampa;10;2;
2015;C2062;17;3;22;14;3;99900;99900 - Fattori investigati ma non identificati;5;2;
2015;C2062;17;4;22;10;1;21000;Thaumetopoea pityocampa;;;
2015;C2062;18;1;12;01;1;99900;99900 - Fattori investigati ma non identificati;20;2;
2015;C2062;18;2;22;14;3;99900;99900 - Fattori investigati ma non identificati;10;2;
2015;C2062;18;3;13;03;1;99900;99900 - Fattori investigati ma non identificati;10;2;
2015;C2062;19;1;12;01;1;21000;Thaumetopoea pityocampa;20;2;
2015;C2062;19;2;12;01;3;99900;99900 - Fattori investigati ma non identificati;5;2;
2015;C2062;19;3;22;14;3;99900;99900 - Fattori investigati ma non identificati;5;2;
2015;C2062;19;4;22;10;1;21000;Thaumetopoea pityocampa;;;
2015;C2062;34;1;12;01;3;99900;99900 - Fattori investigati ma non identificati;20;2;
2015;C2062;34;2;22;14;3;99900;99900 - Fattori investigati ma non identificati;5;2;
2015;C2062;34;3;13;03;1;99900;99900 - Fattori investigati ma non identificati;30;2;
2015;C2062;35;1;14;02;1;30000;30000 - Funghi;5;2;
2015;C2063;1;1;25;14;3;99900;99900 - Fattori investigati ma non identificati;5;2;
2015;C2063;20;1;00;;;;;;;
2015;C2063;2;1;22;14;3;99900;99900 - Fattori investigati ma non identificati;5;2;
2015;C2063;4;1;22;14;3;99900;99900 - Fattori investigati ma non identificati;5;2;
2015;C2063;21;1;22;14;3;99900;99900 - Fattori investigati ma non identificati;5;2;
2015;C2063;3;1;00;;;;;;;
2015;C2063;7;1;25;14;3;99900;99900 - Fattori investigati ma non identificati;10;2;
2015;C2063;6;1;25;14;3;99900;99900 - Fattori investigati ma non identificati;10;2;
2015;C2063;5;1;00;;;;;;;
2015;C2063;15;1;22;14;3;99900;99900 - Fattori investigati ma non identificati;5;2;
2015;C2063;8;1;25;14;3;99900;99900 - Fattori investigati ma non identificati;10;2;
2015;C2064;1;1;22;14;3;99900;99900 - Fattori investigati ma non identificati;10;2;
2015;C2064;2;1;00;;;;;;;
2015;C2064;22;1;25;14;3;99900;99900 - Fattori investigati ma non identificati;10;2;
2015;C2064;20;1;22;14;3;99900;99900 - Fattori investigati ma non identificati;5;2;
2015;C2064;19;1;25;14;3;99900;99900 - Fattori investigati ma non identificati;10;2;
2015;C2064;21;1;12;01;3;99900;99900 - Fattori investigati ma non identificati;15;2;
2015;C2064;21;2;22;14;3;99900;99900 - Fattori investigati ma non identificati;5;2;
2015;C2064;8;1;00;;;;;;;
2015;C2064;4;1;00;;;;;;;
2015;C2064;5;1;12;01;3;99900;99900 - Fattori investigati ma non identificati;20;2;
2015;C2064;5;2;22;14;3;99900;99900 - Fattori investigati ma non identificati;5;2;
2015;C2064;3;1;00;;;;;;;
2015;C2064;6;1;22;14;3;99900;99900 - Fattori investigati ma non identificati;5;2;
2015;C2064;7;1;00;;;;;;;
2015;C2065;1;1;25;14;3;30900;Cryphonectria parasitica = Endothia parasitica;20;2;
2015;C2065;1;2;14;08;1;42200;42200 - Siccità/aridità;20;2;
2015;C2065;1;3;14;08;1;27000;- Non identificato -;5;2;dryocosmus
2015;C2065;3;1;14;01;1;42200;42200 - Siccità/aridità;30;2;
2015;C2065;3;2;22;14;3;27000;- Non identificato -;5;2;cinipide del castagni
2015;C2065;11;1;25;14;3;99900;99900 - Fattori investigati ma non identificati;100;2;
2015;C2065;32;1;14;08;1;42200;42200 - Siccità/aridità;5;2;
2015;C2065;33;1;14;08;1;42200;42200 - Siccità/aridità;5;2;
2015;C2065;34;1;00;;;;;;;
2015;C2065;35;1;00;;;;;;;
2015;C2065;36;1;14;01;1;42200;42200 - Siccità/aridità;5;2;
2015;C2065;36;2;14;02;1;42200;42200 - Siccità/aridità;10;2;
2015;C2065;37;1;14;01;1;42200;42200 - Siccità/aridità;10;2;
2015;C2065;37;2;14;08;1;42200;42200 - Siccità/aridità;10;2;
2015;C2065;37;3;14;02;1;42200;42200 - Siccità/aridità;60;2;
2015;C2065;38;1;14;01;1;42200;42200 - Siccità/aridità;10;2;
2015;C2065;38;2;14;08;1;42200;42200 - Siccità/aridità;5;2;
2015;C2065;39;1;14;08;1;42200;42200 - Siccità/aridità;5;2;
2015;C2065;39;2;25;14;3;30900;Cryphonectria parasitica = Endothia parasitica;5;2;
2015;C2065;3;3;14;03;1;42200;42200 - Siccità/aridità;5;2;cinipide del castagni
2015;C2065;40;1;22;14;3;99900;99900 - Fattori investigati ma non identificati;10;2;
2015;C2065;41;1;14;08;1;42200;42200 - Siccità/aridità;5;2;
2015;C2065;42;1;14;08;1;42200;42200 - Siccità/aridità;5;2;
2015;C2065;43;1;14;01;1;42200;42200 - Siccità/aridità;15;2;
2015;C2065;43;2;14;02;1;42200;42200 - Siccità/aridità;5;2;
2015;C2065;44;1;00;;;;;;;
2015;C2010;1;1;00;;;;;;;
2015;C2010;3;1;22;14;1;99900;99900 - Fattori investigati ma non identificati;20;2;
2015;C0662;53;1;22;14;3;99900;99900 - Fattori investigati ma non identificati;10;2;
2015;C0662;52;1;22;14;3;99900;99900 - Fattori investigati ma non identificati;10;2;
2015;C0662;50;1;14;01;1;21000;- Non identificato -;5;2;
2015;C0662;50;2;22;14;3;99900;99900 - Fattori investigati ma non identificati;5;2;
2015;C0662;51;1;22;14;3;99900;99900 - Fattori investigati ma non identificati;5;2;
2015;C0662;51;2;14;01;1;21000;- Non identificato -;5;2;
2015;C0662;49;2;32;12;2;81003;81003 - Hedera helix;;;
2015;C0662;49;1;22;14;3;99900;99900 - Fattori investigati ma non identificati;10;2;
2015;C0662;47;1;22;14;3;99900;99900 - Fattori investigati ma non identificati;10;2;
2015;C0662;48;2;14;02;1;99900;99900 - Fattori investigati ma non identificati;5;2;
2015;C0662;48;1;22;14;3;99900;99900 - Fattori investigati ma non identificati;10;2;
2015;C0662;46;1;22;14;3;99900;99900 - Fattori investigati ma non identificati;5;2;
2015;C0662;45;2;23;14;2;99900;99900 - Fattori investigati ma non identificati;25;2;
2015;C0662;45;1;22;14;3;99900;99900 - Fattori investigati ma non identificati;10;2;
2015;C0662;44;1;22;14;3;99900;99900 - Fattori investigati ma non identificati;10;2;
2015;C0662;43;2;23;14;2;99900;99900 - Fattori investigati ma non identificati;5;2;
2015;C0662;43;1;22;14;3;99900;99900 - Fattori investigati ma non identificati;5;2;
2015;C0662;40;1;22;14;3;99900;99900 - Fattori investigati ma non identificati;5;2;
2015;C0662;41;1;25;14;3;99900;99900 - Fattori investigati ma non identificati;10;2;
2015;C0662;42;1;22;14;3;99900;99900 - Fattori investigati ma non identificati;10;2;
2015;C0662;42;2;23;14;2;99900;99900 - Fattori investigati ma non identificati;5;2;
2015;C0662;39;2;14;01;1;21000;- Non identificato -;5;2;
2015;C0662;39;1;22;14;3;99900;99900 - Fattori investigati ma non identificati;10;2;
2015;C0662;37;2;14;01;1;21000;- Non identificato -;5;2;
2015;C0662;37;1;22;14;3;99900;99900 - Fattori investigati ma non identificati;30;2;
2015;C0662;36;2;23;14;2;99900;99900 - Fattori investigati ma non identificati;5;2;
2015;C0662;36;1;22;14;3;99900;99900 - Fattori investigati ma non identificati;5;2;
2015;C0662;35;1;22;14;3;99900;99900 - Fattori investigati ma non identificati;5;2;
2015;C0662;33;1;22;14;3;99900;99900 - Fattori investigati ma non identificati;10;2;
2015;C0662;32;2;14;08;1;99900;99900 - Fattori investigati ma non identificati;10;2;
2015;C0662;32;1;22;14;3;99900;99900 - Fattori investigati ma non identificati;10;2;
2015;C0662;31;2;23;14;2;99900;99900 - Fattori investigati ma non identificati;5;2;
2015;C0662;31;1;22;14;3;99900;99900 - Fattori investigati ma non identificati;5;2;
2015;C0662;30;2;14;01;1;21000;- Non identificato -;5;2;
2015;C0662;25;2;22;14;3;99900;99900 - Fattori investigati ma non identificati;10;2;
2015;C0662;30;1;22;14;3;99900;99900 - Fattori investigati ma non identificati;5;2;
2015;C0662;25;1;14;01;1;21000;- Non identificato -;10;2;
2015;C0662;24;2;22;14;3;99900;99900 - Fattori investigati ma non identificati;5;2;
2015;C0662;24;1;14;01;1;21000;- Non identificato -;5;2;
2015;C0662;23;1;14;01;1;21000;- Non identificato -;5;2;
2015;C0662;23;2;22;14;3;99900;99900 - Fattori investigati ma non identificati;5;2;
2015;C0662;22;1;22;14;3;99900;99900 - Fattori investigati ma non identificati;5;2;
2015;C0662;22;2;23;14;2;99900;99900 - Fattori investigati ma non identificati;5;2;
2015;C0662;22;3;14;01;1;21000;- Non identificato -;5;2;
2015;C0662;21;3;14;02;1;99900;99900 - Fattori investigati ma non identificati;5;2;
2015;C0662;21;2;14;01;1;99900;99900 - Fattori investigati ma non identificati;5;2;
2015;C0662;21;1;22;14;3;99900;99900 - Fattori investigati ma non identificati;5;2;
2015;C0662;20;2;32;17;1;99900;99900 - Fattori investigati ma non identificati;60;2;
2015;C2020;3;4;32;12;2;81006;81006 - Altre piante parassite/epifite/ramp.;;;smilax
2015;C0662;20;1;22;14;1;99900;99900 - Fattori investigati ma non identificati;10;2;
2015;C2020;3;3;22;14;2;99900;99900 - Fattori investigati ma non identificati;5;2;
2015;C2020;5;1;14;03;1;99900;99900 - Fattori investigati ma non identificati;5;2;
2015;C2020;3;2;14;01;1;99900;99900 - Fattori investigati ma non identificati;5;2;
2015;C2020;3;1;14;03;3;99900;99900 - Fattori investigati ma non identificati;5;2;
2015;C2020;2;3;22;14;2;99900;99900 - Fattori investigati ma non identificati;5;2;
2015;C2020;2;2;14;01;1;99900;99900 - Fattori investigati ma non identificati;5;2;
2015;C2020;2;1;14;03;1;99900;99900 - Fattori investigati ma non identificati;5;2;
2015;C2020;1;4;31;12;2;81006;81006 - Altre piante parassite/epifite/ramp.;;;smilax
2015;C2020;1;2;14;01;1;99900;99900 - Fattori investigati ma non identificati;5;2;
2015;C2020;1;3;22;14;2;99900;99900 - Fattori investigati ma non identificati;5;2;
2015;C0568;1;1;23;14;2;43000;43000 - Galaverna;5;2;
2015;C0568;44;3;32;12;3;81003;81003 - Hedera helix;;;
2015;C0568;44;2;21;01;1;99900;99900 - Fattori investigati ma non identificati;5;2;
2015;C0568;44;1;14;01;1;99900;99900 - Fattori investigati ma non identificati;5;2;
2015;C0568;43;1;14;01;1;21000;- Non identificato -;5;2;
2015;C0568;41;1;00;;;;;;;
2015;C0568;42;1;00;;;;;;;
2015;C0568;40;2;14;01;1;99900;99900 - Fattori investigati ma non identificati;10;2;
2015;C0568;40;1;22;10;1;99900;99900 - Fattori investigati ma non identificati;;;
2015;C0568;37;2;14;08;1;99900;99900 - Fattori investigati ma non identificati;5;2;
2015;C0568;37;1;14;01;1;21000;- Non identificato -;5;2;
2015;C0568;36;1;14;01;1;21000;- Non identificato -;5;2;
2015;C0568;35;1;14;01;1;21000;- Non identificato -;10;2;
2015;C0568;34;1;14;01;1;21000;- Non identificato -;5;2;
2015;C0568;33;4;22;14;1;99900;99900 - Fattori investigati ma non identificati;10;2;
2015;C0568;33;3;21;14;1;99900;99900 - Fattori investigati ma non identificati;5;2;
2015;C0568;33;2;14;01;1;21000;- Non identificato -;5;2;
2015;C0568;33;1;14;06;1;99900;99900 - Fattori investigati ma non identificati;5;2;
2015;C0568;27;2;14;01;1;21000;- Non identificato -;5;2;
2015;C0568;27;1;14;08;1;99900;99900 - Fattori investigati ma non identificati;5;2;
2015;C0568;21;1;14;08;1;99900;99900 - Fattori investigati ma non identificati;10;2;
2015;C0568;9;2;14;08;1;27000;- Non identificato -;5;2;
2015;C0568;9;1;21;14;1;99900;99900 - Fattori investigati ma non identificati;5;2;
2015;C0568;8;1;21;14;1;99900;99900 - Fattori investigati ma non identificati;5;2;
2015;C0568;7;2;21;14;1;99900;99900 - Fattori investigati ma non identificati;5;2;
2015;C0568;7;1;14;01;1;21000;- Non identificato -;5;2;
2015;C0568;5;1;14;01;1;21000;- Non identificato -;5;2;
2015;C2045;3;1;14;01;1;21000;- Non identificato -;15;2;
2015;C2045;3;2;22;14;3;99900;99900 - Fattori investigati ma non identificati;5;2;
2015;C2045;5;1;14;01;1;21000;- Non identificato -;15;2;
2015;C2045;5;2;22;14;2;99900;99900 - Fattori investigati ma non identificati;5;2;
2015;C2045;6;1;14;01;1;21000;- Non identificato -;25;2;
2015;C2045;6;2;22;14;3;99900;99900 - Fattori investigati ma non identificati;5;2;
2015;C2045;7;1;14;01;1;21000;- Non identificato -;15;2;Foglie scheletrizzate
2015;C2045;7;2;22;14;1;99900;99900 - Fattori investigati ma non identificati;5;2;
2015;C2045;8;1;14;01;1;21000;- Non identificato -;15;2;
2015;C2045;8;2;14;02;2;99900;99900 - Fattori investigati ma non identificati;5;2;
2015;C2045;9;1;14;01;1;21000;- Non identificato -;20;2;
2015;C2045;9;2;14;08;1;99900;99900 - Fattori investigati ma non identificati;15;2;
2015;C2045;10;1;14;01;1;21000;- Non identificato -;20;2;
2015;C2045;10;2;22;14;2;99900;99900 - Fattori investigati ma non identificati;5;2;
2015;C2045;10;3;32;12;3;81003;81003 - Hedera helix;;;
2015;C2045;15;1;14;01;1;21000;- Non identificato -;15;2;
2015;C2045;15;2;14;08;1;99900;99900 - Fattori investigati ma non identificati;15;2;
2015;C2045;15;3;22;14;2;99900;99900 - Fattori investigati ma non identificati;10;2;
2015;C2045;17;1;14;01;1;21000;- Non identificato -;30;2;Foglie scheletrizzate
2015;C2045;18;1;14;01;1;21000;- Non identificato -;10;2;
2015;C2045;20;1;14;01;1;21000;- Non identificato -;20;2;
2015;C2045;20;2;22;14;3;99900;99900 - Fattori investigati ma non identificati;10;2;
2015;C2045;21;1;14;01;1;21000;- Non identificato -;20;2;
2015;C2045;21;2;22;14;3;99900;99900 - Fattori investigati ma non identificati;10;2;
2015;C2045;24;1;14;01;1;21000;- Non identificato -;5;2;
2015;C2045;33;1;14;01;1;21000;- Non identificato -;10;2;
2015;C2045;33;2;14;08;1;99900;99900 - Fattori investigati ma non identificati;25;2;
2015;C2045;34;1;14;01;1;21000;- Non identificato -;10;2;
2015;C2045;34;2;14;08;1;99900;99900 - Fattori investigati ma non identificati;15;2;imbarcamento
2015;C2045;35;1;14;01;1;21000;- Non identificato -;20;2;Foglie scheletrizzate
2015;C2045;35;2;22;01;1;99900;99900 - Fattori investigati ma non identificati;5;2;
2015;C2045;36;1;14;01;1;21000;- Non identificato -;25;2;
2015;C2045;37;1;14;01;1;21000;- Non identificato -;25;2;
2015;C2045;38;1;14;01;1;21000;- Non identificato -;20;2;
2015;C2045;39;1;14;01;1;21000;- Non identificato -;25;2;
2015;C2045;40;1;00;;;;;;;
2015;C1024;13;1;14;01;1;99900;99900 - Fattori investigati ma non identificati;5;2;
2015;C1024;1;2;14;02;1;99900;99900 - Fattori investigati ma non identificati;5;2;
2015;C1024;3;1;14;01;1;99900;99900 - Fattori investigati ma non identificati;10;2;
2015;C0100;11;1;00;;;;;;;
2015;C1024;1;1;14;01;1;99900;99900 - Fattori investigati ma non identificati;5;2;
2015;C0100;10;1;00;;;;;;;
2015;C0730;4;2;14;08;1;99900;99900 - Fattori investigati ma non identificati;10;2;
2015;C0730;4;1;14;01;1;21000;Rhynchaenus fagi;5;2;
2015;C0730;35;2;14;08;1;99900;99900 - Fattori investigati ma non identificati;10;2;
2015;C0730;35;1;14;01;1;21000;Rhynchaenus fagi;5;2;
2015;C0730;33;2;14;01;1;21000;Rhynchaenus fagi;5;2;
2015;C0730;33;1;14;08;1;99900;99900 - Fattori investigati ma non identificati;20;2;
2015;C0730;32;2;14;01;1;21000;Rhynchaenus fagi;10;2;
2015;C0730;32;1;14;08;1;99900;99900 - Fattori investigati ma non identificati;10;2;
2015;C0730;38;2;14;08;1;99900;99900 - Fattori investigati ma non identificati;5;2;
2015;C0730;38;1;14;01;1;21000;Rhynchaenus fagi;5;2;
2015;C0730;3;2;14;08;1;99900;99900 - Fattori investigati ma non identificati;20;2;
2015;C0730;3;1;14;01;1;21000;Rhynchaenus fagi;10;2;
2015;C0633;13;1;00;;;;;;;
2015;C0730;1;1;14;01;1;21000;- Non identificato -;5;2;
2015;C0633;62;1;21;14;1;99900;99900 - Fattori investigati ma non identificati;10;2;
2015;C0633;61;1;21;14;1;99900;99900 - Fattori investigati ma non identificati;20;2;
2015;C0633;60;1;21;14;1;99900;99900 - Fattori investigati ma non identificati;15;2;
2015;C0633;59;1;21;14;1;99900;99900 - Fattori investigati ma non identificati;10;2;
2015;C0633;58;1;14;01;1;99900;99900 - Fattori investigati ma non identificati;5;2;
2015;C0633;56;1;00;;;;;;;
2015;C0633;57;1;21;14;1;99900;99900 - Fattori investigati ma non identificati;10;2;
2015;C0633;55;1;14;01;1;99900;99900 - Fattori investigati ma non identificati;5;2;
2015;C0633;54;1;14;01;1;21000;Rhynchaenus fagi;5;2;
2015;C0633;53;1;14;01;1;99900;99900 - Fattori investigati ma non identificati;10;2;
2015;C0633;52;1;14;01;1;21000;Rhynchaenus fagi;10;2;
2015;C0633;41;2;21;14;1;99900;99900 - Fattori investigati ma non identificati;5;2;
2015;C0633;41;1;14;01;1;21000;Rhynchaenus fagi;5;2;
2015;C0633;39;1;14;01;1;21000;Rhynchaenus fagi;5;2;
2015;C0633;39;3;14;02;1;99900;99900 - Fattori investigati ma non identificati;20;2;
2015;C0633;39;2;21;14;1;99900;99900 - Fattori investigati ma non identificati;5;2;
2015;C0633;38;2;21;14;1;99900;99900 - Fattori investigati ma non identificati;5;2;
2015;C0633;38;1;14;01;1;21000;Rhynchaenus fagi;5;2;
2015;C0633;37;1;14;01;1;99900;99900 - Fattori investigati ma non identificati;5;2;
2015;C0633;35;1;14;01;1;99900;99900 - Fattori investigati ma non identificati;5;2;
2015;C0633;34;2;14;01;1;21000;Rhynchaenus fagi;5;2;
2015;C0633;34;1;14;01;1;99900;99900 - Fattori investigati ma non identificati;20;2;
2015;C0633;20;1;14;01;1;99900;99900 - Fattori investigati ma non identificati;5;2;
2015;C0633;8;1;14;01;1;99900;99900 - Fattori investigati ma non identificati;5;2;
2015;C0633;31;1;14;01;1;21000;Rhynchaenus fagi;5;2;
2015;C0633;31;2;21;14;1;99900;99900 - Fattori investigati ma non identificati;20;2;
2015;C0633;33;1;14;01;1;99900;99900 - Fattori investigati ma non identificati;10;2;
2015;C0633;5;1;21;14;1;99900;99900 - Fattori investigati ma non identificati;5;2;
2015;C0633;24;1;21;14;1;99900;99900 - Fattori investigati ma non identificati;10;2;
2015;C0633;11;1;21;14;1;99900;99900 - Fattori investigati ma non identificati;10;2;
2015;C0633;9;2;21;14;1;99900;99900 - Fattori investigati ma non identificati;10;2;
2015;C0633;9;1;14;01;1;21000;Rhynchaenus fagi;10;2;
2015;C0633;2;1;14;01;1;21000;Rhynchaenus fagi;10;2;
2015;C0633;6;1;14;01;1;21000;Rhynchaenus fagi;5;2;
2015;C0633;6;2;21;14;1;99900;99900 - Fattori investigati ma non identificati;5;2;
2015;C2027;37;1;00;;;;;;;
2015;C2027;34;1;34;12;3;81006;81006 - Altre piante parassite/epifite/ramp.;;;
2015;C2027;23;1;31;12;3;81006;81006 - Altre piante parassite/epifite/ramp.;;;
2015;C2027;35;1;34;12;3;81006;81006 - Altre piante parassite/epifite/ramp.;;;
2015;C2027;28;2;34;12;3;81003;81003 - Hedera helix;;;
2015;C2027;28;1;34;12;3;81006;81006 - Altre piante parassite/epifite/ramp.;;;
2015;C2027;14;2;34;12;3;81003;81003 - Hedera helix;;;
2015;C2027;14;1;34;12;3;81006;81006 - Altre piante parassite/epifite/ramp.;;;
2015;C2027;8;1;00;;;;;;;
2015;C2027;9;2;34;12;3;81003;81003 - Hedera helix;;;
2015;C2027;40;2;34;12;3;81003;81003 - Hedera helix;;;
2015;C2027;9;1;34;12;3;81006;81006 - Altre piante parassite/epifite/ramp.;;;
2015;C1012;1;1;34;08;2;30900;Cryphonectria parasitica = Endothia parasitica;100;2;
2015;C1012;1;2;22;14;1;99900;99900 - Fattori investigati ma non identificati;40;2;
2015;C1012;1;3;14;03;1;99900;99900 - Fattori investigati ma non identificati;15;2;
2015;C1012;1;4;14;08;1;99900;99900 - Fattori investigati ma non identificati;30;2;
2015;C1012;32;1;34;08;2;30900;Cryphonectria parasitica = Endothia parasitica;80;2;
2015;C1012;32;2;22;14;1;99900;99900 - Fattori investigati ma non identificati;10;2;
2015;C1012;32;3;14;03;1;99900;99900 - Fattori investigati ma non identificati;15;2;
2015;C1012;32;4;14;08;1;99900;99900 - Fattori investigati ma non identificati;25;2;
2015;C1012;33;1;34;08;2;30900;Cryphonectria parasitica = Endothia parasitica;100;2;
2015;C1012;33;2;22;14;1;99900;99900 - Fattori investigati ma non identificati;10;2;
2015;C1012;33;3;14;03;1;99900;99900 - Fattori investigati ma non identificati;20;2;
2015;C1012;33;4;14;08;1;99900;99900 - Fattori investigati ma non identificati;25;2;
2015;C1012;34;1;34;08;2;30900;Cryphonectria parasitica = Endothia parasitica;80;2;
2015;C1012;34;2;22;14;1;99900;99900 - Fattori investigati ma non identificati;15;2;
2015;C1012;34;3;14;08;1;99900;99900 - Fattori investigati ma non identificati;30;2;
2015;C1012;34;4;14;03;1;99900;99900 - Fattori investigati ma non identificati;20;2;
2015;C1012;35;1;34;08;2;30900;Cryphonectria parasitica = Endothia parasitica;90;2;
2015;C1012;35;2;22;14;1;99900;99900 - Fattori investigati ma non identificati;10;2;
2015;C1012;35;3;14;08;1;99900;99900 - Fattori investigati ma non identificati;15;2;
2015;C1012;35;4;14;03;1;99900;99900 - Fattori investigati ma non identificati;25;2;
2015;C1012;36;1;34;08;2;30900;Cryphonectria parasitica = Endothia parasitica;80;2;
2015;C1012;36;2;14;08;1;99900;99900 - Fattori investigati ma non identificati;15;2;
2015;C1012;36;3;14;03;1;99900;99900 - Fattori investigati ma non identificati;15;2;
2015;C1012;37;1;34;08;2;30900;Cryphonectria parasitica = Endothia parasitica;80;2;
2015;C1012;37;2;22;14;1;99900;99900 - Fattori investigati ma non identificati;10;2;
2015;C1012;37;3;14;08;1;99900;99900 - Fattori investigati ma non identificati;20;2;
2015;C1012;37;4;14;03;1;99900;99900 - Fattori investigati ma non identificati;15;2;
2015;C1012;38;1;34;08;2;30900;Cryphonectria parasitica = Endothia parasitica;10;2;
2015;C1012;38;2;14;08;1;99900;99900 - Fattori investigati ma non identificati;10;2;
2015;C1012;38;3;14;03;1;99900;99900 - Fattori investigati ma non identificati;10;2;
2015;C1012;39;1;34;08;2;30900;Cryphonectria parasitica = Endothia parasitica;75;2;
2015;C1012;39;2;22;14;1;99900;99900 - Fattori investigati ma non identificati;10;2;
2015;C1012;39;3;14;08;1;99900;99900 - Fattori investigati ma non identificati;20;2;
2015;C1012;39;4;14;03;1;99900;99900 - Fattori investigati ma non identificati;15;2;
2015;C1012;40;1;34;08;2;30900;Cryphonectria parasitica = Endothia parasitica;80;2;
2015;C1012;40;2;22;14;1;99900;99900 - Fattori investigati ma non identificati;10;2;
2015;C1012;40;3;14;08;1;99900;99900 - Fattori investigati ma non identificati;25;2;
2015;C1012;40;4;14;03;1;99900;99900 - Fattori investigati ma non identificati;20;2;
2015;C1012;41;1;34;08;2;30900;Cryphonectria parasitica = Endothia parasitica;70;2;
2015;C1012;41;2;22;14;1;99900;99900 - Fattori investigati ma non identificati;25;2;
2015;C1012;41;3;23;14;2;99900;99900 - Fattori investigati ma non identificati;10;2;
2015;C1012;41;4;14;08;1;99900;99900 - Fattori investigati ma non identificati;40;2;
2015;C1012;41;5;14;03;1;99900;99900 - Fattori investigati ma non identificati;40;2;
2015;C1012;42;1;34;08;2;30900;Cryphonectria parasitica = Endothia parasitica;100;2;
2015;C1012;42;2;22;14;1;99900;99900 - Fattori investigati ma non identificati;40;2;
2015;C1012;42;3;23;14;1;99900;99900 - Fattori investigati ma non identificati;20;2;
2015;C1012;42;4;14;08;1;99900;99900 - Fattori investigati ma non identificati;65;2;
2015;C1012;42;5;14;03;1;99900;99900 - Fattori investigati ma non identificati;70;2;
2015;C1012;43;1;34;08;2;30900;Cryphonectria parasitica = Endothia parasitica;80;2;
2015;C1012;43;2;22;14;1;99900;99900 - Fattori investigati ma non identificati;15;2;
2015;C1012;43;3;14;08;1;99900;99900 - Fattori investigati ma non identificati;40;2;
2015;C1012;43;4;14;03;1;99900;99900 - Fattori investigati ma non identificati;20;2;
2015;C1012;44;1;34;08;2;30900;Cryphonectria parasitica = Endothia parasitica;80;2;
2015;C1012;44;2;22;14;1;99900;99900 - Fattori investigati ma non identificati;70;2;
2015;C1012;44;3;14;08;1;99900;99900 - Fattori investigati ma non identificati;40;2;
2015;C1012;44;4;14;03;1;99900;99900 - Fattori investigati ma non identificati;40;2;
2015;C1012;45;1;34;08;2;30900;Cryphonectria parasitica = Endothia parasitica;80;2;
2015;C1012;45;2;22;14;1;99900;99900 - Fattori investigati ma non identificati;5;2;
2015;C1012;45;3;14;08;1;99900;99900 - Fattori investigati ma non identificati;40;2;
2015;C1012;45;4;23;14;1;99900;99900 - Fattori investigati ma non identificati;25;2;
2015;C1012;46;1;34;08;2;30900;Cryphonectria parasitica = Endothia parasitica;80;2;
2015;C1012;46;2;22;14;1;99900;99900 - Fattori investigati ma non identificati;65;2;
2015;C1012;46;3;14;08;1;99900;99900 - Fattori investigati ma non identificati;20;2;
2015;C1012;46;4;23;14;1;99900;99900 - Fattori investigati ma non identificati;55;2;
2015;C1012;47;1;34;08;2;30900;Cryphonectria parasitica = Endothia parasitica;90;2;
2015;C1012;47;2;22;14;1;99900;99900 - Fattori investigati ma non identificati;45;2;
2015;C1012;47;3;14;03;1;99900;99900 - Fattori investigati ma non identificati;55;2;
2015;C1012;47;4;14;08;1;99900;99900 - Fattori investigati ma non identificati;35;2;
2015;C1012;48;1;34;08;2;30900;Cryphonectria parasitica = Endothia parasitica;90;2;
2015;C1012;48;2;22;14;2;99900;99900 - Fattori investigati ma non identificati;30;2;
2015;C1012;48;3;14;08;1;99900;99900 - Fattori investigati ma non identificati;40;2;
2015;C1012;48;4;14;03;1;99900;99900 - Fattori investigati ma non identificati;20;2;
2015;C1012;49;1;34;08;2;30900;Cryphonectria parasitica = Endothia parasitica;80;2;
2015;C1012;49;2;22;14;2;99900;99900 - Fattori investigati ma non identificati;10;2;
2015;C1012;49;3;14;08;1;99900;99900 - Fattori investigati ma non identificati;45;2;
2015;C1012;49;4;14;03;1;99900;99900 - Fattori investigati ma non identificati;10;2;
2015;C1012;50;1;34;08;1;30900;Cryphonectria parasitica = Endothia parasitica;80;2;
2015;C1012;50;2;22;14;1;99900;99900 - Fattori investigati ma non identificati;40;2;
2015;C1012;50;3;14;08;1;99900;99900 - Fattori investigati ma non identificati;45;2;
2015;C1012;50;4;14;03;1;99900;99900 - Fattori investigati ma non identificati;60;2;
2015;C1012;51;1;34;08;2;30900;Cryphonectria parasitica = Endothia parasitica;80;2;
2015;C1012;51;2;22;14;1;99900;99900 - Fattori investigati ma non identificati;35;2;
2015;C1012;51;3;14;08;1;99900;99900 - Fattori investigati ma non identificati;40;2;
2015;C1012;51;4;14;03;1;99900;99900 - Fattori investigati ma non identificati;30;2;
2015;C1012;52;1;34;08;1;99900;99900 - Fattori investigati ma non identificati;90;2;
2015;C1012;52;2;22;14;1;99900;99900 - Fattori investigati ma non identificati;15;2;
2015;C1012;52;3;14;08;1;99900;99900 - Fattori investigati ma non identificati;70;2;
2015;C1012;52;4;14;03;1;99900;99900 - Fattori investigati ma non identificati;20;2;
2015;C1012;53;1;34;08;2;30900;Cryphonectria parasitica = Endothia parasitica;80;2;
2015;C1012;53;2;22;14;1;99900;99900 - Fattori investigati ma non identificati;10;2;
2015;C1012;53;3;14;08;1;99900;99900 - Fattori investigati ma non identificati;70;2;
2015;C1012;53;4;14;03;1;99900;99900 - Fattori investigati ma non identificati;10;2;
2015;C1012;54;1;34;08;2;30900;Cryphonectria parasitica = Endothia parasitica;70;2;
2015;C1012;54;2;22;14;1;99900;99900 - Fattori investigati ma non identificati;45;2;
2015;C1012;54;3;14;08;1;99900;99900 - Fattori investigati ma non identificati;45;2;
2015;C1012;54;4;14;03;1;99900;99900 - Fattori investigati ma non identificati;25;2;
2015;C1012;55;1;34;08;2;30900;Cryphonectria parasitica = Endothia parasitica;80;2;
2015;C1012;55;2;22;14;1;99900;99900 - Fattori investigati ma non identificati;60;2;
2015;C1012;55;3;14;08;1;99900;99900 - Fattori investigati ma non identificati;65;2;
2015;C1012;55;4;14;03;1;99900;99900 - Fattori investigati ma non identificati;45;2;
2015;C1012;56;1;34;08;2;30900;Cryphonectria parasitica = Endothia parasitica;80;2;
2015;C1012;56;2;14;08;1;99900;99900 - Fattori investigati ma non identificati;40;2;
2015;C1012;56;3;14;03;1;99900;99900 - Fattori investigati ma non identificati;10;2;
2015;C1012;57;1;34;08;2;30900;Cryphonectria parasitica = Endothia parasitica;80;2;
2015;C1012;57;2;22;14;1;99900;99900 - Fattori investigati ma non identificati;20;2;
2015;C1012;57;3;14;08;1;99900;99900 - Fattori investigati ma non identificati;30;2;
2015;C1012;57;4;14;03;1;99900;99900 - Fattori investigati ma non identificati;30;2;
2015;C1012;58;1;34;08;2;30900;Cryphonectria parasitica = Endothia parasitica;80;2;
2015;C1012;58;2;22;14;1;99900;99900 - Fattori investigati ma non identificati;60;2;
2015;C1012;58;3;14;08;1;99900;99900 - Fattori investigati ma non identificati;50;2;
2015;C1012;58;4;14;03;1;99900;99900 - Fattori investigati ma non identificati;45;2;
2015;C1012;59;1;34;08;2;30900;Cryphonectria parasitica = Endothia parasitica;70;2;
2015;C1012;59;2;22;14;1;99900;99900 - Fattori investigati ma non identificati;40;2;
2015;C1012;59;3;14;08;1;99900;99900 - Fattori investigati ma non identificati;40;2;
2015;C1012;59;4;14;03;1;99900;99900 - Fattori investigati ma non identificati;25;2;
2015;C1012;60;1;34;08;2;30900;Cryphonectria parasitica = Endothia parasitica;80;2;
2015;C1012;60;2;22;14;1;99900;99900 - Fattori investigati ma non identificati;15;2;
2015;C1012;60;3;14;08;1;99900;99900 - Fattori investigati ma non identificati;35;2;
2015;C1012;60;4;14;03;1;99900;99900 - Fattori investigati ma non identificati;45;2;
2015;C1012;61;1;34;08;2;30900;Cryphonectria parasitica = Endothia parasitica;80;2;
2015;C1012;61;2;22;14;1;99900;99900 - Fattori investigati ma non identificati;5;2;
2015;C1012;61;3;14;08;1;99900;99900 - Fattori investigati ma non identificati;35;2;
2015;C1012;61;4;14;03;1;99900;99900 - Fattori investigati ma non identificati;10;2;
2015;C1012;62;1;34;08;2;30900;Cryphonectria parasitica = Endothia parasitica;90;2;
2015;C1012;62;2;22;14;1;99900;99900 - Fattori investigati ma non identificati;10;2;
2015;C1012;62;3;14;08;1;99900;99900 - Fattori investigati ma non identificati;40;2;
2015;C1012;62;4;14;03;1;99900;99900 - Fattori investigati ma non identificati;10;2;
2015;C1012;63;1;34;08;2;99900;99900 - Fattori investigati ma non identificati;80;2;
2015;C1012;63;2;22;14;1;99900;99900 - Fattori investigati ma non identificati;10;2;
2015;C1012;63;3;14;08;1;99900;99900 - Fattori investigati ma non identificati;30;2;
2015;C1012;63;4;14;03;1;99900;99900 - Fattori investigati ma non identificati;10;2;
2015;C1012;64;1;34;08;2;30900;Cryphonectria parasitica = Endothia parasitica;90;2;
2015;C1012;64;2;22;14;1;99900;99900 - Fattori investigati ma non identificati;5;2;
2015;C1012;64;3;14;08;1;99900;99900 - Fattori investigati ma non identificati;20;2;
2015;C1012;64;4;14;03;1;99900;99900 - Fattori investigati ma non identificati;10;2;
2015;C1012;65;1;34;08;2;30900;Cryphonectria parasitica = Endothia parasitica;90;2;
2015;C1012;65;2;22;14;1;99900;99900 - Fattori investigati ma non identificati;5;2;
2015;C1012;65;3;14;08;1;99900;99900 - Fattori investigati ma non identificati;30;2;
2015;C1012;65;4;14;03;1;99900;99900 - Fattori investigati ma non identificati;10;2;
2015;C1012;66;1;34;08;2;30900;Cryphonectria parasitica = Endothia parasitica;70;2;
2015;C1012;66;2;22;14;3;99900;99900 - Fattori investigati ma non identificati;5;2;
2015;C1012;66;3;14;08;1;99900;99900 - Fattori investigati ma non identificati;10;2;
2015;C1012;66;4;14;03;1;99900;99900 - Fattori investigati ma non identificati;20;2;
2015;C1012;67;1;34;08;2;30900;Cryphonectria parasitica = Endothia parasitica;70;2;
2015;C1012;67;2;22;14;1;99900;99900 - Fattori investigati ma non identificati;50;2;
2015;C1012;67;3;14;08;1;99900;99900 - Fattori investigati ma non identificati;40;2;
2015;C1012;67;4;14;03;1;99900;99900 - Fattori investigati ma non identificati;10;2;
2015;C1012;68;1;34;08;2;30900;Cryphonectria parasitica = Endothia parasitica;50;2;
2015;C1012;68;2;22;14;1;99900;99900 - Fattori investigati ma non identificati;5;2;
2015;C1012;68;3;14;08;1;99900;99900 - Fattori investigati ma non identificati;40;2;
2015;C1012;68;4;14;03;1;99900;99900 - Fattori investigati ma non identificati;10;2;
2015;C1012;69;1;34;08;2;99900;99900 - Fattori investigati ma non identificati;80;2;
2015;C1012;69;2;22;14;1;99900;99900 - Fattori investigati ma non identificati;5;2;
2015;C1012;69;3;14;08;1;99900;99900 - Fattori investigati ma non identificati;40;2;
2015;C1012;69;4;14;03;1;99900;99900 - Fattori investigati ma non identificati;10;2;
2015;C2054;51;1;14;01;1;99900;99900 - Fattori investigati ma non identificati;10;2;
2015;C2054;50;2;14;01;1;99900;99900 - Fattori investigati ma non identificati;5;2;
2015;C2054;49;1;00;;;;;;;
2015;C2054;50;1;14;08;1;99900;99900 - Fattori investigati ma non identificati;5;2;
2015;C2054;46;1;00;;;;;;;
2015;C2054;48;1;14;08;1;99900;99900 - Fattori investigati ma non identificati;10;2;
2015;C2054;43;1;00;;;;;;;
2015;C2054;45;1;00;;;;;;;
2015;C2054;42;1;04;;1;54100;54100 - Tagli, abbattimento;;;
2015;C2054;40;1;00;;;;;;;
2015;C2054;41;1;00;;;;;;;
2015;C2054;38;1;00;;;;;;;
2015;C2054;39;1;14;08;1;99900;99900 - Fattori investigati ma non identificati;10;2;
2015;C2054;37;1;14;08;1;99900;99900 - Fattori investigati ma non identificati;10;2;
2015;C2054;33;1;14;08;1;99900;99900 - Fattori investigati ma non identificati;10;2;
2015;C2054;12;1;00;;;;;;;
2015;C2054;31;1;00;;;;;;;
2015;C2054;10;1;00;;;;;;;
2015;C2054;11;1;00;;;;;;;
2015;C2054;8;1;00;;;;;;;
2015;C2054;9;1;00;;;;;;;
2015;C2054;6;1;00;;;;;;;
2015;C2054;7;1;00;;;;;;;
2015;C2054;1;1;00;;;;;;;
2015;C2054;5;1;00;;;;;;;
2015;C1049;51;1;00;;;;;;;
2015;C1049;52;1;00;;;;;;;
2015;C1049;50;2;14;08;1;99900;99900 - Fattori investigati ma non identificati;5;2;
2015;C1049;50;1;14;01;1;99900;99900 - Fattori investigati ma non identificati;5;2;
2015;C1049;48;1;00;;;;;;;
2015;C1049;49;1;00;;;;;;;
2015;C1049;47;2;14;08;1;99900;99900 - Fattori investigati ma non identificati;5;2;
2015;C1049;47;1;14;01;1;99900;99900 - Fattori investigati ma non identificati;5;2;
2015;C1049;46;2;14;01;1;99900;99900 - Fattori investigati ma non identificati;5;2;
2015;C1049;46;1;14;08;1;99900;99900 - Fattori investigati ma non identificati;5;2;
2015;C1049;45;2;14;08;1;99900;99900 - Fattori investigati ma non identificati;5;2;
2015;C1049;45;1;14;01;1;99900;99900 - Fattori investigati ma non identificati;5;2;
2015;C1049;44;2;14;01;1;99900;99900 - Fattori investigati ma non identificati;5;2;
2015;C1049;43;1;00;;;;;;;
2015;C1049;44;1;14;08;1;99900;99900 - Fattori investigati ma non identificati;5;2;
2015;C1049;42;2;14;08;1;99900;99900 - Fattori investigati ma non identificati;5;2;
2015;C1049;41;1;00;;;;;;;
2015;C1049;42;1;14;01;1;99900;99900 - Fattori investigati ma non identificati;5;2;
2015;C1049;40;2;14;08;1;99900;99900 - Fattori investigati ma non identificati;5;2;
2015;C1049;40;1;14;01;1;99900;99900 - Fattori investigati ma non identificati;5;2;
2015;C1049;39;2;14;08;1;99900;99900 - Fattori investigati ma non identificati;5;2;
2015;C1024;36;1;14;01;1;99900;99900 - Fattori investigati ma non identificati;10;2;
2015;C0155;7;1;11;01;1;99900;99900 - Fattori investigati ma non identificati;40;2;
2015;C1049;36;1;00;;;;;;;
2015;C1049;37;1;00;;;;;;;
2015;C1049;2;2;14;08;1;99900;99900 - Fattori investigati ma non identificati;5;2;
2015;C1049;3;1;14;01;1;99900;99900 - Fattori investigati ma non identificati;5;2;
2015;C1049;3;2;14;08;1;99900;99900 - Fattori investigati ma non identificati;5;2;
2015;C1049;38;1;00;;;;;;;
2015;C1049;39;1;14;01;1;99900;99900 - Fattori investigati ma non identificati;5;2;
2015;C1024;45;1;14;01;1;99900;99900 - Fattori investigati ma non identificati;15;2;
2015;C1049;2;1;14;01;1;99900;99900 - Fattori investigati ma non identificati;5;2;
2015;C1049;1;2;14;08;1;99900;99900 - Fattori investigati ma non identificati;5;2;
2015;C1049;1;1;14;01;1;99900;99900 - Fattori investigati ma non identificati;15;2;
2015;C1024;46;1;14;01;1;99900;99900 - Fattori investigati ma non identificati;15;2;
2015;C1024;44;2;14;08;1;99900;99900 - Fattori investigati ma non identificati;5;2;
2015;C1024;44;1;14;01;1;99900;99900 - Fattori investigati ma non identificati;30;2;
2015;C1024;43;1;14;01;1;99900;99900 - Fattori investigati ma non identificati;15;2;
2015;C1024;42;2;22;14;1;99900;99900 - Fattori investigati ma non identificati;10;2;
2015;C1024;41;2;14;02;1;99900;99900 - Fattori investigati ma non identificati;5;2;
2015;C1024;41;3;34;08;2;30900;Cryphonectria parasitica = Endothia parasitica;;1;
2015;C1024;39;1;14;01;1;99900;99900 - Fattori investigati ma non identificati;10;2;
2015;C1024;39;2;22;14;1;99900;99900 - Fattori investigati ma non identificati;5;2;
2015;C1024;42;1;14;01;1;99900;99900 - Fattori investigati ma non identificati;45;2;
2015;C1024;41;1;14;01;1;99900;99900 - Fattori investigati ma non identificati;25;2;
2015;C1024;40;2;14;08;1;99900;99900 - Fattori investigati ma non identificati;30;2;
2015;C2053;1;1;14;08;1;99900;99900 - Fattori investigati ma non identificati;5;2;
2015;C2053;1;2;14;01;1;99900;99900 - Fattori investigati ma non identificati;5;2;
2015;C2053;2;1;14;08;1;99900;99900 - Fattori investigati ma non identificati;5;2;
2015;C2053;2;2;14;01;1;99900;99900 - Fattori investigati ma non identificati;5;2;
2015;C2053;4;1;14;08;1;99900;99900 - Fattori investigati ma non identificati;5;2;
2015;C2053;4;2;14;01;1;99900;99900 - Fattori investigati ma non identificati;5;2;
2015;C2053;5;1;14;08;1;99900;99900 - Fattori investigati ma non identificati;5;2;
2015;C2053;5;2;14;01;1;99900;99900 - Fattori investigati ma non identificati;5;2;
2015;C2053;6;1;14;08;1;99900;99900 - Fattori investigati ma non identificati;5;2;
2015;C2053;6;2;14;01;1;99900;99900 - Fattori investigati ma non identificati;5;2;
2015;C2053;31;1;14;08;1;99900;99900 - Fattori investigati ma non identificati;5;2;
2015;C2053;31;2;14;01;1;99900;99900 - Fattori investigati ma non identificati;5;2;
2015;C2053;32;1;14;08;1;99900;99900 - Fattori investigati ma non identificati;5;2;
2015;C2053;32;2;14;01;1;99900;99900 - Fattori investigati ma non identificati;5;2;
2015;C2053;33;1;14;08;1;99900;99900 - Fattori investigati ma non identificati;5;2;
2015;C2053;33;2;14;01;1;99900;99900 - Fattori investigati ma non identificati;5;2;
2015;C2053;34;1;14;08;1;99900;99900 - Fattori investigati ma non identificati;5;2;
2015;C2053;34;2;14;01;1;99900;99900 - Fattori investigati ma non identificati;5;2;
2015;C2053;35;1;14;08;1;99900;99900 - Fattori investigati ma non identificati;5;2;
2015;C2053;35;2;14;01;1;99900;99900 - Fattori investigati ma non identificati;5;2;
2015;C2053;36;1;14;08;1;99900;99900 - Fattori investigati ma non identificati;5;2;
2015;C2053;36;2;14;01;1;99900;99900 - Fattori investigati ma non identificati;5;2;
2015;C2053;37;1;14;08;1;99900;99900 - Fattori investigati ma non identificati;5;2;
2015;C2053;37;2;14;01;1;99900;99900 - Fattori investigati ma non identificati;5;2;
2015;C2053;38;1;14;08;1;99900;99900 - Fattori investigati ma non identificati;5;2;
2015;C2053;38;2;14;01;1;99900;99900 - Fattori investigati ma non identificati;5;2;
2015;C2053;39;1;14;08;1;99900;99900 - Fattori investigati ma non identificati;5;2;
2015;C2053;39;2;14;01;1;99900;99900 - Fattori investigati ma non identificati;5;2;
2015;C2053;40;1;14;08;1;99900;99900 - Fattori investigati ma non identificati;5;2;
2015;C2053;40;2;14;01;1;99900;99900 - Fattori investigati ma non identificati;5;2;
2015;C2053;41;1;14;08;1;99900;99900 - Fattori investigati ma non identificati;5;2;
2015;C2053;41;2;14;01;1;99900;99900 - Fattori investigati ma non identificati;5;2;
2015;C2053;42;1;14;08;1;99900;99900 - Fattori investigati ma non identificati;5;2;
2015;C2053;42;2;14;01;1;99900;99900 - Fattori investigati ma non identificati;5;2;
2015;C2053;43;1;14;08;1;99900;99900 - Fattori investigati ma non identificati;5;2;
2015;C2053;43;2;14;01;1;99900;99900 - Fattori investigati ma non identificati;5;2;
2015;C2053;44;1;14;08;1;99900;99900 - Fattori investigati ma non identificati;5;2;
2015;C2053;44;2;14;01;1;99900;99900 - Fattori investigati ma non identificati;5;2;
2015;C2053;45;1;14;08;1;99900;99900 - Fattori investigati ma non identificati;5;2;
2015;C2053;45;2;14;01;1;99900;99900 - Fattori investigati ma non identificati;5;2;
2015;C2053;46;1;14;08;1;99900;99900 - Fattori investigati ma non identificati;5;2;
2015;C2053;46;2;14;01;1;99900;99900 - Fattori investigati ma non identificati;5;2;
2015;C2053;47;1;14;08;1;99900;99900 - Fattori investigati ma non identificati;5;2;
2015;C2053;47;2;14;01;1;99900;99900 - Fattori investigati ma non identificati;5;2;
2015;C2053;48;1;14;08;1;99900;99900 - Fattori investigati ma non identificati;5;2;
2015;C2053;48;2;14;01;1;99900;99900 - Fattori investigati ma non identificati;5;2;
2015;C2053;49;1;14;08;1;99900;99900 - Fattori investigati ma non identificati;5;2;
2015;C2053;49;2;14;01;1;99900;99900 - Fattori investigati ma non identificati;5;2;
2015;C1110;7;1;14;02;1;99900;99900 - Fattori investigati ma non identificati;5;2;
2015;C2025;1;1;00;;;;;;;
2015;C0788;19;1;21;14;1;99900;99900 - Fattori investigati ma non identificati;5;2;
2015;C1024;35;2;22;14;1;99900;99900 - Fattori investigati ma non identificati;5;2;
2015;C1024;35;1;14;01;1;99900;99900 - Fattori investigati ma non identificati;10;2;
2015;C1024;34;1;14;01;1;99900;99900 - Fattori investigati ma non identificati;5;2;
2015;C1024;34;2;22;14;1;99900;99900 - Fattori investigati ma non identificati;5;2;
2015;C1024;33;2;14;01;1;99900;99900 - Fattori investigati ma non identificati;10;2;
2015;C1024;33;1;22;14;1;99900;99900 - Fattori investigati ma non identificati;10;2;
2015;C1024;31;2;22;14;1;99900;99900 - Fattori investigati ma non identificati;5;2;
2015;C1024;31;1;14;01;1;99900;99900 - Fattori investigati ma non identificati;10;2;
2015;C1024;21;1;14;01;1;99900;99900 - Fattori investigati ma non identificati;10;2;
2015;C1024;20;1;14;01;1;99900;99900 - Fattori investigati ma non identificati;5;2;
2015;C1024;19;1;14;01;1;99900;99900 - Fattori investigati ma non identificati;10;2;
2015;C1024;17;1;14;01;1;99900;99900 - Fattori investigati ma non identificati;10;2;
2015;C1024;18;1;14;01;1;99900;99900 - Fattori investigati ma non identificati;10;2;
2015;C1024;16;1;14;01;1;99900;99900 - Fattori investigati ma non identificati;10;2;
2015;C1024;15;1;14;01;1;99900;99900 - Fattori investigati ma non identificati;10;2;
2015;C2027;33;1;31;12;3;81006;81006 - Altre piante parassite/epifite/ramp.;;;
2015;C2027;40;1;34;12;3;81006;81006 - Altre piante parassite/epifite/ramp.;;;
2015;C2027;7;1;34;12;3;81006;81006 - Altre piante parassite/epifite/ramp.;;;
2015;C2027;5;2;34;12;3;81003;81003 - Hedera helix;;;
2015;C0128;32;1;22;14;1;99900;99900 - Fattori investigati ma non identificati;15;2;
2015;C0128;37;1;22;14;1;99900;99900 - Fattori investigati ma non identificati;10;2;
2015;C0128;31;1;22;14;1;99900;99900 - Fattori investigati ma non identificati;15;2;
2015;C0128;30;1;00;;;;;;;
2015;C0128;17;1;14;10;1;99900;99900 - Fattori investigati ma non identificati;;;
2015;C0128;16;1;14;10;1;99900;99900 - Fattori investigati ma non identificati;;;
2015;C0128;14;1;14;10;1;99900;99900 - Fattori investigati ma non identificati;;;
2015;C0128;13;1;14;10;1;99900;99900 - Fattori investigati ma non identificati;;;
2015;C0128;12;1;14;10;1;99900;99900 - Fattori investigati ma non identificati;;;
2015;C0128;11;1;14;10;1;99900;99900 - Fattori investigati ma non identificati;;;
2015;C0128;10;1;22;14;1;99900;99900 - Fattori investigati ma non identificati;15;2;
2015;C0128;8;1;14;10;1;99900;99900 - Fattori investigati ma non identificati;;;
2015;C0128;6;1;14;10;1;99900;99900 - Fattori investigati ma non identificati;;;
2015;C0128;5;1;23;14;1;99900;99900 - Fattori investigati ma non identificati;5;2;
2015;C0128;4;1;14;10;1;99900;99900 - Fattori investigati ma non identificati;;;
2015;C0128;3;1;14;10;1;99900;99900 - Fattori investigati ma non identificati;;;
2015;C0128;2;1;14;10;1;99900;99900 - Fattori investigati ma non identificati;;;
2015;C0127;17;2;26;01;1;99900;99900 - Fattori investigati ma non identificati;10;2;
2015;C0128;1;1;14;10;1;99900;99900 - Fattori investigati ma non identificati;;;
2015;C0127;32;1;12;01;3;99900;99900 - Fattori investigati ma non identificati;10;2;
2015;C0127;15;2;11;01;1;99900;99900 - Fattori investigati ma non identificati;5;2;
2015;C0127;10;2;12;01;3;99900;99900 - Fattori investigati ma non identificati;10;2;
2015;C0127;33;1;11;03;1;99900;99900 - Fattori investigati ma non identificati;5;2;
2015;C0127;31;1;12;01;3;99900;99900 - Fattori investigati ma non identificati;10;2;
2015;C0127;18;1;14;12;1;42200;42200 - Siccità/aridità;;;
2015;C0127;17;1;11;01;3;99900;99900 - Fattori investigati ma non identificati;5;2;
2015;C0127;16;1;26;01;1;99900;99900 - Fattori investigati ma non identificati;15;2;
2015;C0127;15;1;26;01;3;99900;99900 - Fattori investigati ma non identificati;20;2;
2015;C0127;14;1;26;01;3;99900;99900 - Fattori investigati ma non identificati;20;2;
2015;C0127;13;1;26;01;3;99900;99900 - Fattori investigati ma non identificati;20;2;
2015;C0127;12;1;12;01;3;99900;99900 - Fattori investigati ma non identificati;10;2;
2015;C0127;11;1;12;01;3;99900;99900 - Fattori investigati ma non identificati;15;2;
2015;C0127;10;1;13;03;1;99900;99900 - Fattori investigati ma non identificati;10;2;
2015;C0127;7;1;00;;;;;;;
2015;C0127;8;1;11;01;3;99900;99900 - Fattori investigati ma non identificati;15;2;
2015;C0127;9;1;12;01;1;99900;99900 - Fattori investigati ma non identificati;20;2;
2015;C0127;6;1;00;;;;;;;
2015;C0127;2;1;13;01;3;99900;99900 - Fattori investigati ma non identificati;20;2;
2015;C0101;23;1;00;;;;;;;
2015;C0101;30;1;00;;;;;;;
2015;C0127;1;1;12;01;3;99900;99900 - Fattori investigati ma non identificati;10;2;
2015;C0101;21;1;00;;;;;;;
2015;C0101;22;1;00;;;;;;;
2015;C0101;5;1;11;02;1;30100;Chrysomyxa spp.;90;2;
2015;C0101;3;1;00;;;;;;;
2015;C0101;4;1;00;;;;;;;
2015;C0101;2;1;00;;;;;;;
2015;C0101;1;1;00;;;;;;;
2015;C0100;32;1;00;;;;;;;
2015;C0100;34;1;00;;;;;;;
2015;C0100;13;1;00;;;;;;;
2015;C0100;12;1;11;02;1;99900;99900 - Fattori investigati ma non identificati;10;2;
2015;C0100;16;1;00;;;;;;;
2015;C0100;21;1;00;;;;;;;
2015;C0100;14;1;00;;;;;;;
2015;C2027;4;2;34;12;3;81003;81003 - Hedera helix;;;
2015;C2027;5;1;34;12;3;81006;81006 - Altre piante parassite/epifite/ramp.;;;
2015;C2027;4;1;34;12;3;81006;81006 - Altre piante parassite/epifite/ramp.;;;
2015;C2054;58;1;00;;;;;;;
2015;C2054;59;1;14;08;1;99900;99900 - Fattori investigati ma non identificati;5;2;
2015;C2054;60;1;00;;;;;;;
2015;C2054;61;1;00;;;;;;;
2015;C2054;57;1;22;14;1;99900;99900 - Fattori investigati ma non identificati;5;2;
2015;C2054;56;1;14;08;1;99900;99900 - Fattori investigati ma non identificati;5;2;
2015;C2054;56;2;14;01;1;99900;99900 - Fattori investigati ma non identificati;5;2;
2015;C2054;54;1;04;;1;54100;54100 - Tagli, abbattimento;;;
2015;C2054;52;1;00;;;;;;;
2015;C2054;53;1;00;;;;;;;
2015;C2052;1;1;14;01;1;21000;Agelastica alni;10;2;
2015;C2052;1;2;14;08;1;99900;99900 - Fattori investigati ma non identificati;5;2;
2015;C2052;4;1;14;01;1;21000;Agelastica alni;5;2;
2015;C2052;4;2;22;14;2;99900;99900 - Fattori investigati ma non identificati;5;2;
2015;C2052;5;1;14;01;1;21000;Agelastica alni;5;2;
2015;C2052;5;2;14;08;1;99900;99900 - Fattori investigati ma non identificati;5;2;
2015;C2052;31;1;14;01;1;21000;Agelastica alni;10;2;
2015;C2052;31;2;14;08;1;99900;99900 - Fattori investigati ma non identificati;5;2;
2015;C2052;31;3;22;14;2;99900;99900 - Fattori investigati ma non identificati;5;2;
2015;C2052;31;4;32;17;2;99900;99900 - Fattori investigati ma non identificati;10;2;
2015;C2052;32;1;14;01;1;21000;Agelastica alni;5;2;
2015;C2052;32;2;14;08;1;99900;99900 - Fattori investigati ma non identificati;5;2;
2015;C2052;32;3;22;14;2;99900;99900 - Fattori investigati ma non identificati;5;2;
2015;C2052;32;4;32;20;2;99900;99900 - Fattori investigati ma non identificati;;1;
2015;C2052;33;1;14;01;1;21000;Agelastica alni;10;2;
2015;C2052;33;2;14;08;1;99900;99900 - Fattori investigati ma non identificati;5;2;
2015;C2052;33;3;22;14;2;99900;99900 - Fattori investigati ma non identificati;5;2;
2015;C2052;33;4;32;20;2;99900;99900 - Fattori investigati ma non identificati;;1;
2015;C2052;34;1;14;01;1;21000;Agelastica alni;5;2;
2015;C2052;34;2;14;08;1;99900;99900 - Fattori investigati ma non identificati;10;2;
2015;C2052;34;3;25;14;2;99900;99900 - Fattori investigati ma non identificati;5;2;
2015;C2052;35;1;14;08;1;99900;99900 - Fattori investigati ma non identificati;10;2;
2015;C2052;35;2;22;14;2;99900;99900 - Fattori investigati ma non identificati;5;2;
2015;C2052;36;1;14;08;1;99900;99900 - Fattori investigati ma non identificati;5;2;
2015;C2052;37;1;14;01;1;21000;Agelastica alni;5;2;
2015;C2052;37;2;14;08;1;99900;99900 - Fattori investigati ma non identificati;10;2;
2015;C2052;37;3;23;14;2;99900;99900 - Fattori investigati ma non identificati;5;2;
2015;C1024;37;1;14;01;1;99900;99900 - Fattori investigati ma non identificati;5;2;
2015;C1024;38;1;14;01;1;99900;99900 - Fattori investigati ma non identificati;5;2;
2015;C2027;2;1;31;12;3;81006;81006 - Altre piante parassite/epifite/ramp.;;;
2015;C2027;1;1;34;12;3;81006;81006 - Altre piante parassite/epifite/ramp.;;;
2015;C0156;1;1;13;01;3;99900;99900 - Fattori investigati ma non identificati;10;2;
2015;C0156;1;2;22;14;3;99900;99900 - Fattori investigati ma non identificati;15;2;
2015;C0156;12;1;14;01;1;99900;99900 - Fattori investigati ma non identificati;25;2;
2015;C0156;14;1;14;01;1;99900;99900 - Fattori investigati ma non identificati;30;2;
2015;C0156;22;1;11;01;1;99900;99900 - Fattori investigati ma non identificati;5;2;
2015;C0156;22;2;22;14;3;99900;99900 - Fattori investigati ma non identificati;5;2;
2015;C0156;24;1;14;01;1;99900;99900 - Fattori investigati ma non identificati;20;2;
2015;C0156;25;1;14;01;1;99900;99900 - Fattori investigati ma non identificati;25;2;
2015;C0156;26;1;11;01;1;99900;99900 - Fattori investigati ma non identificati;10;2;
2015;C0156;26;2;22;14;3;99900;99900 - Fattori investigati ma non identificati;10;2;
2015;C0156;29;1;11;01;1;99900;99900 - Fattori investigati ma non identificati;5;2;
2015;C0156;29;2;22;14;3;99900;99900 - Fattori investigati ma non identificati;10;2;
2015;C0156;30;1;14;01;1;21000;- Non identificato -;30;2;
2015;C0156;30;2;25;14;3;99900;99900 - Fattori investigati ma non identificati;20;2;
2015;C0156;35;1;14;01;1;21000;- Non identificato -;5;2;
2015;C0156;37;1;14;01;1;21000;- Non identificato -;10;2;
2015;C0156;37;2;25;14;3;99900;99900 - Fattori investigati ma non identificati;10;2;
2015;C0156;39;1;14;01;1;21000;- Non identificato -;10;2;
2015;C0156;39;2;25;14;3;99900;99900 - Fattori investigati ma non identificati;10;2;
2015;C0156;40;1;14;01;1;21000;- Non identificato -;20;2;
2015;C0156;41;1;14;01;1;21000;- Non identificato -;15;2;
2015;C0156;41;2;22;14;3;99900;99900 - Fattori investigati ma non identificati;10;2;
2015;C0156;42;1;14;01;1;21000;- Non identificato -;20;2;
2015;C0156;42;2;22;14;3;99900;99900 - Fattori investigati ma non identificati;15;2;
2015;C0156;43;1;14;01;1;21000;- Non identificato -;20;2;
2015;C0156;43;2;25;14;3;99900;99900 - Fattori investigati ma non identificati;10;2;
2015;C0156;44;1;11;01;1;99900;99900 - Fattori investigati ma non identificati;15;2;
2015;C0156;45;1;11;01;1;99900;99900 - Fattori investigati ma non identificati;15;2;
2015;C0156;46;1;11;01;1;99900;99900 - Fattori investigati ma non identificati;15;2;
2015;C0156;46;2;22;14;3;99900;99900 - Fattori investigati ma non identificati;20;2;
2015;C0156;47;1;14;01;1;21000;- Non identificato -;20;2;
2015;C0156;47;2;22;14;3;99900;99900 - Fattori investigati ma non identificati;20;2;
2015;C0156;48;1;14;01;1;21000;- Non identificato -;20;2;
2015;C0156;48;2;22;14;3;99900;99900 - Fattori investigati ma non identificati;20;2;
2015;C0156;49;1;14;01;1;21000;- Non identificato -;20;2;
2015;C0187;1;1;14;01;1;21000;- Non identificato -;10;2;
2015;C0187;1;2;22;14;3;99900;99900 - Fattori investigati ma non identificati;10;2;
2015;C0187;3;1;14;01;1;21000;- Non identificato -;5;2;
2015;C0187;3;2;22;14;3;99900;99900 - Fattori investigati ma non identificati;5;2;
2015;C0187;4;1;14;01;1;21000;- Non identificato -;5;2;
2015;C0187;8;1;14;01;1;21000;- Non identificato -;5;2;
2015;C0187;8;2;22;14;3;99900;99900 - Fattori investigati ma non identificati;5;2;
2015;C0187;9;1;14;01;1;99900;99900 - Fattori investigati ma non identificati;40;2;
2015;C0187;9;2;14;02;1;99900;99900 - Fattori investigati ma non identificati;15;2;
2015;C0187;9;3;25;14;3;99900;99900 - Fattori investigati ma non identificati;20;2;
2015;C0187;13;1;14;01;1;99900;99900 - Fattori investigati ma non identificati;40;2;
2015;C0187;13;2;25;14;3;99900;99900 - Fattori investigati ma non identificati;30;2;
2015;C0187;37;1;14;01;1;99900;99900 - Fattori investigati ma non identificati;45;2;
2015;C0187;37;2;25;14;3;99900;99900 - Fattori investigati ma non identificati;30;2;
2015;C0187;44;1;14;01;1;21000;- Non identificato -;10;2;
2015;C0187;44;2;22;14;3;99900;99900 - Fattori investigati ma non identificati;10;2;
2015;C0190;3;1;12;02;2;99900;99900 - Fattori investigati ma non identificati;5;2;
2015;C0190;3;2;22;14;3;99900;99900 - Fattori investigati ma non identificati;5;2;
2015;C0190;4;1;11;01;1;99900;99900 - Fattori investigati ma non identificati;10;2;
2015;C0190;4;2;12;02;2;99900;99900 - Fattori investigati ma non identificati;10;2;
2015;C0190;4;3;22;14;3;99900;99900 - Fattori investigati ma non identificati;10;2;
2015;C0190;4;4;31;12;2;81001;81001 - Viscum album;;;
2015;C0190;7;1;12;02;2;99900;99900 - Fattori investigati ma non identificati;5;2;
2015;C0190;16;1;11;01;1;99900;99900 - Fattori investigati ma non identificati;15;2;
2015;C0190;16;2;12;02;2;99900;99900 - Fattori investigati ma non identificati;15;2;
2015;C0190;16;3;22;14;3;99900;99900 - Fattori investigati ma non identificati;15;2;
2015;C0190;16;4;31;12;1;81001;81001 - Viscum album;;;
2015;C0190;17;1;12;02;2;99900;99900 - Fattori investigati ma non identificati;10;2;
2015;C0190;17;2;22;14;3;99900;99900 - Fattori investigati ma non identificati;10;2;
2015;C0190;18;1;12;02;2;99900;99900 - Fattori investigati ma non identificati;5;2;
2015;C0190;19;1;12;02;2;99900;99900 - Fattori investigati ma non identificati;5;2;
2015;C0190;27;1;11;01;1;99900;99900 - Fattori investigati ma non identificati;10;2;
2015;C0190;27;2;12;02;2;99900;99900 - Fattori investigati ma non identificati;10;2;
2015;C0190;27;3;22;14;3;99900;99900 - Fattori investigati ma non identificati;10;2;
2015;C0190;30;1;12;02;2;99900;99900 - Fattori investigati ma non identificati;10;2;
2015;C0190;30;2;22;14;3;99900;99900 - Fattori investigati ma non identificati;10;2;
2015;C0190;33;1;11;01;1;99900;99900 - Fattori investigati ma non identificati;5;2;
2015;C0190;33;2;12;02;2;99900;99900 - Fattori investigati ma non identificati;5;2;
2015;C0190;33;3;22;14;3;99900;99900 - Fattori investigati ma non identificati;10;2;
2015;C0190;33;4;31;12;2;81001;81001 - Viscum album;;;
2015;C0190;41;1;11;01;1;99900;99900 - Fattori investigati ma non identificati;10;2;
2015;C0190;41;2;12;02;2;99900;99900 - Fattori investigati ma non identificati;15;2;
2015;C0190;41;3;22;14;3;99900;99900 - Fattori investigati ma non identificati;35;2;
2015;C0190;42;1;12;02;2;99900;99900 - Fattori investigati ma non identificati;5;2;
2015;C0190;42;2;22;14;3;99900;99900 - Fattori investigati ma non identificati;10;2;
2015;C0190;43;1;12;02;2;99900;99900 - Fattori investigati ma non identificati;10;2;
2015;C0190;43;2;22;14;3;99900;99900 - Fattori investigati ma non identificati;5;2;
2015;C0190;44;1;11;01;1;99900;99900 - Fattori investigati ma non identificati;15;2;
2015;C0190;44;2;12;01;2;99900;99900 - Fattori investigati ma non identificati;20;2;
2015;C0190;44;3;22;14;3;99900;99900 - Fattori investigati ma non identificati;15;2;
2015;C0190;45;1;12;02;2;99900;99900 - Fattori investigati ma non identificati;5;2;
2015;C0190;45;2;22;14;3;99900;99900 - Fattori investigati ma non identificati;10;2;
2015;C0190;46;1;11;01;1;99900;99900 - Fattori investigati ma non identificati;10;2;
2015;C0190;46;2;12;01;2;99900;99900 - Fattori investigati ma non identificati;20;2;
2015;C0190;46;3;22;14;3;99900;99900 - Fattori investigati ma non identificati;20;2;
2015;C0190;47;1;12;02;2;99900;99900 - Fattori investigati ma non identificati;5;2;
2015;C0190;48;1;12;02;2;99900;99900 - Fattori investigati ma non identificati;15;2;
2015;C0190;48;2;22;14;3;99900;99900 - Fattori investigati ma non identificati;15;2;
2015;C0190;49;1;11;01;1;99900;99900 - Fattori investigati ma non identificati;5;2;
2015;C0190;49;2;12;02;2;99900;99900 - Fattori investigati ma non identificati;5;2;
2015;C0190;49;3;22;14;3;99900;99900 - Fattori investigati ma non identificati;5;2;
2015;C0190;50;1;12;03;2;99900;99900 - Fattori investigati ma non identificati;10;2;
2015;C0190;50;2;22;14;3;99900;99900 - Fattori investigati ma non identificati;5;2;
2015;C0190;51;1;11;01;1;99900;99900 - Fattori investigati ma non identificati;5;2;
2015;C0190;51;2;12;01;2;99900;99900 - Fattori investigati ma non identificati;5;2;
2015;C0190;51;3;22;14;3;99900;99900 - Fattori investigati ma non identificati;5;2;
2015;C0190;52;1;12;01;2;99900;99900 - Fattori investigati ma non identificati;15;2;
2015;C0190;53;1;12;01;2;99900;99900 - Fattori investigati ma non identificati;5;2;
2015;C0190;53;2;22;14;3;99900;99900 - Fattori investigati ma non identificati;5;2;
2015;C0190;54;1;12;01;2;99900;99900 - Fattori investigati ma non identificati;5;2;
2015;C0190;54;2;22;14;3;99900;99900 - Fattori investigati ma non identificati;5;2;
2015;C0190;56;1;12;01;2;99900;99900 - Fattori investigati ma non identificati;10;2;
2015;C0190;57;1;12;02;2;99900;99900 - Fattori investigati ma non identificati;10;2;
2015;C0190;58;1;12;02;2;99900;99900 - Fattori investigati ma non identificati;10;2;
2015;C0190;58;2;22;14;3;99900;99900 - Fattori investigati ma non identificati;5;2;
2015;C0190;59;1;12;01;2;99900;99900 - Fattori investigati ma non identificati;15;2;
2015;C0216;1;1;14;01;1;21000;- Non identificato -;10;2;
2015;C0216;1;2;14;02;1;99900;99900 - Fattori investigati ma non identificati;30;2;
2015;C0216;1;3;25;14;3;99900;99900 - Fattori investigati ma non identificati;10;2;
2015;C0216;2;1;14;01;1;21000;- Non identificato -;5;2;
2015;C0216;2;2;14;02;1;99900;99900 - Fattori investigati ma non identificati;10;2;
2015;C0216;2;3;25;14;3;99900;99900 - Fattori investigati ma non identificati;10;2;
2015;C0216;4;1;14;01;1;21000;- Non identificato -;10;2;
2015;C0216;4;2;14;02;1;99900;99900 - Fattori investigati ma non identificati;10;2;
2015;C0216;4;3;22;14;3;99900;99900 - Fattori investigati ma non identificati;10;2;
2015;C0216;5;1;14;01;1;21000;- Non identificato -;10;2;
2015;C0216;5;2;14;02;1;99900;99900 - Fattori investigati ma non identificati;10;2;
2015;C0216;5;3;22;14;3;99900;99900 - Fattori investigati ma non identificati;5;2;
2015;C0216;16;1;14;01;1;21000;- Non identificato -;5;2;
2015;C0216;16;2;14;02;1;99900;99900 - Fattori investigati ma non identificati;5;2;
2015;C0216;16;3;22;14;3;99900;99900 - Fattori investigati ma non identificati;10;2;
2015;C0216;25;1;14;01;1;21000;- Non identificato -;20;2;
2015;C0216;25;2;14;02;1;99900;99900 - Fattori investigati ma non identificati;10;2;
2015;C0216;25;3;25;14;3;99900;99900 - Fattori investigati ma non identificati;15;2;
2015;C0216;32;1;14;01;1;21000;- Non identificato -;10;2;
2015;C0216;32;2;22;14;3;99900;99900 - Fattori investigati ma non identificati;5;2;
2015;C0216;38;1;14;08;1;42200;42200 - Siccità/aridità;30;2;
2015;C0216;39;1;14;01;1;21000;- Non identificato -;5;2;
2015;C0216;39;2;22;14;3;99900;99900 - Fattori investigati ma non identificati;5;2;
2015;C0216;40;1;14;01;1;21000;- Non identificato -;5;2;
2015;C0216;40;2;22;14;3;99900;99900 - Fattori investigati ma non identificati;5;2;
2015;C0216;41;1;14;01;1;21000;- Non identificato -;10;2;
2015;C0216;41;2;22;14;3;99900;99900 - Fattori investigati ma non identificati;10;2;
2015;C0216;42;1;14;01;1;21000;- Non identificato -;15;2;
2015;C0216;42;2;22;14;3;99900;99900 - Fattori investigati ma non identificati;10;2;
2015;C1024;40;1;14;01;1;99900;99900 - Fattori investigati ma non identificati;50;2;
2015;C2025;2;1;31;12;3;81003;81003 - Hedera helix;;;
2015;C2025;3;1;34;12;2;81003;81003 - Hedera helix;;;
2015;C2025;4;1;23;14;1;99900;99900 - Fattori investigati ma non identificati;10;2;
2015;C2025;6;1;00;;;;;;;
2015;C2025;9;1;00;;;;;;;
2015;C2025;11;1;00;;;;;;;
2015;C2025;12;1;00;;;;;;;
2015;C2025;13;1;00;;;;;;;
2015;C2025;14;1;00;;;;;;;
2015;C2025;15;1;00;;;;;;;
2015;C2025;17;1;32;10;1;21000;Lymantria dispar;;;
2015;C2025;18;1;00;;;;;;;
2015;C2025;19;1;00;;;;;;;
2015;C2025;20;1;00;;;;;;;
2015;C2025;21;1;00;;;;;;;
2015;C2025;22;1;00;;;;;;;
2015;C2025;23;1;00;;;;;;;
2015;C2025;25;1;00;;;;;;;
2015;C2025;26;1;00;;;;;;;
2015;C0475;14;2;14;02;1;42600;42600 - Calore/colpo di calore;10;2;
2015;C0475;4;2;33;11;3;30400;- Non identificato -;;;
2015;C0475;5;3;33;11;3;30400;- Non identificato -;;;
2015;C0475;5;2;14;02;1;99900;99900 - Fattori investigati ma non identificati;5;2;
2015;C0475;5;1;22;14;3;99900;99900 - Fattori investigati ma non identificati;10;2;
2015;C0161;2;1;00;;;;;;;
2015;C0161;3;1;00;;;;;;;
2015;C0161;4;1;14;01;1;21000;- Non identificato -;5;2;
2015;C0161;5;1;14;01;1;99900;99900 - Fattori investigati ma non identificati;10;2;
2015;C0161;5;2;22;14;3;99900;99900 - Fattori investigati ma non identificati;5;2;
2015;C0161;6;1;00;;;;;;;
2015;C0161;7;1;00;;;;;;;
2015;C0161;9;1;22;14;3;99900;99900 - Fattori investigati ma non identificati;10;2;
2015;C0161;12;1;22;14;3;99900;99900 - Fattori investigati ma non identificati;15;2;
2015;C0161;17;1;14;01;1;99900;99900 - Fattori investigati ma non identificati;10;2;
2015;C0161;20;1;00;;;;;;;
2015;C0161;21;1;25;14;3;99900;99900 - Fattori investigati ma non identificati;30;2;
2015;C0161;21;2;14;01;1;21000;- Non identificato -;30;2;
2015;C0161;22;1;25;14;3;99900;99900 - Fattori investigati ma non identificati;30;2;
2015;C0161;23;1;14;01;1;21000;- Non identificato -;20;2;
2015;C0161;32;1;00;;;;;;;
2015;C0161;33;1;14;01;1;21000;- Non identificato -;40;2;
2015;C0161;33;2;25;14;3;99900;99900 - Fattori investigati ma non identificati;30;2;
2015;C0161;34;1;14;01;1;21000;- Non identificato -;10;2;
2015;C0161;35;1;00;;;;;;;
2015;C0161;36;1;14;01;1;21000;- Non identificato -;20;2;
2015;C0161;37;1;00;;;;;;;
2015;C0161;38;1;00;;;;;;;
2015;C0163;1;1;00;;;;;;;
2015;C0163;3;1;12;01;2;99900;99900 - Fattori investigati ma non identificati;5;2;
2015;C0163;4;1;00;;;;;;;
2015;C0163;5;1;12;01;2;99900;99900 - Fattori investigati ma non identificati;15;2;
2015;C0163;6;1;00;;;;;;;
2015;C0163;9;1;00;;;;;;;
2015;C0163;11;1;12;01;2;99900;99900 - Fattori investigati ma non identificati;15;2;
2015;C0163;12;1;00;;;;;;;
2015;C0163;23;1;00;;;;;;;
2015;C0163;24;1;00;;;;;;;
2015;C0163;31;1;00;;;;;;;
2015;C0163;35;1;14;01;1;21000;- Non identificato -;15;2;
2015;C0163;36;1;00;;;;;;;
2015;C0163;37;1;12;01;2;99900;99900 - Fattori investigati ma non identificati;5;2;
2015;C0163;39;1;14;01;1;21000;- Non identificato -;15;2;
2015;C0163;40;1;00;;;;;;;
2015;C0193;1;1;25;13;1;54100;54100 - Tagli, abbattimento;10;2;
2015;C0193;3;1;00;;;;;;;
2015;C0193;4;1;00;;;;;;;
2015;C0193;6;1;00;;;;;;;
2015;C0193;9;1;14;01;1;21000;- Non identificato -;5;2;
2015;C0193;13;1;00;;;;;;;
2015;C0193;14;1;00;;;;;;;
2015;C0193;15;1;00;;;;;;;
2015;C0193;18;1;00;;;;;;;
2015;C0193;20;1;00;;;;;;;
2015;C0193;21;1;14;01;1;21000;- Non identificato -;10;2;
2015;C0193;30;1;13;01;3;99900;99900 - Fattori investigati ma non identificati;10;2;
2015;C0193;32;1;00;;;;;;;
2015;C0193;33;1;23;15;3;99900;99900 - Fattori investigati ma non identificati;15;2;
2015;C0193;34;1;14;01;1;21000;- Non identificato -;10;2;
2015;C0193;36;1;00;;;;;;;
2015;C0193;38;1;04;;1;54100;54100 - Tagli, abbattimento;;;
2015;C0193;39;1;00;;;;;;;
2015;C0193;40;1;14;01;1;21000;- Non identificato -;10;2;
2015;C0193;41;1;00;;;;;;;
2015;C0193;42;1;00;;;;;;;
2015;C2000;1;1;00;;;;;;;
2015;C2000;2;1;00;;;;;;;
2015;C2000;6;1;00;;;;;;;
2015;C2000;10;1;14;01;1;99900;99900 - Fattori investigati ma non identificati;15;2;
2015;C2000;10;2;22;14;1;99900;99900 - Fattori investigati ma non identificati;15;2;
2015;C2000;11;1;00;;;;;;;
2015;C2000;14;1;22;14;1;99900;99900 - Fattori investigati ma non identificati;10;2;
2015;C2000;14;2;34;12;2;81003;81003 - Hedera helix;;;
2015;C2000;18;1;00;;;;;;;
2015;C2000;19;1;22;14;1;99900;99900 - Fattori investigati ma non identificati;15;2;
2015;C2000;21;1;22;14;1;99900;99900 - Fattori investigati ma non identificati;15;2;
2015;C2000;22;1;00;;;;;;;
2015;C2000;33;1;14;01;1;99900;99900 - Fattori investigati ma non identificati;15;2;
2015;C2000;49;1;00;;;;;;;
2015;C2000;50;1;00;;;;;;;
2015;C2000;58;1;00;;;;;;;
2015;C2000;61;1;00;;;;;;;
2015;C0120;1;1;12;01;3;99900;99900 - Fattori investigati ma non identificati;10;2;
2015;C0120;2;1;04;;1;30400;- Non identificato -;;;
2015;C0120;3;1;13;01;3;99900;99900 - Fattori investigati ma non identificati;10;2;
2015;C0120;4;1;13;01;3;99900;99900 - Fattori investigati ma non identificati;20;2;
2015;C0120;5;1;13;01;3;99900;99900 - Fattori investigati ma non identificati;40;2;
2015;C0120;6;1;13;01;3;99900;99900 - Fattori investigati ma non identificati;10;2;
2015;C0120;7;1;13;01;3;99900;99900 - Fattori investigati ma non identificati;10;2;
2015;C0120;8;1;13;01;3;99900;99900 - Fattori investigati ma non identificati;10;2;
2015;C0120;11;1;13;01;3;99900;99900 - Fattori investigati ma non identificati;20;2;
2015;C0120;13;1;13;01;3;99900;99900 - Fattori investigati ma non identificati;20;2;
2015;C0120;15;1;13;01;3;99900;99900 - Fattori investigati ma non identificati;30;2;
2015;C0120;18;1;13;01;3;99900;99900 - Fattori investigati ma non identificati;20;2;
2015;C0120;19;1;13;01;3;99900;99900 - Fattori investigati ma non identificati;10;2;
2015;C0120;21;1;13;02;1;99900;99900 - Fattori investigati ma non identificati;25;2;
2015;C0120;22;1;13;01;3;99900;99900 - Fattori investigati ma non identificati;20;2;
2015;C0120;23;1;13;01;3;99900;99900 - Fattori investigati ma non identificati;10;2;
2015;C0120;25;1;13;01;3;99900;99900 - Fattori investigati ma non identificati;25;2;
2015;C0120;28;1;13;01;3;99900;99900 - Fattori investigati ma non identificati;10;2;
2015;C0120;28;2;32;13;2;99900;99900 - Fattori investigati ma non identificati;15;2;
2015;C0120;29;1;13;02;1;99900;99900 - Fattori investigati ma non identificati;15;2;
2015;C0120;29;2;13;01;3;99900;99900 - Fattori investigati ma non identificati;15;2;
2015;C0120;32;1;13;01;3;99900;99900 - Fattori investigati ma non identificati;25;2;
2015;C0153;1;1;14;01;1;99900;99900 - Fattori investigati ma non identificati;5;2;
2015;C0153;4;1;00;;;;;;;
2015;C0153;12;1;14;01;1;99900;99900 - Fattori investigati ma non identificati;10;2;
2015;C0153;12;2;22;14;3;99900;99900 - Fattori investigati ma non identificati;5;2;
2015;C0153;20;1;14;01;1;99900;99900 - Fattori investigati ma non identificati;20;2;
2015;C0153;20;2;22;14;3;99900;99900 - Fattori investigati ma non identificati;15;2;
2015;C0153;21;1;14;01;1;99900;99900 - Fattori investigati ma non identificati;10;2;
2015;C0153;24;1;00;;;;;;;
2015;C0153;26;1;14;02;1;42200;42200 - Siccità/aridità;15;2;
2015;C0153;26;2;22;14;3;99900;99900 - Fattori investigati ma non identificati;10;2;
2015;C0153;27;1;14;02;1;42200;42200 - Siccità/aridità;10;2;
2015;C0153;27;2;22;14;3;99900;99900 - Fattori investigati ma non identificati;15;2;
2015;C0153;32;1;14;02;1;42200;42200 - Siccità/aridità;10;2;
2015;C0153;34;1;31;13;1;99900;99900 - Fattori investigati ma non identificati;;1;
2015;C0153;37;1;04;;1;54100;54100 - Tagli, abbattimento;;;
2015;C0153;40;1;14;02;1;42200;42200 - Siccità/aridità;5;2;
2015;C0153;40;2;22;14;3;99900;99900 - Fattori investigati ma non identificati;5;2;
2015;C0153;42;1;14;01;1;99900;99900 - Fattori investigati ma non identificati;15;2;
2015;C0153;42;2;14;02;1;42200;42200 - Siccità/aridità;20;2;
2015;C0153;42;3;22;14;3;99900;99900 - Fattori investigati ma non identificati;20;2;
2015;C0153;43;1;14;02;1;42200;42200 - Siccità/aridità;5;2;
2015;C0153;43;2;22;14;3;99900;99900 - Fattori investigati ma non identificati;5;2;
2015;C0153;44;1;21;14;1;99900;99900 - Fattori investigati ma non identificati;5;2;
2015;C0153;44;2;14;01;1;99900;99900 - Fattori investigati ma non identificati;5;2;
2015;C0154;21;1;14;01;1;99900;99900 - Fattori investigati ma non identificati;50;2;
2015;C0154;21;2;33;17;2;43400;43400 - Caduta rocce;45;2;
2015;C0154;22;1;14;03;1;42600;42600 - Calore/colpo di calore;20;2;
2015;C0154;22;2;14;08;1;42600;42600 - Calore/colpo di calore;80;2;
2015;C0154;22;3;22;14;1;99900;99900 - Fattori investigati ma non identificati;10;2;
2015;C0154;22;4;33;17;2;43400;43400 - Caduta rocce;30;2;
2015;C0154;23;1;04;;1;99900;99900 - Fattori investigati ma non identificati;;;
2015;C0185;47;2;22;14;3;99900;99900 - Fattori investigati ma non identificati;10;2;
2015;C0007;12;1;12;01;2;99900;99900 - Fattori investigati ma non ide;10;2;
2015;C0185;47;1;14;02;1;42200;42200 - Siccità/aridità;35;2;
2015;C0185;46;2;22;14;3;99900;99900 - Fattori investigati ma non identificati;10;2;
2015;C0185;46;1;14;02;1;42200;42200 - Siccità/aridità;20;2;
2015;C0185;45;2;22;14;3;99900;99900 - Fattori investigati ma non identificati;10;2;
2015;C0185;45;1;14;02;1;42200;42200 - Siccità/aridità;20;2;
2015;C0185;44;2;22;14;3;99900;99900 - Fattori investigati ma non identificati;10;2;
2015;C0185;44;1;14;02;1;42200;42200 - Siccità/aridità;15;2;
2015;C0185;43;2;22;14;3;99900;99900 - Fattori investigati ma non identificati;10;2;
2015;C0185;43;1;14;02;1;42200;42200 - Siccità/aridità;10;2;
2015;C0185;42;3;22;14;3;99900;99900 - Fattori investigati ma non identificati;10;2;
2015;C0185;42;2;14;01;1;99900;99900 - Fattori investigati ma non identificati;10;2;
2015;C0185;42;1;14;03;1;42200;42200 - Siccità/aridità;10;2;
2015;C0185;41;2;22;14;3;99900;99900 - Fattori investigati ma non identificati;10;2;
2015;C0185;41;1;14;03;1;42200;42200 - Siccità/aridità;25;2;
2015;C0185;40;2;22;14;3;99900;99900 - Fattori investigati ma non identificati;10;2;
2015;C0185;40;1;14;03;1;42200;42200 - Siccità/aridità;20;2;
2015;C0185;39;2;31;21;2;99900;99900 - Fattori investigati ma non identificati;;;
2015;C0185;39;1;14;01;1;99900;99900 - Fattori investigati ma non identificati;30;2;
2015;C0185;38;2;22;14;3;99900;99900 - Fattori investigati ma non identificati;15;2;
2015;C0185;38;1;14;03;1;42200;42200 - Siccità/aridità;20;2;
2015;C0185;37;2;22;14;3;99900;99900 - Fattori investigati ma non identificati;15;2;
2015;C0185;37;1;14;03;1;42200;42200 - Siccità/aridità;35;2;
2015;C0185;36;1;26;14;2;99900;99900 - Fattori investigati ma non identificati;;1;
2015;C0185;35;2;25;14;3;99900;99900 - Fattori investigati ma non identificati;20;2;
2015;C0185;35;1;14;02;1;42200;42200 - Siccità/aridità;30;2;
2015;C0185;33;2;22;14;3;99900;99900 - Fattori investigati ma non identificati;20;2;
2015;C0185;33;1;14;01;1;99900;99900 - Fattori investigati ma non identificati;15;2;
2015;C0185;30;3;22;14;3;99900;99900 - Fattori investigati ma non identificati;20;2;
2015;C0185;30;2;14;01;1;42200;42200 - Siccità/aridità;15;2;
2015;C0185;30;1;14;03;1;99900;99900 - Fattori investigati ma non identificati;25;2;
2015;C0185;28;3;25;14;3;99900;99900 - Fattori investigati ma non identificati;10;2;
2015;C0185;28;2;14;09;1;42200;42200 - Siccità/aridità;20;2;accartocciamento
2015;C0185;28;1;14;03;1;42200;42200 - Siccità/aridità;20;2;
2015;C0185;8;3;33;13;2;99900;99900 - Fattori investigati ma non identificati;80;2;
2015;C0185;8;2;25;14;3;99900;99900 - Fattori investigati ma non identificati;30;2;
2015;C0185;8;1;14;03;1;99900;99900 - Fattori investigati ma non identificati;35;2;
2015;C0185;4;2;25;14;3;99900;99900 - Fattori investigati ma non identificati;30;2;
2015;C0476;1;1;14;03;1;99900;99900 - Fattori investigati ma non identificati;5;2;
2015;C0185;4;1;14;02;1;99900;99900 - Fattori investigati ma non identificati;30;2;
2015;C0185;1;2;22;14;3;99900;99900 - Fattori investigati ma non identificati;5;2;
2015;C0185;1;1;14;06;1;99900;99900 - Fattori investigati ma non identificati;10;2;
2015;C0155;35;1;14;01;1;99900;99900 - Fattori investigati ma non identificati;15;2;
2015;C0155;34;2;14;03;1;99900;99900 - Fattori investigati ma non identificati;5;2;
2015;C0155;31;2;25;14;3;99900;99900 - Fattori investigati ma non identificati;40;2;
2015;C0155;34;1;14;01;1;99900;99900 - Fattori investigati ma non identificati;10;2;
2015;C0155;31;1;13;01;3;99900;99900 - Fattori investigati ma non identificati;40;2;
2015;C0155;28;2;25;14;3;99900;99900 - Fattori investigati ma non identificati;40;2;
2015;C0155;28;1;13;01;3;99900;99900 - Fattori investigati ma non identificati;50;2;
2015;C0155;27;1;14;01;1;99900;99900 - Fattori investigati ma non identificati;5;2;
2015;C0155;27;2;14;02;1;99900;99900 - Fattori investigati ma non identificati;5;2;
2015;C0155;24;2;22;14;3;99900;99900 - Fattori investigati ma non identificati;15;2;
2015;C0155;24;1;13;01;3;99900;99900 - Fattori investigati ma non identificati;20;2;
2015;C0155;22;1;13;01;3;99900;99900 - Fattori investigati ma non identificati;35;2;
2015;C0155;22;2;22;14;3;99900;99900 - Fattori investigati ma non identificati;15;2;
2015;C0155;20;2;25;14;3;99900;99900 - Fattori investigati ma non identificati;30;2;
2015;C0155;20;1;13;01;3;99900;99900 - Fattori investigati ma non identificati;25;2;
2015;C0155;17;2;22;14;3;99900;99900 - Fattori investigati ma non identificati;20;2;
2015;C0155;17;1;13;01;3;99900;99900 - Fattori investigati ma non identificati;25;2;
2015;C0155;16;2;25;14;3;99900;99900 - Fattori investigati ma non identificati;25;2;
2015;C0155;16;1;11;01;1;99900;99900 - Fattori investigati ma non identificati;35;2;
2015;C0155;13;1;14;01;1;99900;99900 - Fattori investigati ma non identificati;5;2;
2015;C0155;13;2;14;02;1;99900;99900 - Fattori investigati ma non identificati;5;2;
2015;C0155;13;3;22;14;3;99900;99900 - Fattori investigati ma non identificati;5;2;
2015;C0155;14;1;13;01;3;99900;99900 - Fattori investigati ma non identificati;25;2;
2015;C0155;10;2;25;14;2;99900;99900 - Fattori investigati ma non identificati;20;2;
2015;C0155;10;1;13;01;3;99900;99900 - Fattori investigati ma non identificati;25;2;
2015;C0155;9;2;25;14;2;99900;99900 - Fattori investigati ma non identificati;20;2;
2015;C0155;8;1;13;01;3;99900;99900 - Fattori investigati ma non identificati;35;2;
2015;C0155;9;1;13;01;3;99900;99900 - Fattori investigati ma non identificati;25;2;
2015;C0155;8;3;34;08;2;31000;31000 - Deformazioni;15;2;
2015;C0186;1;1;14;01;1;99900;99900 - Fattori investigati ma non identificati;10;2;
2015;C0186;1;2;22;14;2;99900;99900 - Fattori investigati ma non identificati;10;2;
2015;C0186;4;1;12;01;1;99900;99900 - Fattori investigati ma non identificati;50;2;
2015;C0186;4;2;22;14;2;99900;99900 - Fattori investigati ma non identificati;20;2;
2015;C0186;5;1;14;01;1;99900;99900 - Fattori investigati ma non identificati;15;2;
2015;C0186;5;2;14;04;1;42200;42200 - Siccità/aridità;10;2;
2015;C0186;6;1;14;02;1;42200;42200 - Siccità/aridità;15;2;
2015;C0186;6;2;14;01;1;99900;99900 - Fattori investigati ma non identificati;10;2;
2015;C0186;6;3;22;14;2;99900;99900 - Fattori investigati ma non identificati;15;2;
2015;C0186;8;1;14;01;1;99900;99900 - Fattori investigati ma non identificati;15;2;
2015;C0186;9;1;22;14;2;99900;99900 - Fattori investigati ma non identificati;15;2;
2015;C0186;9;2;31;08;2;31000;31000 - Deformazioni;50;2;policormico
2015;C0186;11;1;14;01;1;99900;99900 - Fattori investigati ma non identificati;45;2;
2015;C0186;11;2;14;08;1;42200;42200 - Siccità/aridità;30;2;
2015;C0186;11;3;22;14;3;99900;99900 - Fattori investigati ma non identificati;10;2;
2015;C0186;18;1;14;01;1;99900;99900 - Fattori investigati ma non identificati;15;2;
2015;C0186;19;1;14;01;1;99900;99900 - Fattori investigati ma non identificati;10;2;
2015;C0186;35;1;14;01;1;99900;99900 - Fattori investigati ma non identificati;5;2;
2015;C0186;35;2;14;02;1;42200;42200 - Siccità/aridità;5;2;
2015;C0186;36;1;14;01;1;99900;99900 - Fattori investigati ma non identificati;20;2;
2015;C0186;36;2;14;03;1;42200;42200 - Siccità/aridità;10;2;
2015;C0186;36;3;22;14;3;99900;99900 - Fattori investigati ma non identificati;15;2;
2015;C0186;40;1;04;;1;54100;54100 - Tagli, abbattimento;;;
2015;C0186;41;1;14;01;1;99900;99900 - Fattori investigati ma non identificati;20;2;
2015;C0186;41;2;14;03;1;42200;42200 - Siccità/aridità;15;2;
2015;C0186;41;3;22;14;3;99900;99900 - Fattori investigati ma non identificati;15;2;
2015;C0155;8;2;25;14;2;99900;99900 - Fattori investigati ma non identificati;25;2;
2015;C0155;7;2;25;14;2;99900;99900 - Fattori investigati ma non identificati;45;2;
2015;C0155;6;1;13;01;3;99900;99900 - Fattori investigati ma non identificati;20;2;
2015;C0155;6;2;22;14;2;99900;99900 - Fattori investigati ma non identificati;15;2;
2015;C1024;14;1;14;01;1;99900;99900 - Fattori investigati ma non identificati;10;2;
2015;C0007;11;1;23;14;2;99900;99900 - Fattori investigati ma non ide;0;2;
2015;C0007;29;1;22;14;2;99900;99900 - Fattori investigati ma non ide;5;2;
2015;C0007;29;2;13;02;1;42200;42200 - Siccità/aridità;5;2;
2015;C0007;29;3;12;04;3;99900;99900 - Fattori investigati ma non ide;5;2;
2015;C0007;30;1;12;03;1;42200;42200 - Siccità/aridità;5;2;
2015;C0007;30;2;12;01;2;99900;99900 - Fattori investigati ma non ide;5;2;
2015;C0007;2;1;12;04;3;99900;99900 - Fattori investigati ma non ide;5;2;
2015;C0007;2;2;12;03;1;42200;42200 - Siccità/aridità;0;2;
2015;C0007;8;1;12;03;1;42200;42200 - Siccità/aridità;5;2;
2015;C0007;7;1;12;01;3;99900;99900 - Fattori investigati ma non ide;15;2;
2015;C0007;7;2;12;03;1;42200;42200 - Siccità/aridità;5;2;
2015;C0007;7;3;12;04;3;99900;99900 - Fattori investigati ma non ide;5;2;
2015;C0007;4;1;12;01;2;99900;99900 - Fattori investigati ma non ide;25;2;
2015;C0007;3;1;12;01;3;99900;99900 - Fattori investigati ma non ide;20;2;
2015;C0007;15;1;23;14;2;99900;99900 - Fattori investigati ma non ide;5;2;
2015;C0007;16;1;12;01;2;99900;99900 - Fattori investigati ma non ide;10;2;
2015;C0007;16;2;22;14;2;99900;99900 - Fattori investigati ma non ide;0;2;
2015;C0007;17;1;23;14;2;99900;99900 - Fattori investigati ma non ide;5;2;
2015;C0007;17;2;12;01;2;99900;99900 - Fattori investigati ma non ide;10;2;
2015;C0007;1;1;12;01;2;99900;99900 - Fattori investigati ma non ide;10;2;
2015;C0007;18;1;12;01;2;99900;99900 - Fattori investigati ma non ide;10;2;
2015;C0007;18;2;22;14;2;99900;99900 - Fattori investigati ma non ide;5;2;
2015;C0007;19;1;12;01;2;99900;99900 - Fattori investigati ma non ide;55;2;
2015;C0007;19;2;21;14;1;99900;99900 - Fattori investigati ma non ide;10;2;
2015;C0007;20;1;12;01;2;99900;99900 - Fattori investigati ma non ide;10;2;
2015;C0007;20;2;12;03;1;42200;42200 - Siccità/aridità;5;2;
2015;C0007;21;1;12;01;2;99900;99900 - Fattori investigati ma non ide;5;2;
2015;C0007;22;1;12;01;2;99900;99900 - Fattori investigati ma non ide;10;2;
2015;C0007;22;2;12;03;1;42200;42200 - Siccità/aridità;5;2;
2015;C0007;23;1;12;01;2;99900;99900 - Fattori investigati ma non ide;5;2;
2015;C0007;23;2;12;04;1;42200;42200 - Siccità/aridità;10;2;
2015;C0007;5;1;12;03;1;42200;42200 - Siccità/aridità;5;2;
2015;C0007;5;2;12;01;2;99900;99900 - Fattori investigati ma non ide;25;2;
2015;C0007;6;1;12;01;2;99900;99900 - Fattori investigati ma non ide;5;2;
2015;C0035;3;1;00;;;;;;;
2015;C0035;6;1;00;;;;;;;
2015;C0035;19;1;00;;;;;;;
2015;C0035;20;1;00;;;;;;;
2015;C0035;7;1;00;;;;;;;
2015;C0035;34;1;00;;;;;;;
2015;C0035;1;1;00;;;;;;;
2015;C0035;8;1;00;;;;;;;
2015;C0035;32;1;00;;;;;;;
2015;C0035;21;1;00;;;;;;;
2015;C0035;33;1;31;18;2;99900;99900 - Fattori investigati ma non ide;5;2;
2015;C0035;9;1;12;03;1;42200;42200 - Siccità/aridità;5;2;
2015;C0035;2;1;00;;;;;;;
2015;C0035;10;1;00;;;;;;;
2015;C0035;29;1;12;01;1;99900;99900 - Fattori investigati ma non ide;5;2;sfregamento da parte di albero vicino (vento)
2015;C0035;11;1;00;;;;;;;
2015;C0035;12;1;00;;;;;;;
2015;C0035;31;1;00;;;;;;;
2015;C0035;28;1;21;14;1;99900;99900 - Fattori investigati ma non ide;5;2;
2015;C0035;15;1;00;;;;;;;
2015;C0035;14;1;21;14;1;99900;99900 - Fattori investigati ma non ide;5;2;soltanto su un ramo circa 10 getti
2015;C0035;13;1;00;;;;;;;
2015;C0042;34;1;00;;;;;;;
2015;C0042;35;1;00;;;;;;;
2015;C0042;37;1;22;08;1;27000;Sacchipantes viridis;5;2;
2015;C0042;36;1;22;08;1;27000;Sacchipantes viridis;5;2;
2015;C0042;38;1;21;08;3;27000;Sacchipantes viridis;5;2;
2015;C0042;42;1;22;08;2;27000;Sacchipantes viridis;0;2;
2015;C0042;40;1;00;;;;;;;
2015;C0042;39;1;22;08;2;27000;Sacchipantes viridis;0;2;
2015;C0042;11;1;22;08;2;27000;Sacchipantes viridis;0;2;
2015;C0042;11;2;32;18;3;99900;99900 - Fattori investigati ma non ide;5;2;
2015;C0042;1;1;00;;;;;;;
2015;C0042;2;1;00;;;;;;;
2015;C0042;3;1;12;01;2;99900;99900 - Fattori investigati ma non ide;10;2;
2015;C0042;12;1;00;;;;;;;
2015;C0042;33;1;00;;;;;;;
2015;C0042;30;1;00;;;;;;;
2015;C0042;32;1;12;01;2;99900;99900 - Fattori investigati ma non ide;5;2;
2015;C0042;13;1;26;01;2;43000;43000 - Neve;5;2;
2015;C0042;4;1;00;;;;;;;
2015;C0042;5;1;22;08;2;27000;Sacchipantes viridis;5;2;
2015;C0042;5;2;26;01;2;43000;43000 - Neve;5;2;
2015;C0042;6;1;22;08;2;27000;Sacchipantes viridis;0;2;
2015;C0042;7;1;00;;;;;;;
2015;C0042;41;1;12;01;2;99900;99900 - Fattori investigati ma non ide;10;2;
2015;C0042;41;2;23;01;2;99900;99900 - Fattori investigati ma non ide;5;2;
2015;C0074;1;1;00;;;;;;;
2015;C0074;3;1;00;;;;;;;
2015;C0074;4;1;00;;;;;;;
2015;C0074;31;1;13;03;1;99900;99900 - Fattori investigati ma non ide;5;2;einseitige veefàrbung der nadeln in der krone... alter wb
2015;C0074;13;1;00;;;;;;;
2015;C0074;14;1;32;17;2;54100;54100 - Tagli, abbattimento;5;2;
2015;C0074;15;1;12;01;2;99900;99900 - Fattori investigati ma non ide;5;2;ramificazione secondaria nella cima spesso disseccato
2015;C0074;11;1;32;17;2;43400;43400 - Caduta rocce;5;2;
2015;C0074;10;1;00;;;;;;;
2015;C0074;32;1;32;17;2;43400;43400 - Caduta rocce;5;2;
2015;C0074;8;1;00;;;;;;;
2015;C0074;23;1;00;;;;;;;
2015;C0074;12;1;00;;;;;;;
2015;C0074;7;1;00;;;;;;;
2015;C0074;22;1;26;01;2;43000;43000 - Neve;20;2;vecchia rottura del cimale (ca 4m)
2015;C0074;6;1;00;;;;;;;
2015;C0074;20;1;32;17;2;43400;43400 - Caduta rocce;5;2;
2015;C0074;16;1;32;17;2;43400;43400 - Caduta rocce;0;2;
2015;C0074;17;1;00;;;;;;;
2015;C0074;2;1;26;01;2;43000;43000 - Neve;20;2;vecchia rottura del cimale (ca 7m)
2015;C0105;2;1;32;17;2;55000;55000 - Danni meccanici e/o da veicoli;5;2;
2015;C0105;8;1;26;01;2;43000;43000 - Neve;20;2;vecchia rottura del cimale (ca 3m)
2015;C0105;40;1;04;;1;43000;43000 - Neve;;;
2015;C0105;41;1;26;01;1;43000;43000 - Neve;5;2;vecchia rottura del cimale (ca 1m)
2015;C0105;41;2;32;17;1;54100;54100 - Tagli, abbattimento;15;2;
2015;C0105;7;1;32;17;2;54100;54100 - Tagli, abbattimento;10;2;
2015;C0105;42;1;31;08;2;43000;43000 - Neve;5;2;biforcazione sui 15m
2015;C0105;6;1;32;17;2;54100;54100 - Tagli, abbattimento;5;2;
2015;C0105;28;1;00;;;;;;;
2015;C0105;27;1;22;14;3;99900;99900 - Fattori investigati ma non ide;10;2;
2015;C0105;43;1;00;;;;;;;
2015;C0105;3;1;00;;;;;;;
2015;C0105;33;1;00;;;;;;;
2015;C0105;32;1;32;18;1;99900;99900 - Fattori investigati ma non ide;5;2;
2015;C0105;31;1;00;;;;;;;
2015;C0105;23;1;32;18;2;99900;99900 - Fattori investigati ma non ide;5;2;
2015;C0105;18;1;00;;;;;;;
2015;C0105;44;1;32;17;2;43400;43400 - Caduta rocce;5;2;
2015;C0105;1;1;32;17;2;54100;54100 - Tagli, abbattimento;10;2;
2015;C0105;10;1;26;01;1;43000;43000 - Neve;15;2;vecchia rottura del cimale (ca 4m)
2015;C0105;35;1;00;;;;;;;
2015;C0105;5;1;26;01;2;43000;43000 - Neve;20;2;vecchia rottura del cimale (ca 3m)
2015;C0105;24;1;00;;;;;;;
2015;C0105;36;1;00;;;;;;;
2015;C0111;41;1;04;;1;43000;43000 - Neve;;;
2015;C0111;37;1;32;18;2;99900;99900 - Fattori investigati ma non ide;5;2;
2015;C0111;36;1;22;08;3;27000;Sacchipantes viridis;0;2;
2015;C0111;4;1;00;;;;;;;
2015;C0111;9;1;00;;;;;;;
2015;C0111;8;1;00;;;;;;;
2015;C0111;7;1;00;;;;;;;
2015;C0111;12;1;00;;;;;;;
2015;C0111;11;1;00;;;;;;;
2015;C0111;10;1;32;18;1;14300;14300 - Picidae;5;2;Buchi dal picchio, piccoli ca. 1cm di diametro. Nessun segno di cole
2015;C0111;3;1;22;08;3;27000;Adelges tardus;5;2;
2015;C0111;6;1;22;08;3;27000;Sacchipantes viridis;5;2;
2015;C0111;6;2;22;08;3;27000;Adelges tardus;5;2;
2015;C0111;2;1;26;01;1;43000;43000 - Neve;25;2;vecchia rottura del cimale (ca 4m)
2015;C0111;2;2;22;08;2;27000;Sacchipantes viridis;5;2;
2015;C0111;32;1;22;08;1;27000;Sacchipantes viridis;5;2;
2015;C0111;1;1;00;;;;;;;
2015;C0111;31;1;04;;1;43000;43000 - Neve;;;rimasto il solo fusto di ca. 5m
2015;C0133;30;1;14;10;1;21000;- Non identificato -;;;
2015;C0133;11;1;14;01;1;21000;- Non identificato -;5;2;
2015;C0133;11;2;22;14;3;99900;99900 - Fattori investigati ma non ide;10;2;
2015;C0133;1;1;26;01;2;43000;43000 - Neve;15;2;
2015;C0133;1;2;32;18;3;99900;99900 - Fattori investigati ma non ide;10;2;
2015;C0133;1;3;13;9;3;81001;81001 - Viscum album;15;2;
2015;C0133;6;1;23;14;2;99900;99900 - Fattori investigati ma non ide;10;2;
2015;C0133;6;2;14;10;1;21000;- Non identificato -;;;
2015;C0133;5;1;23;14;2;99900;99900 - Fattori investigati ma non ide;5;2;
2015;C0133;5;2;14;10;1;21000;- Non identificato -;;;
2015;C0170;33;1;00;;;;;;;
2015;C0170;34;1;21;10;1;27000;Sacchipantes viridis;;;
2015;C0170;36;1;00;;;;;;;
2015;C0170;3;1;00;;;;;;;
2015;C0170;4;1;00;;;;;;;
2015;C0170;37;1;00;;;;;;;
2015;C0170;23;1;00;;;;;;;
2015;C0170;32;1;00;;;;;;;
2015;C0170;22;1;13;01;3;99900;99900 - Fattori investigati ma non ide;10;2;
2015;C0170;24;1;13;01;3;85002;85002 - Interazione fisica;5;2;sfregamento da parte di albero vicino (vento)
2015;C0170;25;1;13;01;3;99900;99900 - Fattori investigati ma non ide;10;2;
2015;C0170;26;1;13;01;1;99900;99900 - Fattori investigati ma non ide;10;2;
2015;C0170;26;2;32;17;2;54000;54000 - Operazioni selvicolturali;50;2;albero d`ancoraggio
2015;C0204;1;1;11;03;1;30100;Chrysomyxa spp.;25;2;
2015;C0204;1;2;34;09;1;42600;42600 - Calore/colpo di calore;25;2;
2015;C0204;2;1;11;03;1;30100;Chrysomyxa spp.;10;2;
2015;C0204;2;2;32;17;2;54100;54100 - Tagli, abbattimento;5;2;
2015;C0204;3;1;12;01;3;99900;99900 - Fattori investigati ma non ide;10;2;
2015;C0204;5;1;32;08;2;40000;40000 - Agenti abiotici;50;2;pianta con biforcazione a 1,5m dove un fusto ‚ crollato causato da n
2015;C0204;5;2;32;20;3;30400;Heterobasidion annosum sensu latu;20;2;
2015;C0204;5;3;11;03;1;30100;Chrysomyxa spp.;35;2;
2015;C0204;6;1;12;01;2;99900;99900 - Fattori investigati ma non ide;5;2;
2015;C0204;6;2;21;01;2;43000;43000 - Neve;10;2;vecchia rottura del cimale (ca 4m)
2015;C0204;31;1;11;03;1;30100;Chrysomyxa spp.;5;2;
2015;C0204;31;2;34;12;2;14300;14300 - Picidae;;;Picoides tridactylus
2015;C0204;32;1;00;;;;;;;
2015;C0204;35;1;23;01;2;99900;99900 - Fattori investigati ma non ide;5;2;
2015;C0204;36;1;00;;;;;;;
2015;C0204;37;1;12;01;2;99900;99900 - Fattori investigati ma non ide;15;2;
2015;C0204;38;1;12;01;2;99900;99900 - Fattori investigati ma non ide;5;2;
2015;C0204;39;1;00;;;;;;;
2015;C0204;40;1;00;;;;;;;
2015;C0204;41;1;00;;;;;;;
2015;C0204;42;1;11;03;1;30100;Chrysomyxa spp.;5;2;
2015;C0204;43;1;23;14;2;99900;99900 - Fattori investigati ma non ide;5;2;
2015;C0204;43;2;11;03;1;30100;Chrysomyxa spp.;5;2;
2015;C0204;45;1;12;01;1;30100;Chrysomyxa spp.;20;2;dell' anno 2014
2015;C0204;45;2;32;08;2;30900;- Non identificato -;40;2;
2015;C0204;45;3;12;01;2;99900;99900 - Fattori investigati ma non ide;10;2;
2015;C0204;45;4;26;08;2;43000;43000 - Neve;10;2;vecchia rottura del cimale (ca 2m)
2015;C0217;1;1;12;01;2;99900;99900 - Fattori investigati ma non ide;10;2;
2015;C0217;1;2;21;01;1;99900;99900 - Fattori investigati ma non ide;30;2;sopratutto i getti principali della cacciata secondaria
2015;C0217;2;1;00;;;;;;;
2015;C0217;31;1;12;03;1;42200;42200 - Siccità/aridità;20;2;
2015;C0217;33;1;13;03;1;99900;99900 - Fattori investigati ma non ide;5;2;
2015;C0217;36;1;11;03;1;30100;Chrysomyxa spp.;30;2;
2015;C0217;36;2;12;01;2;99900;99900 - Fattori investigati ma non ide;5;2;
2015;C0217;9;1;11;03;1;99900;99900 - Fattori investigati ma non ide;15;2;
2015;C0217;35;1;23;13;1;43000;43000 - Neve;5;2;
2015;C0217;10;1;11;03;1;99900;99900 - Fattori investigati ma non ide;10;2;
2015;C0217;11;1;13;03;1;99900;99900 - Fattori investigati ma non ide;5;2;
2015;C0217;3;1;11;03;1;30100;Chrysomyxa spp.;5;2;
2015;C0217;3;2;12;01;2;99900;99900 - Fattori investigati ma non ide;5;2;
2015;C0217;4;1;13;01;3;99900;99900 - Fattori investigati ma non ide;20;2;
2015;C0217;5;1;11;03;1;99900;99900 - Fattori investigati ma non ide;5;2;
2015;C0217;5;2;23;01;2;99900;99900 - Fattori investigati ma non ide;5;2;
2015;C0217;32;1;00;;;;;;;
2015;C0217;12;1;12;01;2;99900;99900 - Fattori investigati ma non ide;5;2;
2015;C0217;15;1;11;03;1;99900;99900 - Fattori investigati ma non ide;10;2;
2015;C0217;16;1;12;01;2;99900;99900 - Fattori investigati ma non ide;10;2;
2015;C0217;6;1;32;20;2;99900;99900 - Fattori investigati ma non ide;5;2;cancro
2015;C0217;17;1;00;;;;;;;
2015;C0236;1;1;11;03;1;30100;Chrysomyxa spp.;20;2;
2015;C0236;2;1;00;;;;;;;
2015;C0236;3;1;00;;;;;;;
2015;C0236;9;1;00;;;;;;;
2015;C0236;10;1;11;01;1;99900;99900 - Fattori investigati ma non ide;0;2;soltanto 3-4 getti
2015;C0236;8;1;12;01;3;99900;99900 - Fattori investigati ma non ide;10;2;
2015;C0236;7;1;13;01;3;99900;99900 - Fattori investigati ma non ide;10;2;
2015;C0236;18;1;12;01;1;99900;99900 - Fattori investigati ma non ide;5;2;pochi, sopratutto i getti principali della cacciata secondaria
2015;C0236;5;1;00;;;;;;;
2015;C0236;6;1;00;;;;;;;
2015;C0236;19;1;26;01;2;43000;43000 - Neve;20;2;vecchia rottura del cimale (ca 4m)
2015;C0236;4;1;23;15;2;99900;99900 - Fattori investigati ma non ide;0;2;
2015;C0047;1;1;12;02;1;99900;99900 - Fattori investigati ma non identificati;30;2;
2015;C0162;10;1;00;;;;;;;
2015;C0162;35;1;00;;;;;;;
2015;C0162;36;1;00;;;;;;;
2015;C0162;27;1;13;01;2;99900;99900 - Fattori investigati ma non identificati;30;2;
2015;C0162;29;1;00;;;;;;;
2015;C0162;30;1;00;;;;;;;
2015;C0162;31;1;14;01;1;21000;- Non identificato -;15;2;
2015;C0162;32;1;14;01;1;21000;- Non identificato -;10;2;
2015;C0162;34;1;12;01;2;99900;99900 - Fattori investigati ma non identificati;5;2;
2015;C0162;33;1;00;;;;;;;
2015;C0162;26;1;12;01;2;99900;99900 - Fattori investigati ma non identificati;5;2;
2015;C0162;25;1;12;01;2;99900;99900 - Fattori investigati ma non identificati;15;2;
2015;C0162;24;1;00;;;;;;;
2015;C0162;23;1;00;;;;;;;
2015;C0162;22;1;00;;;;;;;
2015;C0162;16;1;00;;;;;;;
2015;C0162;15;1;00;;;;;;;
2015;C0162;14;1;00;;;;;;;
2015;C0162;13;1;00;;;;;;;
2015;C0162;12;1;00;;;;;;;
2015;C0162;11;1;12;01;2;99900;99900 - Fattori investigati ma non identificati;10;2;
2015;C0162;9;1;00;;;;;;;
2015;C0162;8;1;00;;;;;;;
2015;C0162;3;1;00;;;;;;;
2015;C0162;4;1;12;01;2;99900;99900 - Fattori investigati ma non identificati;10;2;
2015;C0162;5;1;12;01;2;99900;99900 - Fattori investigati ma non identificati;10;2;
2015;C0162;6;1;00;;;;;;;
2015;C0162;7;1;26;13;1;40000;40000 - Agenti abiotici;20;2;
2015;C0162;2;1;12;01;2;99900;99900 - Fattori investigati ma non identificati;10;2;
2015;C0162;1;1;12;01;2;99900;99900 - Fattori investigati ma non identificati;5;2;
2015;C0041;1;1;11;03;1;99900;99900 - Fattori investigati ma non identificati;10;2;
2015;C0041;1;2;22;14;1;99900;99900 - Fattori investigati ma non identificati;5;2;
2015;C0041;6;1;22;14;1;99900;99900 - Fattori investigati ma non identificati;5;2;
2015;C0041;2;1;00;;;;;;;
2015;C0041;34;1;00;;;;;;;
2015;C0041;29;1;14;01;1;99900;99900 - Fattori investigati ma non identificati;5;2;
2015;C0041;29;2;22;14;1;99900;99900 - Fattori investigati ma non identificati;5;2;
2015;C0041;33;1;00;;;;;;;
2015;C0041;27;1;00;;;;;;;
2015;C0060;32;1;00;;;;;;;
2015;C0060;24;1;14;01;1;99900;99900 - Fattori investigati ma non identificati;10;2;
2015;C0060;25;1;14;01;1;21000;Rhynchaenus fagi;5;2;
2015;C0060;1;1;14;01;1;21000;Rhynchaenus fagi;5;2;
2015;C0060;2;1;14;01;1;21000;Rhynchaenus fagi;15;2;
2015;C0060;27;1;00;;;;;;;
2015;C0061;25;1;14;01;1;21000;Rhynchaenus fagi;5;2;
2015;C0061;23;1;14;01;1;21000;Rhynchaenus fagi;5;2;
2015;C0061;23;2;25;14;3;99900;99900 - Fattori investigati ma non identificati;5;2;
2015;C0061;26;1;14;01;1;21000;Rhynchaenus fagi;5;2;
2015;C0061;31;1;14;01;1;21000;Rhynchaenus fagi;10;2;
2015;C0061;1;1;14;01;1;21000;Rhynchaenus fagi;5;2;
2015;C0061;12;1;14;01;1;21000;Rhynchaenus fagi;10;2;
2015;C0061;12;2;25;14;3;99900;99900 - Fattori investigati ma non identificati;10;2;
2015;C0061;11;1;14;01;1;21000;Rhynchaenus fagi;10;2;
2015;C0061;13;1;14;01;1;21000;Rhynchaenus fagi;10;2;
2015;C0061;15;1;14;01;1;21000;Rhynchaenus fagi;5;2;
2015;C0061;16;1;14;01;1;21000;Rhynchaenus fagi;5;2;
2015;C0061;17;1;14;01;1;21000;Rhynchaenus fagi;10;2;
2015;C2028;26;1;00;;;;;;;
2015;C2028;1;1;00;;;;;;;
2015;C2028;2;1;00;;;;;;;
2015;C2028;3;1;00;;;;;;;
2015;C2028;5;1;00;;;;;;;
2015;C2028;7;1;00;;;;;;;
2015;C2028;6;1;00;;;;;;;
2015;C2028;4;1;00;;;;;;;
2015;C2028;8;1;00;;;;;;;
2015;C2028;23;1;00;;;;;;;
2015;C2028;22;1;00;;;;;;;
2015;C2028;9;1;00;;;;;;;
2015;C2029;1;1;22;14;1;99900;99900 - Fattori investigati ma non identificati;10;2;
2015;C2029;2;1;14;01;1;99900;99900 - Fattori investigati ma non identificati;10;2;
2015;C2029;4;1;14;03;1;99900;99900 - Fattori investigati ma non identificati;10;2;
2015;C2029;5;1;14;03;1;99900;99900 - Fattori investigati ma non identificati;5;2;
2015;C2029;7;1;14;03;1;99900;99900 - Fattori investigati ma non identificati;10;2;
2015;C2029;8;1;14;03;1;99900;99900 - Fattori investigati ma non identificati;15;2;
2015;C2029;9;1;14;02;1;99900;99900 - Fattori investigati ma non identificati;20;2;
2015;C2029;9;2;22;14;1;99900;99900 - Fattori investigati ma non identificati;5;2;
2015;C2029;11;1;14;02;1;99900;99900 - Fattori investigati ma non identificati;5;2;
2015;C2029;12;1;14;03;1;99900;99900 - Fattori investigati ma non identificati;20;2;
2015;C2029;13;1;14;03;1;99900;99900 - Fattori investigati ma non identificati;10;2;
2015;C2029;13;2;22;14;1;99900;99900 - Fattori investigati ma non identificati;10;2;
2015;C2029;14;1;14;03;1;99900;99900 - Fattori investigati ma non identificati;15;2;
2015;C2029;15;1;14;03;1;99900;99900 - Fattori investigati ma non identificati;10;2;
2015;C2029;16;1;14;03;1;99900;99900 - Fattori investigati ma non identificati;15;2;
2015;C2029;19;1;14;01;1;21000;- Non identificato -;15;2;
2015;C2029;20;1;14;02;1;99900;99900 - Fattori investigati ma non identificati;15;2;
2015;C2029;30;1;00;;;;;;;
2015;C2029;31;1;14;02;1;99900;99900 - Fattori investigati ma non identificati;10;2;
2015;C2030;29;1;14;01;1;99900;99900 - Fattori investigati ma non identificati;10;2;
2015;C2030;29;2;25;14;1;99900;99900 - Fattori investigati ma non identificati;20;2;
2015;C2030;34;1;14;01;1;99900;99900 - Fattori investigati ma non identificati;10;2;
2015;C2030;35;1;14;01;1;99900;99900 - Fattori investigati ma non identificati;5;2;
2015;C2030;35;2;14;08;1;99900;99900 - Fattori investigati ma non identificati;5;2;
2015;C2030;30;1;00;;;;;;;
2015;C2030;37;1;14;01;1;99900;99900 - Fattori investigati ma non identificati;5;2;
2015;C2030;20;1;14;01;1;99900;99900 - Fattori investigati ma non identificati;10;2;
2015;C2030;20;2;14;02;1;99900;99900 - Fattori investigati ma non identificati;5;2;
2015;C2030;22;1;14;01;1;21000;Rhynchaenus fagi;5;2;
2015;C2030;22;2;22;14;1;99900;99900 - Fattori investigati ma non identificati;5;2;
2015;C2031;3;1;14;01;1;99900;99900 - Fattori investigati ma non identificati;10;2;
2015;C2031;3;2;14;02;1;99900;99900 - Fattori investigati ma non identificati;10;2;
2015;C2031;31;1;00;;;;;;;
2015;C2031;2;1;14;01;1;99900;99900 - Fattori investigati ma non identificati;5;2;
2015;C2031;8;1;14;01;1;99900;99900 - Fattori investigati ma non identificati;5;2;
2015;C2031;10;1;14;01;1;99900;99900 - Fattori investigati ma non identificati;10;2;
2015;C2031;36;1;14;02;1;99900;99900 - Fattori investigati ma non identificati;10;2;
2015;C0219;14;1;14;08;1;99900;99900 - Fattori investigati ma non identificati;5;2;
2015;C0219;13;1;14;08;1;99900;99900 - Fattori investigati ma non identificati;5;2;
2015;C0219;48;2;32;12;2;81003;81003 - Hedera helix;;;
2015;C0219;48;1;14;08;1;99900;99900 - Fattori investigati ma non identificati;5;2;
2015;C0219;47;2;14;08;1;27000;- Non identificato -;5;2;
2015;C0219;47;1;25;14;3;99900;99900 - Fattori investigati ma non identificati;5;2;
2015;C0219;17;1;25;14;3;99900;99900 - Fattori investigati ma non identificati;10;2;
2015;C0219;35;2;14;02;1;42200;42200 - Siccità/aridità;5;2;
2015;C0219;35;1;14;08;1;99900;99900 - Fattori investigati ma non identificati;5;2;
2015;C0219;37;1;14;08;1;99900;99900 - Fattori investigati ma non identificati;5;2;
2015;C0219;22;1;11;03;1;42200;42200 - Siccità/aridità;10;2;
2015;C0219;38;2;14;08;1;99900;99900 - Fattori investigati ma non identificati;5;2;
2015;C0219;38;1;25;14;3;99900;99900 - Fattori investigati ma non identificati;10;2;
2015;C0219;39;2;14;08;1;99900;99900 - Fattori investigati ma non identificati;5;2;
2015;C0219;39;1;25;14;3;99900;99900 - Fattori investigati ma non identificati;10;2;
2015;C0219;32;1;14;08;1;99900;99900 - Fattori investigati ma non identificati;5;2;
2015;C0219;40;1;14;01;1;21000;- Non identificato -;5;2;
2015;C0219;9;2;14;08;1;99900;99900 - Fattori investigati ma non identificati;5;2;
2015;C0219;9;1;14;02;1;42200;42200 - Siccità/aridità;5;2;
2015;C0219;7;2;14;08;1;99900;99900 - Fattori investigati ma non identificati;10;2;
2015;C0219;7;1;14;02;1;42200;42200 - Siccità/aridità;5;2;
2015;C0219;6;1;14;02;1;42200;42200 - Siccità/aridità;5;2;
2015;C0117;1;1;14;01;1;21000;- Non identificato -;5;2;
2015;C0117;1;2;22;14;1;99900;99900 - Fattori investigati ma non identificati;5;2;
2015;C0117;2;1;14;01;1;21000;- Non identificato -;5;2;
2015;C0117;2;2;22;14;1;99900;99900 - Fattori investigati ma non identificati;5;2;
2015;C0117;3;1;14;01;1;21000;- Non identificato -;5;2;
2015;C0117;4;1;14;01;1;21000;- Non identificato -;5;2;
2015;C0117;4;2;14;03;1;99900;99900 - Fattori investigati ma non identificati;5;2;
2015;C0117;10;1;14;01;1;21000;- Non identificato -;5;2;
2015;C0117;34;1;14;01;1;21000;- Non identificato -;5;2;
2015;C0117;34;2;14;03;1;99900;99900 - Fattori investigati ma non identificati;5;2;
2015;C0117;36;1;14;01;1;21000;- Non identificato -;10;2;
2015;C0117;38;1;14;01;1;21000;- Non identificato -;10;2;
2015;C0117;38;2;22;14;1;99900;99900 - Fattori investigati ma non identificati;5;2;
2015;C0117;39;1;14;01;1;21000;- Non identificato -;5;2;
2015;C0119;1;1;22;08;3;99900;99900 - Fattori investigati ma non identificati;10;2;
2015;C0119;3;1;22;08;3;99900;99900 - Fattori investigati ma non identificati;5;2;
2015;C0119;20;1;00;;;;;;;
2015;C0119;21;1;00;;;;;;;
2015;C0119;23;1;00;;;;;;;
2015;C0119;25;1;22;08;3;99900;99900 - Fattori investigati ma non identificati;5;2;
2015;C0119;27;1;22;08;3;99900;99900 - Fattori investigati ma non identificati;5;2;
2015;C0119;31;1;00;;;;;;;
2015;C0119;32;1;14;01;1;21000;- Non identificato -;25;2;
2015;C0119;32;2;21;14;1;99900;99900 - Fattori investigati ma non identificati;5;2;
2015;C0119;33;1;14;01;1;99900;99900 - Fattori investigati ma non identificati;25;2;
2015;C0119;33;2;21;14;1;99900;99900 - Fattori investigati ma non identificati;5;2;
2015;C0119;35;1;14;01;1;99900;99900 - Fattori investigati ma non identificati;25;2;
2015;C0119;35;2;21;14;1;99900;99900 - Fattori investigati ma non identificati;10;2;
2015;C0119;36;1;22;08;3;99900;99900 - Fattori investigati ma non identificati;5;2;
2015;C0119;37;1;14;01;1;99900;99900 - Fattori investigati ma non identificati;25;2;
2015;C0119;37;2;22;14;3;99900;99900 - Fattori investigati ma non identificati;10;2;
2015;C0119;38;1;14;01;1;99900;99900 - Fattori investigati ma non identificati;25;2;
2015;C0119;38;2;22;14;3;99900;99900 - Fattori investigati ma non identificati;10;2;
2015;C0150;2;1;14;01;1;21000;- Non identificato -;10;2;
2015;C0150;2;2;14;02;1;99900;99900 - Fattori investigati ma non identificati;5;2;
2015;C0150;2;3;14;01;1;42500;42500 - Grandine;10;2;
2015;C0150;2;4;14;05;1;30500;Rhytisma spp;10;2;
2015;C0150;4;1;14;01;1;42500;42500 - Grandine;30;2;
2015;C0150;4;2;21;14;1;42500;42500 - Grandine;20;2;
2015;C0150;10;1;14;01;1;42500;42500 - Grandine;25;2;
2015;C0150;10;2;21;14;1;42500;42500 - Grandine;5;2;
2015;C0150;13;1;14;01;1;42500;42500 - Grandine;15;2;
2015;C0150;13;2;22;14;3;99900;99900 - Fattori investigati ma non identificati;25;2;
2015;C0150;15;1;14;01;1;42500;42500 - Grandine;10;2;
2015;C0150;15;2;14;01;1;21000;- Non identificato -;5;2;
2015;C0150;15;3;14;02;1;99900;99900 - Fattori investigati ma non identificati;5;2;
2015;C0150;32;1;14;01;1;42500;42500 - Grandine;25;2;
2015;C0150;35;1;14;01;1;42500;42500 - Grandine;15;2;
2015;C0150;35;2;14;02;1;99900;99900 - Fattori investigati ma non identificati;5;2;
2015;C0150;35;3;14;05;1;30500;Rhytisma spp;5;2;
2015;C0150;36;1;14;01;1;42500;42500 - Grandine;10;2;
2015;C0150;36;2;14;01;1;21000;- Non identificato -;5;2;
2015;C0150;36;3;14;05;1;30500;Rhytisma spp;5;2;
2015;C0150;37;1;14;01;1;42500;42500 - Grandine;10;2;
2015;C0150;37;2;14;01;1;21000;- Non identificato -;5;2;
2015;C0150;37;3;14;05;1;30500;Rhytisma spp;5;2;
2015;C0150;39;1;14;01;1;42500;42500 - Grandine;15;2;
2015;C0150;39;2;14;01;1;21000;- Non identificato -;5;2;
2015;C0150;39;3;14;02;1;99900;99900 - Fattori investigati ma non identificati;10;2;
2015;C0150;40;1;14;01;1;42500;42500 - Grandine;15;2;
2015;C0150;40;2;14;01;1;21000;- Non identificato -;5;2;
2015;C0150;40;3;14;05;1;30500;Rhytisma spp;5;2;
2015;C0150;42;1;14;01;1;42500;42500 - Grandine;10;2;
2015;C0150;42;2;14;02;1;99900;99900 - Fattori investigati ma non identificati;5;2;
2015;C0150;42;3;14;05;1;30500;Rhytisma spp;5;2;
2015;C0150;43;1;14;01;1;42500;42500 - Grandine;10;2;
2015;C0150;43;2;14;05;1;30500;Rhytisma spp;5;2;
2015;C0150;44;1;14;01;1;42500;42500 - Grandine;10;2;
2015;C0150;44;2;14;05;1;30500;Rhytisma spp;5;2;
2015;C0150;45;1;14;01;1;42500;42500 - Grandine;10;2;
2015;C0150;45;2;14;05;1;30500;Rhytisma spp;5;2;
2015;C0150;47;1;14;01;1;42500;42500 - Grandine;10;2;
2015;C0150;47;2;14;01;1;21000;- Non identificato -;5;2;
2015;C0150;47;3;14;05;1;30500;Rhytisma spp;5;2;
2015;C0152;1;1;21;14;3;99900;99900 - Fattori investigati ma non identificati;10;2;
2015;C0152;1;2;14;06;1;99900;99900 - Fattori investigati ma non identificati;100;2;
2015;C0152;7;1;14;01;1;21000;- Non identificato -;5;2;
2015;C0152;7;2;21;14;1;99900;99900 - Fattori investigati ma non identificati;10;2;
2015;C0152;7;3;14;06;1;99900;99900 - Fattori investigati ma non identificati;100;2;
2015;C0152;7;4;14;08;1;99900;99900 - Fattori investigati ma non identificati;80;2;
2015;C0152;10;1;14;01;1;99900;99900 - Fattori investigati ma non identificati;5;2;
2015;C0152;10;2;21;14;1;99900;99900 - Fattori investigati ma non identificati;5;2;
2015;C0152;11;1;14;01;1;99900;99900 - Fattori investigati ma non identificati;10;2;
2015;C0152;11;2;14;03;1;99900;99900 - Fattori investigati ma non identificati;5;2;
2015;C0152;24;1;21;14;1;99900;99900 - Fattori investigati ma non identificati;15;2;
2015;C0152;24;2;14;08;1;99900;99900 - Fattori investigati ma non identificati;50;2;
2015;C0152;24;3;14;01;1;21000;- Non identificato -;5;2;
2015;C0152;25;1;14;01;1;99900;99900 - Fattori investigati ma non identificati;10;2;
2015;C0152;25;2;21;14;1;99900;99900 - Fattori investigati ma non identificati;10;2;
2015;C0152;25;3;14;08;1;99900;99900 - Fattori investigati ma non identificati;40;2;
2015;C0152;26;1;21;14;1;99900;99900 - Fattori investigati ma non identificati;20;2;
2015;C0152;26;2;14;03;1;99900;99900 - Fattori investigati ma non identificati;15;2;
2015;C0152;26;3;14;01;1;21000;- Non identificato -;5;2;
2015;C0152;26;4;14;08;1;99900;99900 - Fattori investigati ma non identificati;20;2;
2015;C0152;29;1;14;03;1;99900;99900 - Fattori investigati ma non identificati;40;2;
2015;C0152;29;2;22;14;3;99900;99900 - Fattori investigati ma non identificati;80;2;
2015;C0152;29;3;14;01;1;21000;- Non identificato -;5;2;
2015;C0152;33;1;22;14;3;99900;99900 - Fattori investigati ma non identificati;15;2;
2015;C0152;33;2;14;01;1;99900;99900 - Fattori investigati ma non identificati;10;2;
2015;C0152;34;1;21;14;1;99900;99900 - Fattori investigati ma non identificati;15;2;
2015;C0152;34;2;14;01;1;21000;- Non identificato -;5;2;
2015;C0152;34;3;14;03;1;99900;99900 - Fattori investigati ma non identificati;5;2;
2015;C0152;36;1;14;06;1;99900;99900 - Fattori investigati ma non identificati;80;2;
2015;C0152;36;2;14;08;1;99900;99900 - Fattori investigati ma non identificati;50;2;
2015;C0152;36;3;14;03;1;99900;99900 - Fattori investigati ma non identificati;30;2;
2015;C0152;36;4;14;01;1;99900;99900 - Fattori investigati ma non identificati;5;2;
2015;C0152;36;5;21;14;1;99900;99900 - Fattori investigati ma non identificati;5;2;
2015;C0152;38;1;14;08;1;99900;99900 - Fattori investigati ma non identificati;20;2;
2015;C0152;38;2;14;01;1;21000;- Non identificato -;5;2;
2015;C0152;39;1;14;08;1;99900;99900 - Fattori investigati ma non identificati;20;2;
2015;C0152;39;2;14;01;1;21000;- Non identificato -;5;2;
2015;C0152;40;1;14;01;1;21000;- Non identificato -;10;2;
2015;C0152;41;1;14;01;1;21000;- Non identificato -;30;2;
2015;C0152;42;1;14;01;1;21000;- Non identificato -;5;2;
2015;C0152;43;1;14;01;1;21000;- Non identificato -;30;2;
2015;C0152;43;2;31;13;1;99900;99900 - Fattori investigati ma non identificati;40;2;
2015;C0152;44;1;14;01;1;21000;- Non identificato -;10;2;
2015;C0152;44;2;14;03;1;99900;99900 - Fattori investigati ma non identificati;10;2;
2015;C0152;45;1;21;14;1;99900;99900 - Fattori investigati ma non identificati;10;2;
2015;C0152;45;2;14;01;1;21000;- Non identificato -;5;2;
2015;C0152;45;3;14;03;1;99900;99900 - Fattori investigati ma non identificati;10;2;
2015;C0184;3;1;14;01;1;99900;99900 - Fattori investigati ma non identificati;10;2;
2015;C0184;3;2;22;14;3;99900;99900 - Fattori investigati ma non identificati;10;2;
2015;C0184;3;3;27;08;1;27000;- Non identificato -;5;2;
2015;C0184;5;1;14;01;1;21000;- Non identificato -;5;2;
2015;C0184;5;2;21;14;3;99900;99900 - Fattori investigati ma non identificati;10;2;
2015;C0184;5;3;27;08;1;27000;- Non identificato -;5;2;
2015;C0184;7;1;14;03;1;99900;99900 - Fattori investigati ma non identificati;5;2;
2015;C0184;7;2;14;01;1;21000;- Non identificato -;5;2;
2015;C0184;13;1;14;05;1;30500;Rhytisma spp;5;2;
2015;C0184;14;1;14;02;1;99900;99900 - Fattori investigati ma non identificati;5;2;
2015;C0184;14;2;32;12;3;81003;81003 - Hedera helix;;;
2015;C0184;15;1;14;02;1;99900;99900 - Fattori investigati ma non identificati;5;2;
2015;C0184;17;1;14;02;1;99900;99900 - Fattori investigati ma non identificati;10;2;
2015;C0184;17;2;22;14;3;99900;99900 - Fattori investigati ma non identificati;5;2;
2015;C0184;19;1;14;02;1;99900;99900 - Fattori investigati ma non identificati;10;2;
2015;C0184;19;2;31;09;2;99900;99900 - Fattori investigati ma non identificati;;1;
2015;C0184;20;1;14;02;1;99900;99900 - Fattori investigati ma non identificati;10;2;
2015;C0184;20;2;31;09;2;99900;99900 - Fattori investigati ma non identificati;;1;
2015;C0184;22;1;14;01;1;21000;- Non identificato -;5;2;
2015;C0184;22;2;27;08;1;27000;- Non identificato -;5;2;
2015;C0184;22;3;22;14;3;99900;99900 - Fattori investigati ma non identificati;10;2;
2015;C0184;26;1;14;02;1;99900;99900 - Fattori investigati ma non identificati;5;2;
2015;C0184;26;2;22;14;3;99900;99900 - Fattori investigati ma non identificati;5;2;
2015;C0184;27;1;14;01;1;21000;- Non identificato -;5;2;
2015;C0184;28;1;14;01;1;21000;- Non identificato -;10;2;
2015;C0184;28;2;14;03;1;99900;99900 - Fattori investigati ma non identificati;5;2;
2015;C0184;28;3;22;14;3;99900;99900 - Fattori investigati ma non identificati;10;2;
2015;C0184;31;1;14;01;1;21000;- Non identificato -;5;2;
2015;C0184;31;2;22;14;3;99900;99900 - Fattori investigati ma non identificati;5;2;
2015;C0184;32;1;14;01;1;21000;- Non identificato -;5;2;
2015;C0184;32;2;22;14;1;99900;99900 - Fattori investigati ma non identificati;5;2;
2015;C0184;32;3;14;08;1;99900;99900 - Fattori investigati ma non identificati;30;2;
2015;C0184;34;1;14;02;1;99900;99900 - Fattori investigati ma non identificati;5;2;
2015;C0184;34;2;22;14;1;99900;99900 - Fattori investigati ma non identificati;5;2;
2015;C0184;43;1;14;03;1;99900;99900 - Fattori investigati ma non identificati;5;2;
2015;C0184;43;2;14;08;1;99900;99900 - Fattori investigati ma non identificati;20;2;
2015;C0184;43;3;14;01;1;21000;- Non identificato -;5;2;
2015;C0184;43;4;22;14;1;99900;99900 - Fattori investigati ma non identificati;5;2;
2015;C0184;44;1;14;01;1;21000;- Non identificato -;5;2;
2015;C0184;44;2;14;08;1;99900;99900 - Fattori investigati ma non identificati;5;2;
2015;C0184;45;1;14;01;1;21000;- Non identificato -;5;2;
2015;C0184;45;2;14;08;1;99900;99900 - Fattori investigati ma non identificati;5;2;
2015;C0184;46;1;14;01;1;21000;- Non identificato -;10;2;
2015;C0184;47;1;14;01;1;21000;- Non identificato -;5;2;
2015;C0184;47;2;21;14;1;99900;99900 - Fattori investigati ma non identificati;5;2;
2015;C2069;1;1;14;01;1;21000;- Non identificato -;10;2;
2015;C2069;2;1;14;01;1;21000;- Non identificato -;15;2;
2015;C2069;3;1;14;01;1;21000;- Non identificato -;5;2;
2015;C2069;3;2;32;12;3;81003;81003 - Hedera helix;;;
2015;C2069;4;1;14;01;1;21000;- Non identificato -;10;2;
2015;C2069;4;2;22;14;3;99900;99900 - Fattori investigati ma non identificati;5;2;
2015;C2069;6;1;14;01;1;21000;- Non identificato -;10;2;
2015;C2069;8;1;32;12;3;81003;81003 - Hedera helix;;;
2015;C2069;9;1;14;01;1;21000;- Non identificato -;10;2;
2015;C2069;9;2;22;08;1;99900;99900 - Fattori investigati ma non identificati;10;2;
2015;C2069;13;1;14;01;1;21000;- Non identificato -;5;2;
2015;C2069;20;1;14;01;1;21000;- Non identificato -;10;2;
2015;C2069;20;2;22;14;1;99900;99900 - Fattori investigati ma non identificati;5;2;
2015;C2019;2;1;14;08;1;42200;42200 - Siccità/aridità;40;2;
2015;C2019;2;2;14;01;1;21000;- Non identificato -;30;2;
2015;C2019;3;1;14;01;1;21000;- Non identificato -;20;2;
2015;C2019;3;2;14;01;1;21000;- Non identificato -;20;2;
2015;C2019;4;1;14;01;1;99900;99900 - Fattori investigati ma non identificati;20;2;
2015;C2019;4;2;22;08;1;99900;99900 - Fattori investigati ma non identificati;50;2;
2015;C2019;9;1;14;01;1;99900;99900 - Fattori investigati ma non identificati;15;2;
2015;C2019;10;1;14;08;1;99900;99900 - Fattori investigati ma non identificati;50;2;
2015;C2019;10;2;14;01;1;99900;99900 - Fattori investigati ma non identificati;25;2;
2015;C2019;11;1;14;08;1;99900;99900 - Fattori investigati ma non identificati;50;2;
2015;C2019;11;2;14;01;1;99900;99900 - Fattori investigati ma non identificati;25;2;
2015;C2019;13;1;14;08;1;99900;99900 - Fattori investigati ma non identificati;40;2;
2015;C2019;13;2;14;01;1;21000;- Non identificato -;20;2;
2015;C2019;15;1;14;01;1;21000;- Non identificato -;10;2;
2015;C2019;16;1;14;01;1;21000;- Non identificato -;15;2;
2015;C2019;17;1;14;01;1;99900;99900 - Fattori investigati ma non identificati;25;2;
2015;C2019;17;2;22;08;1;99900;99900 - Fattori investigati ma non identificati;30;2;
2015;C2019;19;1;14;01;1;99900;99900 - Fattori investigati ma non identificati;10;2;
2015;C2019;20;1;14;01;1;99900;99900 - Fattori investigati ma non identificati;10;2;
2015;C2019;23;1;14;01;1;21000;- Non identificato -;10;2;
2015;C2019;23;2;14;08;1;42200;42200 - Siccità/aridità;40;2;
2015;C2019;24;1;14;01;1;21000;- Non identificato -;15;2;
2015;C2019;25;1;14;01;1;21000;- Non identificato -;10;2;
2015;C2019;27;1;14;01;1;21000;- Non identificato -;10;2;
2015;C2019;37;1;14;01;1;21000;- Non identificato -;15;2;
2015;C2019;39;1;14;01;1;21000;- Non identificato -;15;2;
2015;C2018;1;1;00;;;;;;;
2015;C2018;3;1;00;;;;;;;
2015;C2018;4;1;22;14;1;99900;99900 - Fattori investigati ma non identificati;5;2;
2015;C2018;5;1;00;;;;;;;
2015;C2018;6;1;00;;;;;;;
2015;C2018;7;1;14;01;1;21000;- Non identificato -;5;2;
2015;C2018;7;2;22;14;3;99900;99900 - Fattori investigati ma non identificati;5;2;
2015;C2018;7;3;22;08;1;99900;99900 - Fattori investigati ma non identificati;40;2;
2015;C2018;7;4;32;12;3;81003;81003 - Hedera helix;;;
2015;C2018;9;1;22;14;3;99900;99900 - Fattori investigati ma non identificati;10;2;
2015;C2018;9;2;14;01;3;21000;- Non identificato -;5;2;
2015;C2018;9;3;14;08;1;99900;99900 - Fattori investigati ma non identificati;20;2;
2015;C2018;9;4;32;12;3;81003;81003 - Hedera helix;;;
2015;C2018;10;1;00;;;;;;;
2015;C2018;11;1;00;;;;;;;
2015;C2018;12;1;00;;;;;;;
2015;C2018;20;1;14;01;3;21000;- Non identificato -;5;2;
2015;C2018;20;2;22;14;3;99900;99900 - Fattori investigati ma non identificati;5;2;
2015;C2018;22;1;14;01;3;21000;- Non identificato -;5;2;
2015;C2018;22;2;22;14;3;99900;99900 - Fattori investigati ma non identificati;10;2;
2015;C2018;22;3;32;12;3;81003;81003 - Hedera helix;;;
2015;C2018;32;1;22;14;3;99900;99900 - Fattori investigati ma non identificati;15;2;
2015;C2018;32;2;14;01;3;21000;- Non identificato -;10;2;
2015;C2018;33;1;00;;;;;;;
2015;C2018;34;1;00;;;;;;;
2015;C2018;35;1;00;;;;;;;
2015;C2018;36;1;00;;;;;;;
2015;C2018;37;1;00;;;;;;;
2015;C2018;38;1;14;01;1;21000;- Non identificato -;5;2;
2015;C2018;39;1;14;01;1;21000;- Non identificato -;5;2;
2015;C2018;40;1;14;01;1;21000;- Non identificato -;10;2;
2015;C2018;40;2;22;14;3;99900;99900 - Fattori investigati ma non identificati;30;2;
2015;C2018;40;3;32;12;3;81003;81003 - Hedera helix;;;
2015;C2018;41;1;00;;;;;;;
2015;C2018;42;1;14;01;1;21000;- Non identificato -;10;2;
2015;C2018;42;2;22;14;3;99900;99900 - Fattori investigati ma non identificati;10;2;
2015;C2018;42;3;31;12;3;81003;81003 - Hedera helix;;;
2015;C2018;43;1;14;01;1;21000;- Non identificato -;15;2;
2015;C2018;43;2;22;14;3;99900;99900 - Fattori investigati ma non identificati;20;2;
2015;C2018;43;3;32;12;3;81003;81003 - Hedera helix;;;
2015;C2018;44;1;14;01;1;21000;- Non identificato -;20;2;
2015;C2018;44;2;22;14;3;99900;99900 - Fattori investigati ma non identificati;20;2;
2015;C2018;44;3;32;12;3;81003;81003 - Hedera helix;;;
2015;C2018;45;1;00;;;;;;;
2015;C2018;46;1;00;;;;;;;
2015;C2018;47;1;14;01;1;21000;- Non identificato -;10;2;
2015;C2018;47;2;22;14;3;99900;99900 - Fattori investigati ma non identificati;20;2;
2015;C2018;47;3;31;12;3;81003;81003 - Hedera helix;;;
2015;C2018;48;1;14;01;1;21000;- Non identificato -;5;2;
2015;C2018;48;2;22;14;3;99900;99900 - Fattori investigati ma non identificati;10;2;
2015;C2018;48;3;32;12;3;81003;81003 - Hedera helix;;;
2015;C2018;49;1;14;01;1;21000;- Non identificato -;15;2;
2015;C2018;49;2;22;14;3;99900;99900 - Fattori investigati ma non identificati;20;2;
2015;C2018;49;3;32;12;3;81003;81003 - Hedera helix;;;
2015;C2018;50;1;14;01;1;21000;- Non identificato -;5;2;
2015;C2018;50;2;23;14;1;99900;99900 - Fattori investigati ma non identificati;5;2;
2015;C2018;51;1;00;;;;;;;
2015;C2018;8;1;00;;;;;;;
2015;C0612;1;1;14;01;1;21000;- Non identificato -;5;2;
2015;C0612;1;2;14;02;1;99900;99900 - Fattori investigati ma non identificati;5;2;
2015;C0612;3;1;14;01;1;21000;- Non identificato -;10;2;
2015;C0612;4;1;14;01;1;21000;- Non identificato -;5;2;
2015;C0612;4;2;32;09;3;81003;81003 - Hedera helix;;1;
2015;C0612;5;1;14;02;1;99900;99900 - Fattori investigati ma non identificati;5;2;
2015;C0612;5;2;22;14;3;99900;99900 - Fattori investigati ma non identificati;5;2;
2015;C0612;6;1;14;01;1;21000;- Non identificato -;10;2;
2015;C0612;6;2;22;14;3;99900;99900 - Fattori investigati ma non identificati;5;2;
2015;C0612;7;1;14;01;1;99900;99900 - Fattori investigati ma non identificati;10;2;
2015;C0612;7;2;22;14;3;99900;99900 - Fattori investigati ma non identificati;15;2;
2015;C0612;7;3;32;09;3;81003;81003 - Hedera helix;;1;
2015;C0612;8;1;14;01;1;21000;- Non identificato -;20;2;
2015;C0612;8;2;25;14;3;99900;99900 - Fattori investigati ma non identificati;10;2;
2015;C0612;8;3;14;03;1;99900;99900 - Fattori investigati ma non identificati;10;2;
2015;C0612;8;4;32;09;1;81003;81003 - Hedera helix;;1;
2015;C0612;9;1;00;;;;;;;
2015;C0612;10;1;14;01;1;21000;- Non identificato -;5;2;
2015;C0612;12;1;14;01;1;21000;- Non identificato -;5;2;
2015;C0612;21;1;14;01;1;21000;- Non identificato -;5;2;
2015;C0612;32;1;14;01;1;21000;- Non identificato -;5;2;
2015;C0612;32;2;14;03;1;99900;99900 - Fattori investigati ma non identificati;5;2;
2015;C0612;32;3;32;09;1;81003;81003 - Hedera helix;;1;
2015;C0612;36;1;14;01;1;21000;- Non identificato -;5;2;
2015;C0612;37;1;14;01;1;21000;- Non identificato -;10;2;
2015;C0612;38;1;14;01;1;21000;- Non identificato -;5;2;
2015;C0612;38;2;22;14;1;99900;99900 - Fattori investigati ma non identificati;5;2;
2015;C0612;39;1;14;01;1;21000;- Non identificato -;15;2;
2015;C0612;39;2;22;14;1;99900;99900 - Fattori investigati ma non identificati;10;2;
2015;C0612;40;1;14;01;1;21000;- Non identificato -;10;2;
2015;C0612;41;1;22;14;1;99900;99900 - Fattori investigati ma non identificati;5;2;
2015;C0612;41;2;14;01;1;21000;- Non identificato -;10;2;
2015;C0612;42;1;14;01;1;21000;- Non identificato -;5;2;
2015;C0612;42;2;32;09;3;81003;81003 - Hedera helix;;1;
2015;C0612;43;1;14;01;1;21000;- Non identificato -;5;2;
2015;C0612;43;2;14;03;1;99900;99900 - Fattori investigati ma non identificati;5;2;
2015;C0612;43;3;32;09;1;81003;81003 - Hedera helix;;1;
2015;C0612;44;1;14;01;1;21000;- Non identificato -;5;2;
2015;C0612;44;2;22;14;1;99900;99900 - Fattori investigati ma non identificati;5;2;
2015;C0612;45;1;14;01;1;21000;- Non identificato -;5;2;
2015;C0612;46;1;14;01;1;21000;- Non identificato -;20;2;
2015;C0612;46;2;25;14;3;99900;99900 - Fattori investigati ma non identificati;30;2;
2015;C0612;46;3;32;09;3;81003;81003 - Hedera helix;;1;
2015;C0612;48;1;14;01;1;21000;- Non identificato -;15;2;
2015;C0612;48;2;32;09;1;81003;81003 - Hedera helix;;1;
2015;C0484;11;1;22;08;3;99900;99900 - Fattori investigati ma non identificati;20;2;
2015;C0484;13;3;14;06;1;99900;99900 - Fattori investigati ma non identificati;10;2;
2015;C0484;13;2;14;08;1;99900;99900 - Fattori investigati ma non identificati;30;2;
2015;C0484;13;1;22;14;3;99900;99900 - Fattori investigati ma non identificati;5;2;
2015;C0484;38;2;14;08;1;99900;99900 - Fattori investigati ma non identificati;20;2;
2015;C0484;38;1;14;01;1;26000;Rhynchaenus fagi;5;2;
2015;C0484;49;3;32;11;1;30000;30000 - Funghi;;;biscognauxia spp.
2015;C0484;49;2;22;08;3;99900;99900 - Fattori investigati ma non identificati;20;2;
2015;C0484;49;1;22;01;1;99900;99900 - Fattori investigati ma non identificati;25;2;
2015;C0484;50;2;14;08;1;99900;99900 - Fattori investigati ma non identificati;35;2;
2015;C0484;50;1;22;14;1;99900;99900 - Fattori investigati ma non identificati;5;2;
2015;C0484;44;2;14;08;1;99900;99900 - Fattori investigati ma non identificati;70;2;
2015;C0484;44;1;14;01;1;99900;99900 - Fattori investigati ma non identificati;5;2;
2015;C0484;41;4;14;08;1;99900;99900 - Fattori investigati ma non identificati;70;2;
2015;C0484;41;3;14;02;1;99900;99900 - Fattori investigati ma non identificati;15;2;
2015;C0484;41;2;14;03;1;26000;Rhynchaenus fagi;5;2;
2015;C0484;41;1;14;01;1;26000;Rhynchaenus fagi;5;2;
2015;C0484;42;3;14;08;1;99900;99900 - Fattori investigati ma non identificati;60;2;
2015;C0484;42;2;14;01;1;26000;Rhynchaenus fagi;5;2;
2015;C0484;42;1;14;03;1;26000;Rhynchaenus fagi;5;2;
2015;C0484;47;3;22;08;3;99900;99900 - Fattori investigati ma non identificati;5;2;
2015;C0484;47;2;22;14;1;99900;99900 - Fattori investigati ma non identificati;5;2;
2015;C0484;47;1;14;01;1;26000;Rhynchaenus fagi;5;2;
2015;C0484;48;2;22;08;3;99900;99900 - Fattori investigati ma non identificati;5;2;
2015;C0484;48;1;14;08;1;99900;99900 - Fattori investigati ma non identificati;5;2;
2015;C0484;28;3;14;01;1;99900;99900 - Fattori investigati ma non identificati;10;2;
2015;C0484;28;2;22;08;3;99900;99900 - Fattori investigati ma non identificati;10;2;
2015;C0484;28;1;14;01;1;99900;99900 - Fattori investigati ma non identificati;5;2;
2015;C0484;31;2;14;03;1;99900;99900 - Fattori investigati ma non identificati;5;2;
2015;C0484;31;1;14;01;1;26000;Rhynchaenus fagi;5;2;
2015;C0484;52;2;14;01;1;99900;99900 - Fattori investigati ma non identificati;5;2;
2015;C0484;52;1;14;01;1;26000;Rhynchaenus fagi;5;2;
2015;C0484;53;4;14;08;1;99900;99900 - Fattori investigati ma non identificati;5;2;
2015;C0484;53;3;14;08;1;99900;99900 - Fattori investigati ma non identificati;5;2;
2015;C0484;53;2;14;03;1;99900;99900 - Fattori investigati ma non identificati;10;2;
2015;C0484;53;1;14;01;1;26000;Rhynchaenus fagi;5;2;
2015;C0484;26;4;14;06;1;99900;99900 - Fattori investigati ma non identificati;5;2;
2015;C0484;26;2;14;01;1;99900;99900 - Fattori investigati ma non identificati;5;2;
2015;C0484;26;3;14;08;1;99900;99900 - Fattori investigati ma non identificati;5;2;
2015;C0484;14;3;14;03;1;99900;99900 - Fattori investigati ma non identificati;5;2;
2015;C0484;26;1;14;01;1;26000;Rhynchaenus fagi;5;2;
2015;C0484;14;2;14;01;1;99900;99900 - Fattori investigati ma non identificati;5;2;
2015;C0484;14;1;14;01;1;26000;Rhynchaenus fagi;5;2;
2015;C0484;4;3;14;03;1;99900;99900 - Fattori investigati ma non identificati;5;2;
2015;C0484;4;2;14;06;1;99900;99900 - Fattori investigati ma non identificati;5;2;
2015;C0484;4;1;14;01;1;26000;Rhynchaenus fagi;5;2;
2015;C0484;5;3;14;03;1;99900;99900 - Fattori investigati ma non identificati;5;2;
2015;C0484;5;2;14;01;1;99900;99900 - Fattori investigati ma non identificati;5;2;
2015;C0484;16;3;14;06;1;99900;99900 - Fattori investigati ma non identificati;5;2;
2015;C0484;5;1;14;01;1;26000;Rhynchaenus fagi;5;2;
2015;C0484;16;1;14;01;1;26000;Rhynchaenus fagi;5;2;
2015;C0484;16;2;14;03;1;99900;99900 - Fattori investigati ma non identificati;5;2;
2015;C0484;15;3;14;03;1;99900;99900 - Fattori investigati ma non identificati;5;2;
2015;C0484;15;2;14;01;1;99900;99900 - Fattori investigati ma non identificati;5;2;
2015;C0484;15;1;14;01;1;26000;Rhynchaenus fagi;5;2;
2015;C0484;55;2;14;06;1;99900;99900 - Fattori investigati ma non identificati;5;2;
2015;C2015;1;1;14;01;1;99900;99900 - Fattori investigati ma non identificati;10;2;
2015;C2015;1;2;33;20;2;99900;99900 - Fattori investigati ma non identificati;10;2;
2015;C2015;3;1;14;01;1;99900;99900 - Fattori investigati ma non identificati;5;2;
2015;C2015;3;2;22;14;1;99900;99900 - Fattori investigati ma non identificati;5;2;
2015;C2015;4;1;26;14;3;99900;99900 - Fattori investigati ma non identificati;;1;
2015;C2015;5;1;34;13;1;43100;43100 - Vento/uragano;;1;
2015;C2015;6;1;14;01;1;99900;99900 - Fattori investigati ma non identificati;5;2;
2015;C2015;6;2;22;14;1;99900;99900 - Fattori investigati ma non identificati;10;2;
2015;C2015;8;1;22;14;1;99900;99900 - Fattori investigati ma non identificati;10;2;
2015;C2015;8;2;14;03;1;99900;99900 - Fattori investigati ma non identificati;5;2;
2015;C2015;9;1;22;14;1;99900;99900 - Fattori investigati ma non identificati;5;2;
2015;C2015;9;2;14;08;1;27000;- Non identificato -;15;2;
2015;C2015;10;1;14;01;1;99900;99900 - Fattori investigati ma non identificati;5;2;
2015;C2015;11;1;04;;1;43100;43100 - Vento/uragano;;;
2015;C2015;12;1;25;14;3;99900;99900 - Fattori investigati ma non identificati;;1;
2015;C2015;14;1;14;01;1;99900;99900 - Fattori investigati ma non identificati;10;2;
2015;C2015;14;2;25;14;3;99900;99900 - Fattori investigati ma non identificati;10;2;
2015;C2015;17;1;14;01;1;99900;99900 - Fattori investigati ma non identificati;5;2;
2015;C2015;17;2;22;14;1;99900;99900 - Fattori investigati ma non identificati;5;2;
2015;C2015;20;1;14;01;1;99900;99900 - Fattori investigati ma non identificati;20;2;
2015;C2015;20;2;22;14;1;99900;99900 - Fattori investigati ma non identificati;5;2;
2015;C2015;21;1;14;02;1;99900;99900 - Fattori investigati ma non identificati;10;2;
2015;C2015;22;1;25;14;3;99900;99900 - Fattori investigati ma non identificati;;1;
2015;C2015;23;1;34;13;1;43100;43100 - Vento/uragano;;1;
2015;C2015;24;1;25;14;3;99900;99900 - Fattori investigati ma non identificati;;1;
2015;C2015;25;1;26;14;3;99900;99900 - Fattori investigati ma non identificati;15;2;
2015;C2015;25;2;14;01;1;99900;99900 - Fattori investigati ma non identificati;10;2;
2015;C2015;27;1;04;;1;43100;43100 - Vento/uragano;;;
2015;C2015;28;1;14;01;1;99900;99900 - Fattori investigati ma non identificati;5;2;
2015;C2015;29;1;14;01;1;99900;99900 - Fattori investigati ma non identificati;5;2;
2015;C2015;32;1;34;22;1;43100;43100 - Vento/uragano;;;
2015;C2015;34;1;04;;1;43100;43100 - Vento/uragano;;;
2015;C2015;35;1;22;14;1;99900;99900 - Fattori investigati ma non identificati;15;2;
2015;C2015;35;2;14;01;1;99900;99900 - Fattori investigati ma non identificati;15;2;
2015;C2015;36;1;22;14;1;99900;99900 - Fattori investigati ma non identificati;5;2;
2015;C2015;36;2;14;01;1;99900;99900 - Fattori investigati ma non identificati;5;2;
2015;C2015;37;1;14;02;1;99900;99900 - Fattori investigati ma non identificati;10;2;
2015;C2015;38;1;14;01;1;99900;99900 - Fattori investigati ma non identificati;20;2;
2015;C0484;55;1;14;01;1;26000;Rhynchaenus fagi;5;2;
2015;C0484;7;4;14;06;1;99900;99900 - Fattori investigati ma non identificati;5;2;
2015;C0484;7;3;14;03;1;99900;99900 - Fattori investigati ma non identificati;10;2;
2015;C0484;7;2;14;01;1;99900;99900 - Fattori investigati ma non identificati;15;2;
2015;C0484;56;3;14;03;1;26000;Rhynchaenus fagi;5;2;
2015;C0484;7;1;14;01;1;26000;Rhynchaenus fagi;10;2;
2015;C0484;56;2;22;14;1;99900;99900 - Fattori investigati ma non identificati;5;2;
2015;C0484;54;3;22;14;1;99900;99900 - Fattori investigati ma non identificati;5;2;
2015;C0484;56;1;14;08;1;99900;99900 - Fattori investigati ma non identificati;5;2;
2015;C0484;54;2;14;03;1;26000;Rhynchaenus fagi;5;2;
2015;C0484;54;1;14;01;1;99900;99900 - Fattori investigati ma non identificati;5;2;
2015;C0484;30;2;14;03;1;30000;30000 - Funghi;10;2;APIOGNIOMIA ERRABUNDa
2015;C0484;30;1;14;08;1;99900;99900 - Fattori investigati ma non identificati;5;2;
2015;C0483;16;1;00;;;;;;;
2015;C0483;36;1;12;01;1;99900;99900 - Fattori investigati ma non identificati;35;2;
2015;C0483;8;1;12;01;1;99900;99900 - Fattori investigati ma non identificati;10;2;
2015;C0483;41;1;12;01;1;99900;99900 - Fattori investigati ma non identificati;10;2;
2015;C0483;39;1;00;;;;;;;
2015;C0483;40;1;12;01;1;99900;99900 - Fattori investigati ma non identificati;20;2;
2015;C0483;31;4;14;02;1;99900;99900 - Fattori investigati ma non identificati;5;2;
2015;C0483;31;2;14;01;1;21000;- Non identificato -;15;2;
2015;C0483;31;3;22;08;1;99900;99900 - Fattori investigati ma non identificati;5;2;
2015;C0483;31;1;14;06;1;99900;99900 - Fattori investigati ma non identificati;15;2;
2015;C0483;15;1;12;01;1;99900;99900 - Fattori investigati ma non identificati;15;2;
2015;C0483;38;1;00;;;;;;;
2015;C0483;28;3;14;02;1;99900;99900 - Fattori investigati ma non identificati;10;2;
2015;C0483;28;2;14;01;1;21000;- Non identificato -;10;2;
2015;C0483;28;1;32;12;2;81003;81003 - Hedera helix;;;
2015;C0483;24;1;12;03;1;99900;99900 - Fattori investigati ma non identificati;20;2;
2015;C0483;27;3;14;02;1;99900;99900 - Fattori investigati ma non identificati;10;2;
2015;C0483;27;2;25;08;1;99900;99900 - Fattori investigati ma non identificati;15;2;alterazione della ramificazione
2015;C0483;22;1;00;;;;;;;
2015;C0483;27;1;14;01;1;99900;99900 - Fattori investigati ma non identificati;15;2;
2015;C0483;19;1;00;;;;;;;
2015;C0483;20;1;12;01;1;99900;99900 - Fattori investigati ma non identificati;25;2;
2015;C0483;43;1;12;01;1;99900;99900 - Fattori investigati ma non identificati;15;2;
2015;C0483;17;1;12;01;1;99900;99900 - Fattori investigati ma non identificati;10;2;aghi assenti nella parte bassa della chioma
2015;C0483;42;1;12;01;1;99900;99900 - Fattori investigati ma non identificati;30;2;
2015;C0483;12;1;00;;;;;;;
2015;C0483;5;1;00;;;;;;;
2015;C0483;6;1;00;;;;;;;
2015;C0483;3;1;12;01;1;99900;99900 - Fattori investigati ma non identificati;35;2;ASSENZA AGHI TERZO  ANNO
2015;C0483;2;1;00;;;;;;;
2015;C0483;1;1;00;;;;;;;
2015;C0568;2;1;00;;;;;;;
2015;C0568;3;1;00;;;;;;;
2015;C2010;4;1;00;;;;;;;
2015;C2010;5;1;22;14;1;22000;Coroebus florentinus;5;2;
2015;C2010;6;1;22;14;1;22000;Coroebus florentinus;5;2;
2015;C2010;7;1;25;14;3;22000;Coroebus florentinus;10;2;
2015;C2010;7;2;14;02;1;99900;99900 - Fattori investigati ma non identificati;5;2;
2015;C2010;8;1;22;14;1;22000;Coroebus florentinus;5;2;
2015;C2010;10;1;22;14;1;22000;Coroebus florentinus;5;2;
2015;C2010;12;1;25;14;3;22000;Coroebus florentinus;5;2;
2015;C2010;13;1;04;;1;30300;- Non identificato -;;;
2015;C2010;14;1;25;14;3;22000;Coroebus florentinus;5;2;
2015;C2010;15;1;22;14;1;22000;Coroebus florentinus;5;2;
2015;C2010;16;1;00;;;;;;;
2015;C2010;17;1;00;;;;;;;
2015;C2010;18;1;25;14;3;22000;Coroebus florentinus;5;2;
2015;C2010;19;1;22;14;1;22000;Coroebus florentinus;5;2;
2015;C2010;20;1;25;14;3;99900;99900 - Fattori investigati ma non identificati;30;2;
2015;C2010;20;2;14;08;1;27000;- Non identificato -;10;2;
2015;C2010;21;1;25;14;3;99900;99900 - Fattori investigati ma non identificati;30;2;
2015;C2010;21;2;14;08;1;99900;99900 - Fattori investigati ma non identificati;10;2;
2015;C2010;23;1;22;14;1;22000;Coroebus florentinus;5;2;
2015;C2010;24;1;22;14;1;22000;Coroebus florentinus;5;2;
2015;C2010;28;1;22;14;1;22000;Coroebus florentinus;5;2;
2015;C2010;30;1;14;08;1;27000;- Non identificato -;10;2;
2015;C2010;30;2;22;14;1;99900;99900 - Fattori investigati ma non identificati;5;2;
2015;C2010;31;1;00;;;;;;;
2015;C2010;32;1;14;01;1;21000;- Non identificato -;5;2;
2015;C2010;33;1;22;14;3;22000;Coroebus florentinus;5;2;
2015;C2010;34;1;22;14;1;22000;Coroebus florentinus;5;2;
2015;C2010;35;1;25;14;1;22000;Coroebus florentinus;30;2;
2015;C2010;9;1;00;;;;;;;
2015;C0449;40;2;14;01;1;99900;99900 - Fattori investigati ma non identificati;5;2;
2015;C0449;38;1;14;08;1;42200;42200 - Siccità/aridità;15;2;
2015;C0449;40;1;21;14;1;99900;99900 - Fattori investigati ma non identificati;10;2;
2015;C0449;32;2;14;08;1;42200;42200 - Siccità/aridità;10;2;
2015;C0449;32;1;14;01;1;21000;- Non identificato -;5;2;
2015;C0449;30;1;21;14;1;99900;99900 - Fattori investigati ma non identificati;5;2;
2015;C0449;29;1;14;01;1;99900;99900 - Fattori investigati ma non identificati;10;2;
2015;C0449;25;1;21;14;1;99900;99900 - Fattori investigati ma non identificati;10;2;
2015;C0449;23;2;14;01;1;99900;99900 - Fattori investigati ma non identificati;5;2;
2015;C0449;23;1;14;08;1;99900;99900 - Fattori investigati ma non identificati;10;2;
2015;C0449;20;2;14;08;1;99900;99900 - Fattori investigati ma non identificati;10;2;
2015;C0449;20;1;21;14;1;99900;99900 - Fattori investigati ma non identificati;5;2;
2015;C0449;18;2;14;08;1;99900;99900 - Fattori investigati ma non identificati;5;2;
2015;C0449;14;2;14;08;1;99900;99900 - Fattori investigati ma non identificati;5;2;
2015;C0449;18;1;14;01;1;99900;99900 - Fattori investigati ma non identificati;5;2;
2015;C0449;14;1;21;14;1;99900;99900 - Fattori investigati ma non identificati;5;2;
2015;C0449;12;2;22;14;2;99900;99900 - Fattori investigati ma non identificati;5;2;
2015;C0449;12;1;21;14;1;99900;99900 - Fattori investigati ma non identificati;15;2;
2015;C0449;11;1;21;14;1;99900;99900 - Fattori investigati ma non identificati;5;2;
2015;C0449;10;1;14;01;1;99900;99900 - Fattori investigati ma non identificati;5;2;
2015;C0449;8;1;22;14;1;99900;99900 - Fattori investigati ma non identificati;5;2;
2015;C0449;4;1;22;14;1;99900;99900 - Fattori investigati ma non identificati;5;2;
2015;C0449;5;1;21;14;1;99900;99900 - Fattori investigati ma non identificati;5;2;
2015;C0449;4;2;14;01;1;99900;99900 - Fattori investigati ma non identificati;5;2;
2015;C0449;3;1;22;14;2;99900;99900 - Fattori investigati ma non identificati;5;2;
2015;C0449;2;1;22;14;1;99900;99900 - Fattori investigati ma non identificati;5;2;
2015;C0449;1;1;14;01;1;99900;99900 - Fattori investigati ma non identificati;5;2;
2015;C0327;44;1;14;08;1;42600;42600 - Calore/colpo di calore;10;2;
2015;C0327;42;1;14;01;1;99900;99900 - Fattori investigati ma non identificati;5;2;
2015;C0327;41;3;14;08;1;42600;42600 - Calore/colpo di calore;15;2;
2015;C0327;40;4;14;08;1;42600;42600 - Calore/colpo di calore;10;2;
2015;C0327;41;1;14;01;1;99900;99900 - Fattori investigati ma non identificati;20;2;
2015;C0327;41;2;21;14;1;99900;99900 - Fattori investigati ma non identificati;10;2;
2015;C0327;40;3;14;03;1;99900;99900 - Fattori investigati ma non identificati;5;2;
2015;C0327;40;1;14;01;1;99900;99900 - Fattori investigati ma non identificati;15;2;
2015;C0327;40;2;23;14;1;99900;99900 - Fattori investigati ma non identificati;10;2;
2015;C0327;31;1;14;01;1;99900;99900 - Fattori investigati ma non identificati;5;2;
2015;C0327;38;1;14;08;1;42600;42600 - Calore/colpo di calore;10;2;
2015;C0327;31;2;14;08;1;42600;42600 - Calore/colpo di calore;15;2;
2015;C0327;28;3;14;08;1;42600;42600 - Calore/colpo di calore;15;2;
2015;C0327;28;2;14;03;1;99900;99900 - Fattori investigati ma non identificati;5;2;
2015;C0327;28;1;14;01;1;99900;99900 - Fattori investigati ma non identificati;5;2;
2015;C0327;27;2;14;08;1;42600;42600 - Calore/colpo di calore;20;2;
2015;C0327;27;1;14;01;1;99900;99900 - Fattori investigati ma non identificati;10;2;
2015;C0327;25;2;14;03;1;99900;99900 - Fattori investigati ma non identificati;5;2;
2015;C0327;25;1;14;01;1;99900;99900 - Fattori investigati ma non identificati;5;2;
2015;C0327;22;3;14;03;1;99900;99900 - Fattori investigati ma non identificati;15;2;
2015;C0327;22;2;22;01;1;99900;99900 - Fattori investigati ma non identificati;10;2;
2015;C0327;21;2;14;08;1;42600;42600 - Calore/colpo di calore;10;2;
2015;C0327;22;1;14;01;1;99900;99900 - Fattori investigati ma non identificati;5;2;
2015;C0327;19;2;22;14;1;99900;99900 - Fattori investigati ma non identificati;10;2;
2015;C0327;21;1;14;01;1;99900;99900 - Fattori investigati ma non identificati;5;2;
2015;C0327;17;1;14;01;1;99900;99900 - Fattori investigati ma non identificati;5;2;
2015;C0327;19;1;14;01;1;99900;99900 - Fattori investigati ma non identificati;5;2;
2015;C0327;13;2;14;03;1;99900;99900 - Fattori investigati ma non identificati;25;2;
2015;C0327;13;1;14;01;1;99900;99900 - Fattori investigati ma non identificati;10;2;
2015;C0327;12;2;14;03;1;99900;99900 - Fattori investigati ma non identificati;30;2;
2015;C0327;12;1;14;01;1;99900;99900 - Fattori investigati ma non identificati;10;2;
2015;C0327;9;2;22;14;1;99900;99900 - Fattori investigati ma non identificati;5;2;
2015;C0327;9;3;14;03;1;99900;99900 - Fattori investigati ma non identificati;15;2;
2015;C0327;9;1;14;01;1;99900;99900 - Fattori investigati ma non identificati;5;2;
2015;C0327;8;3;14;08;1;42600;42600 - Calore/colpo di calore;40;2;
2015;C0327;4;3;14;03;1;99900;99900 - Fattori investigati ma non identificati;10;2;
2015;C0327;6;1;14;01;1;99900;99900 - Fattori investigati ma non identificati;10;2;
2015;C0327;6;2;14;03;1;99900;99900 - Fattori investigati ma non identificati;30;2;
2015;C0327;6;3;22;14;1;99900;99900 - Fattori investigati ma non identificati;5;2;
2015;C0327;8;1;14;01;1;99900;99900 - Fattori investigati ma non identificati;5;2;
2015;C0327;8;2;22;14;1;99900;99900 - Fattori investigati ma non identificati;10;2;
2015;C0069;3;1;11;02;1;30100;Chrysomyxa spp.;30;2;
2015;C0069;3;2;22;14;3;99900;99900 - Fattori investigati ma non identificati;5;2;
2015;C0069;4;1;11;01;1;99900;99900 - Fattori investigati ma non identificati;5;2;
2015;C0069;4;2;11;01;1;99900;99900 - Fattori investigati ma non identificati;5;2;
2015;C0069;5;1;00;;;;;;;la pianta si trova in una posizione difficile da valutare
2015;C0069;6;1;00;;;;;;;la pianta si trova in una posizione difficile per la valutazione della chioma
2015;C0069;7;1;00;;;;;;;
2015;C0069;8;1;11;02;1;30100;Chrysomyxa spp.;40;2;
2015;C0069;8;2;22;14;3;99900;99900 - Fattori investigati ma non identificati;40;2;
2015;C0069;11;1;22;14;3;99900;99900 - Fattori investigati ma non identificati;5;2;
2015;C0069;13;1;11;02;1;30100;Chrysomyxa spp.;15;2;
2015;C0069;16;1;11;02;1;30100;Chrysomyxa spp.;5;2;
2015;C0069;17;1;11;02;1;30100;Chrysomyxa spp.;5;2;
2015;C0069;18;1;11;02;1;30100;Chrysomyxa spp.;5;2;
2015;C0069;20;1;11;02;1;30100;Chrysomyxa spp.;5;2;
2015;C0069;25;1;11;02;1;30100;Chrysomyxa spp.;50;2;
2015;C0069;29;1;11;02;1;30100;Chrysomyxa spp.;5;2;
2015;C0069;29;2;22;13;1;99900;99900 - Fattori investigati ma non identificati;15;2;
2015;C0069;30;1;11;02;1;30100;Chrysomyxa spp.;5;2;
2015;C0069;30;2;22;14;1;99900;99900 - Fattori investigati ma non identificati;10;2;
2015;C0069;32;1;11;02;1;30100;Chrysomyxa spp.;5;2;
2015;C0069;32;2;22;13;1;99900;99900 - Fattori investigati ma non identificati;10;2;
2015;C0069;33;1;00;;;;;;;
2015;C0069;35;1;00;;;;;;;
2015;C0069;36;1;11;02;1;30100;Chrysomyxa spp.;5;2;
2015;C0069;38;1;00;;;;;;;
2015;C0069;39;1;11;02;1;30100;Chrysomyxa spp.;70;2;
2015;C0069;40;1;11;02;1;30100;Chrysomyxa spp.;25;2;
2015;C0069;40;2;22;14;1;99900;99900 - Fattori investigati ma non identificati;5;2;
2015;C0069;44;1;32;18;1;99900;99900 - Fattori investigati ma non identificati;;1;
2015;C0069;44;2;11;02;1;30100;Chrysomyxa spp.;50;2;
2015;C0069;45;1;11;02;1;30100;Chrysomyxa spp.;50;2;
2015;C0069;47;1;11;02;1;30100;Chrysomyxa spp.;40;2;
2015;C0069;47;2;31;17;3;99900;99900 - Fattori investigati ma non identificati;;1;
2015;C0069;47;3;31;18;1;99900;99900 - Fattori investigati ma non identificati;;1;
2015;C0069;48;1;11;02;1;30100;Chrysomyxa spp.;20;2;
2015;C0069;48;2;22;14;1;99900;99900 - Fattori investigati ma non identificati;5;2;
2015;C0069;49;1;00;;;;;;;
2015;C0069;50;1;11;02;1;30100;Chrysomyxa spp.;60;2;
2015;C0069;51;1;11;02;1;30100;Chrysomyxa spp.;20;2;
2015;C0069;51;2;22;14;1;99900;99900 - Fattori investigati ma non identificati;10;2;
2015;C0069;51;3;32;18;1;99900;99900 - Fattori investigati ma non identificati;;1;
2015;C0069;52;1;00;;;;;;;
2015;C0069;53;1;13;02;1;30100;Chrysomyxa spp.;70;2;
2015;C0069;3;3;11;11;1;30100;Chrysomyxa spp.;;;
2015;C0069;8;3;11;11;1;30100;Chrysomyxa spp.;;;
2015;C0069;13;2;11;11;1;30100;Chrysomyxa spp.;;;
2015;C0069;16;2;11;11;1;30100;Chrysomyxa spp.;;;
2015;C0069;17;2;11;11;1;30100;Chrysomyxa spp.;;;
2015;C0069;18;2;11;11;1;30100;Chrysomyxa spp.;;;
2015;C0069;20;2;11;11;1;30100;Chrysomyxa spp.;;;
2015;C0069;25;2;11;11;1;30100;Chrysomyxa spp.;;;
2015;C0069;29;3;11;11;1;30100;Chrysomyxa spp.;;;
2015;C0069;30;3;11;11;1;30100;Chrysomyxa spp.;;;
2015;C0069;32;3;11;11;1;30100;Chrysomyxa spp.;;;
2015;C0069;36;2;11;11;1;30100;Chrysomyxa spp.;;;
2015;C0069;39;2;11;11;1;30100;Chrysomyxa spp.;;;
2015;C0069;40;3;11;11;1;30100;Chrysomyxa spp.;;;
2015;C0069;44;3;11;11;1;30100;Chrysomyxa spp.;;;
2015;C0069;45;2;11;11;1;30100;Chrysomyxa spp.;;;
2015;C0069;47;4;11;11;1;30100;Chrysomyxa spp.;;;
2015;C0069;48;3;11;11;1;30100;Chrysomyxa spp.;;;
2015;C0069;50;2;11;11;1;30100;Chrysomyxa spp.;;;
2015;C0069;51;4;11;11;1;30100;Chrysomyxa spp.;;;
2015;C0069;51;5;11;11;1;30100;Chrysomyxa spp.;;;
2015;C0069;53;2;11;11;1;30100;Chrysomyxa spp.;;;
2015;C0094;1;1;00;;;;;;;
2015;C0094;4;1;00;;;;;;;
2015;C0094;5;1;00;;;;;;;
2015;C0094;8;1;00;;;;;;;
2015;C0094;13;1;00;;;;;;;
2015;C0094;14;1;00;;;;;;;
2015;C0094;15;1;00;;;;;;;
2015;C0094;16;1;22;13;3;43100;43100 - Vento/uragano;5;2;
2015;C0094;17;1;00;;;;;;;
2015;C0094;18;1;00;;;;;;;
2015;C0094;19;1;00;;;;;;;
2015;C0094;21;1;00;;;;;;;
2015;C0094;23;1;22;14;3;99900;99900 - Fattori investigati ma non identificati;10;2;
2015;C0094;25;1;22;14;1;99900;99900 - Fattori investigati ma non identificati;5;2;
2015;C0094;28;1;22;14;3;99900;99900 - Fattori investigati ma non identificati;5;2;
2015;C0094;28;2;11;01;1;99900;99900 - Fattori investigati ma non identificati;15;2;
2015;C0094;33;1;00;;;;;;;
2015;C0094;35;1;22;14;3;99900;99900 - Fattori investigati ma non identificati;5;2;
2015;C0094;35;2;11;01;1;99900;99900 - Fattori investigati ma non identificati;5;2;
2015;C0094;41;1;32;18;1;99900;99900 - Fattori investigati ma non identificati;;1;
2015;C0094;41;2;32;10;1;22000;- Non identificato -;;;
2015;C0094;45;1;26;14;2;99900;99900 - Fattori investigati ma non identificati;50;2;
2015;C0094;45;2;25;14;3;99900;99900 - Fattori investigati ma non identificati;20;2;
2015;C0094;46;1;25;14;3;99900;99900 - Fattori investigati ma non identificati;40;2;
2015;C0094;46;2;26;14;2;99900;99900 - Fattori investigati ma non identificati;45;2;
2015;C0094;47;1;22;14;3;99900;99900 - Fattori investigati ma non identificati;10;2;
2015;C0094;47;2;11;01;1;99900;99900 - Fattori investigati ma non identificati;10;2;
2015;C0327;4;2;22;14;1;99900;99900 - Fattori investigati ma non identificati;10;2;
2015;C0327;4;1;14;01;1;99900;99900 - Fattori investigati ma non identificati;5;2;
2015;C0327;3;3;14;03;1;99900;99900 - Fattori investigati ma non identificati;15;2;
2015;C0327;3;2;22;14;1;99900;99900 - Fattori investigati ma non identificati;10;2;
2015;C0327;3;1;14;01;1;99900;99900 - Fattori investigati ma non identificati;5;2;
2015;C0327;1;2;22;14;1;99900;99900 - Fattori investigati ma non identificati;15;2;
2015;C0327;1;1;14;01;1;99900;99900 - Fattori investigati ma non identificati;10;2;
2015;C2059;1;1;11;11;1;30100;Chrysomyxa spp.;;;
2015;C2059;2;1;11;11;1;30100;Chrysomyxa spp.;;;
2015;C2059;3;1;11;11;1;30100;Chrysomyxa spp.;;;
2015;C2059;4;1;11;11;1;30100;Chrysomyxa spp.;;;
2015;C2059;4;2;22;14;3;99900;99900 - Fattori investigati ma non identificati;5;2;
2015;C2059;5;1;00;;;;;;;
2015;C2059;6;1;11;11;1;30100;Chrysomyxa spp.;;;
2015;C2059;6;2;11;02;1;30100;Chrysomyxa spp.;5;2;
2015;C2059;7;1;22;14;3;99900;99900 - Fattori investigati ma non identificati;5;2;
2015;C2059;7;2;11;11;1;30100;Chrysomyxa spp.;;;
2015;C2059;8;1;11;11;1;30100;Chrysomyxa spp.;;;
2015;C2059;8;2;11;01;1;99900;99900 - Fattori investigati ma non identificati;5;2;
2015;C2059;9;1;22;14;3;99900;99900 - Fattori investigati ma non identificati;5;2;
2015;C2059;9;2;11;11;1;30100;Chrysomyxa spp.;;;
2015;C2059;10;1;22;14;3;99900;99900 - Fattori investigati ma non identificati;5;2;
2015;C2059;10;2;11;11;1;30100;Chrysomyxa spp.;;;
2015;C2059;11;1;11;11;1;30100;Chrysomyxa spp.;;;
2015;C2059;12;1;32;18;3;99900;99900 - Fattori investigati ma non identificati;5;2;
2015;C2059;12;2;11;11;1;30100;Chrysomyxa spp.;;;
2015;C2059;13;1;11;11;1;30100;Chrysomyxa spp.;;;
2015;C2059;16;1;00;;;;;;;
2015;C2059;17;1;11;11;1;30100;Chrysomyxa spp.;;;
2015;C2059;19;1;00;;;;;;;
2015;C2059;20;1;11;11;1;30100;Chrysomyxa spp.;;;
2015;C2059;21;1;13;01;3;99900;99900 - Fattori investigati ma non identificati;5;2;
2015;C2059;21;2;11;11;1;30100;Chrysomyxa spp.;;;
2015;C2059;34;1;22;14;1;99900;99900 - Fattori investigati ma non identificati;5;2;
2015;C2059;35;1;11;11;1;30100;Chrysomyxa spp.;;;
2015;C2059;1;2;11;02;1;30100;Chrysomyxa spp.;15;2;
2015;C2059;2;2;11;02;1;30100;Chrysomyxa spp.;5;2;
2015;C2059;3;2;11;02;1;30100;Chrysomyxa spp.;10;2;
2015;C2059;4;3;11;02;1;30100;Chrysomyxa spp.;10;2;
2015;C2060;1;1;12;01;1;99900;99900 - Fattori investigati ma non identificati;10;2;
2015;C2060;3;1;12;02;1;99900;99900 - Fattori investigati ma non identificati;15;2;
2015;C2060;5;1;12;02;1;99900;99900 - Fattori investigati ma non identificati;25;2;
2015;C2060;5;2;22;14;1;99900;99900 - Fattori investigati ma non identificati;5;2;
2015;C2060;6;1;12;02;1;99900;99900 - Fattori investigati ma non identificati;15;2;
2015;C2060;6;2;13;01;3;99900;99900 - Fattori investigati ma non identificati;10;2;
2015;C2060;6;3;25;14;2;99900;99900 - Fattori investigati ma non identificati;20;2;
2015;C2060;6;4;32;12;2;14300;14300 - Picidae;;;
2015;C2060;6;5;34;18;1;99900;99900 - Fattori investigati ma non identificati;5;2;
2015;C2060;32;1;00;;;;;;;
2015;C2060;33;1;12;02;1;99900;99900 - Fattori investigati ma non identificati;10;2;
2015;C2060;34;1;12;02;1;99900;99900 - Fattori investigati ma non identificati;5;2;
2015;C2060;35;1;12;02;1;99900;99900 - Fattori investigati ma non identificati;5;2;
2015;C2060;36;1;12;02;1;99900;99900 - Fattori investigati ma non identificati;5;2;
2015;C2060;37;1;12;02;1;99900;99900 - Fattori investigati ma non identificati;5;2;
2015;C2060;38;1;12;02;1;99900;99900 - Fattori investigati ma non identificati;5;2;
2015;C2060;39;1;12;02;1;99900;99900 - Fattori investigati ma non identificati;5;2;
2015;C2060;39;2;31;17;1;99900;99900 - Fattori investigati ma non identificati;5;2;
2015;C2060;39;3;31;17;1;99900;99900 - Fattori investigati ma non identificati;5;2;
2015;C2060;40;1;12;02;1;99900;99900 - Fattori investigati ma non identificati;5;2;
2015;C2060;41;1;12;02;1;99900;99900 - Fattori investigati ma non identificati;5;2;
2015;C2060;42;1;00;;;;;;;
2015;C2060;43;1;12;02;1;99900;99900 - Fattori investigati ma non identificati;15;2;
2015;C2060;44;1;32;18;1;99900;99900 - Fattori investigati ma non identificati;;1;
2015;C2060;45;1;12;02;1;99900;99900 - Fattori investigati ma non identificati;5;2;
2015;C2060;46;1;12;02;1;99900;99900 - Fattori investigati ma non identificati;5;2;
2015;C2060;47;1;12;02;1;99900;99900 - Fattori investigati ma non identificati;10;2;
2015;C2060;48;1;12;02;1;99900;99900 - Fattori investigati ma non identificati;5;2;
2015;C2060;48;2;22;13;1;43000;43000 - Neve;5;2;
2015;C2060;49;1;12;02;1;99900;99900 - Fattori investigati ma non identificati;10;2;
2015;C2060;50;1;12;02;1;99900;99900 - Fattori investigati ma non identificati;15;2;
2015;C2060;50;2;12;01;1;99900;99900 - Fattori investigati ma non identificati;10;2;
2015;C2060;51;1;12;02;1;99900;99900 - Fattori investigati ma non identificati;10;2;
2015;C2060;51;2;32;18;1;99900;99900 - Fattori investigati ma non identificati;;1;
2015;C2060;51;3;32;17;1;11200;11200 - Cervo;;1;
2015;C2060;52;1;00;;;;;;;
2015;C2060;53;1;12;02;1;99900;99900 - Fattori investigati ma non identificati;5;2;
2015;C2060;54;1;00;;;;;;;
2015;C2060;55;1;12;02;1;99900;99900 - Fattori investigati ma non identificati;5;2;
2015;C2060;56;1;12;02;1;99900;99900 - Fattori investigati ma non identificati;5;2;
2015;C2060;57;1;12;02;1;99900;99900 - Fattori investigati ma non identificati;5;2;
2015;C2060;58;1;12;02;1;99900;99900 - Fattori investigati ma non identificati;5;2;
2015;C2060;59;1;00;;;;;;;
2015;C2060;60;1;12;02;1;99900;99900 - Fattori investigati ma non identificati;5;2;
2015;C2060;60;2;12;01;1;99900;99900 - Fattori investigati ma non identificati;5;2;
2015;C2061;1;1;14;01;1;21000;- Non identificato -;5;2;
2015;C2061;1;2;22;14;3;99900;99900 - Fattori investigati ma non identificati;5;2;
2015;C2061;1;3;14;03;1;99900;99900 - Fattori investigati ma non identificati;5;2;
2015;C2061;1;4;14;08;2;27000;- Non identificato -;5;2;Cinipide del castagno - dryocosmus kuriphilus (specifica agente non presente in lista)
2015;C2061;2;1;14;01;1;21000;- Non identificato -;5;2;
2015;C2061;2;2;22;14;3;99900;99900 - Fattori investigati ma non identificati;10;2;
2015;C2061;2;3;23;13;3;99900;99900 - Fattori investigati ma non identificati;15;2;
2015;C2061;2;4;14;03;1;99900;99900 - Fattori investigati ma non identificati;10;2;
2015;C2061;2;5;14;08;2;27000;- Non identificato -;10;2;Cinipide del castagno - dryocosmus kuriphilus (specifica agente non presente in lista)
2015;C2061;3;1;14;01;1;21000;- Non identificato -;5;2;
2015;C2061;3;2;14;08;2;27000;- Non identificato -;5;2;Cinipide del castagno - dryocosmus kuriphilus (specifica agente non presente in lista)
2015;C2061;3;3;14;03;1;99900;99900 - Fattori investigati ma non identificati;20;2;
2015;C2061;3;4;22;14;1;99900;99900 - Fattori investigati ma non identificati;5;2;
2015;C2061;5;1;14;01;1;21000;- Non identificato -;10;2;
2015;C2061;5;2;14;03;1;99900;99900 - Fattori investigati ma non identificati;5;2;
2015;C2061;5;3;14;08;2;27000;- Non identificato -;10;2;Cinipide del castagno - dryocosmus kuriphilus (specifica agente non presente in lista)
2015;C2061;6;1;14;01;1;21000;- Non identificato -;5;2;
2015;C2061;6;2;14;03;1;99900;99900 - Fattori investigati ma non identificati;5;2;
2015;C2061;6;3;22;14;3;99900;99900 - Fattori investigati ma non identificati;10;2;
2015;C2061;6;4;14;08;2;27000;- Non identificato -;10;2;Cinipide del castagno - dryocosmus kuriphilus (specifica agente non presente in lista)
2015;C2061;7;1;14;01;1;21000;- Non identificato -;0;2;
2015;C2061;7;2;14;03;1;99900;99900 - Fattori investigati ma non identificati;5;2;
2015;C2061;7;3;22;14;3;99900;99900 - Fattori investigati ma non identificati;5;2;
2015;C2061;22;1;14;01;1;21000;- Non identificato -;5;2;
2015;C2061;22;2;14;03;1;99900;99900 - Fattori investigati ma non identificati;5;2;
2015;C2061;23;1;14;01;1;21000;- Non identificato -;5;2;
2015;C2061;23;2;14;03;1;99900;99900 - Fattori investigati ma non identificati;5;2;
2015;C2061;27;1;14;01;1;21000;- Non identificato -;10;2;
2015;C2061;27;2;14;03;1;99900;99900 - Fattori investigati ma non identificati;5;2;
2015;C2061;27;3;22;14;3;99900;99900 - Fattori investigati ma non identificati;15;2;
2015;C2061;27;4;14;08;1;27000;- Non identificato -;30;2;Dryocosmus kuriphilus (nominativo insetto  non in lista)
2015;C2061;35;1;14;01;1;21000;- Non identificato -;5;2;
2015;C2061;35;2;14;03;1;99900;99900 - Fattori investigati ma non identificati;5;2;
2015;C2061;35;3;14;08;1;27000;- Non identificato -;10;2;Dryocosmus kuriphilus (nominativo insetto  non in lista)
2015;C2061;35;4;22;14;3;99900;99900 - Fattori investigati ma non identificati;5;2;
2015;C2061;36;1;14;01;1;21000;- Non identificato -;5;2;
2015;C2061;36;2;14;03;1;99900;99900 - Fattori investigati ma non identificati;5;2;
2015;C2061;36;3;14;08;1;27000;- Non identificato -;10;2;Dryocosmus kuriphilus (nominativo insetto  non in lista)
2015;C2061;36;4;32;17;1;99900;99900 - Fattori investigati ma non identificati;30;2;
2015;C2061;38;1;14;01;1;21000;- Non identificato -;5;2;
2015;C2061;38;2;14;03;1;99900;99900 - Fattori investigati ma non identificati;5;2;
2015;C2061;38;3;22;14;3;99900;99900 - Fattori investigati ma non identificati;5;2;
2015;C2061;39;1;14;01;1;21000;- Non identificato -;5;2;
2015;C2061;39;2;14;03;1;99900;99900 - Fattori investigati ma non identificati;5;2;
2015;C2061;39;3;22;14;3;99900;99900 - Fattori investigati ma non identificati;5;2;
2015;C2061;40;1;14;01;1;21000;- Non identificato -;5;2;
2015;C2061;40;2;14;03;1;99900;99900 - Fattori investigati ma non identificati;5;2;
2015;C2061;40;3;14;08;1;27000;- Non identificato -;5;2;Dryocosmus kuriphilus (nominativo insetto  non in lista)
2015;C2061;40;4;22;14;3;99900;99900 - Fattori investigati ma non identificati;5;2;
2015;C2061;41;1;14;01;1;21000;- Non identificato -;5;2;
2015;C2061;41;2;14;03;1;99900;99900 - Fattori investigati ma non identificati;5;2;
2015;C2061;41;3;14;08;1;27000;- Non identificato -;5;2;Dryocosmus kuriphilus (nominativo insetto  non in lista)
2015;C2061;42;1;14;02;1;99900;99900 - Fattori investigati ma non identificati;20;2;
2015;C2061;42;2;22;14;1;99900;99900 - Fattori investigati ma non identificati;5;2;
2015;C2061;43;1;14;01;1;21000;- Non identificato -;10;2;
2015;C2061;43;2;14;03;1;99900;99900 - Fattori investigati ma non identificati;5;2;
2015;C2061;43;3;22;14;3;99900;99900 - Fattori investigati ma non identificati;5;2;
2015;C2061;44;1;14;03;1;26000;Rhynchaenus fagi;5;2;
2015;C2061;44;2;14;01;1;26000;Rhynchaenus fagi;30;2;
2015;C2061;44;3;22;14;3;99900;99900 - Fattori investigati ma non identificati;5;2;
2015;C2061;45;1;22;14;3;99900;99900 - Fattori investigati ma non identificati;20;2;
2015;C2061;45;2;14;08;1;27000;- Non identificato -;5;2;Dryocosmus kuriphilus (nominativo insetto  non in lista)
2015;C2061;45;3;14;03;1;99900;99900 - Fattori investigati ma non identificati;5;2;
2015;C2061;46;1;14;01;1;21000;- Non identificato -;5;2;
2015;C2061;46;2;14;08;1;27000;- Non identificato -;5;2;Dryocosmus kuriphilus (nominativo insetto  non in lista)
2015;C2061;46;3;22;14;1;99900;99900 - Fattori investigati ma non identificati;5;2;
2015;C2061;47;1;14;01;1;21000;- Non identificato -;5;2;
2015;C2061;47;2;14;03;1;99900;99900 - Fattori investigati ma non identificati;5;2;
2015;C2061;49;1;14;01;1;21000;- Non identificato -;20;2;
2015;C2061;50;1;14;01;1;21000;- Non identificato -;5;2;
2015;C2061;50;2;14;02;1;99900;99900 - Fattori investigati ma non identificati;5;2;
2015;C2061;50;3;14;03;1;99900;99900 - Fattori investigati ma non identificati;5;2;
2015;C2061;50;4;14;08;1;27000;- Non identificato -;5;2;Dryocosmus kuriphilus (nominativo insetto  non in lista)
2015;C2061;50;5;22;14;3;99900;99900 - Fattori investigati ma non identificati;10;2;
2015;C0327;30;1;14;08;1;42600;42600 - Calore/colpo di calore;10;2;
2015;C0327;29;1;14;08;1;42600;42600 - Calore/colpo di calore;5;2;
2015;C1072;37;1;22;14;2;99900;99900 - Fattori investigati ma non identificati;5;2;
2015;C1072;1;1;00;;;;;;;
2015;C1072;2;1;22;14;2;99900;99900 - Fattori investigati ma non identificati;5;2;
2015;C1072;3;1;22;14;2;99900;99900 - Fattori investigati ma non identificati;5;2;
2015;C1072;4;1;22;13;2;99900;99900 - Fattori investigati ma non identificati;5;2;
2015;C1072;6;1;00;;;;;;;
2015;C1072;8;1;00;;;;;;;
2015;C1072;10;1;00;;;;;;;
2015;C1072;13;1;00;;;;;;;
2015;C1072;15;1;00;;;;;;;
2015;C1072;17;1;00;;;;;;;
2015;C1072;19;1;00;;;;;;;
2015;C1072;20;1;00;;;;;;;
2015;C1072;21;1;22;01;2;99900;99900 - Fattori investigati ma non identificati;5;2;
2015;C1072;26;1;23;14;2;99900;99900 - Fattori investigati ma non identificati;10;2;
2015;C1072;26;2;31;12;3;81001;81001 - Viscum album;;;
2015;C1072;29;1;22;13;2;43000;43000 - Neve;5;2;
2015;C1072;29;2;22;14;2;99900;99900 - Fattori investigati ma non identificati;5;2;
2015;C1072;31;1;31;12;2;81001;81001 - Viscum album;;;
2015;C1072;39;1;14;01;1;99900;99900 - Fattori investigati ma non identificati;15;2;
2015;C1076;1;1;00;;;;;;;
2015;C1076;2;1;00;;;;;;;
2015;C1076;3;1;00;;;;;;;
2015;C1076;4;1;00;;;;;;;
2015;C1076;5;1;14;01;1;99900;99900 - Fattori investigati ma non identificati;20;2;
2015;C1076;6;1;00;;;;;;;
2015;C1076;7;1;00;;;;;;;
2015;C1076;8;1;00;;;;;;;
2015;C1076;9;1;00;;;;;;;
2015;C1076;10;1;00;;;;;;;
2015;C1076;13;1;00;;;;;;;
2015;C1076;14;1;00;;;;;;;
2015;C1076;15;1;14;01;3;99900;99900 - Fattori investigati ma non identificati;20;2;
2015;C1076;16;1;00;;;;;;;
2015;C1076;18;1;00;;;;;;;
2015;C1076;19;1;00;;;;;;;
2015;C1076;21;1;00;;;;;;;
2015;C1076;22;1;00;;;;;;;
2015;C1076;29;1;00;;;;;;;
2015;C1087;2;1;25;14;3;99900;99900 - Fattori investigati ma non identificati;10;2;
2015;C1087;3;1;25;14;3;99900;99900 - Fattori investigati ma non identificati;10;2;
2015;C1087;3;2;13;12;1;81001;81001 - Viscum album;;;
2015;C1087;4;1;04;;1;99900;99900 - Fattori investigati ma non identificati;;;
2015;C1087;5;1;14;01;2;99900;99900 - Fattori investigati ma non identificati;15;2;
2015;C1087;5;2;25;14;3;99900;99900 - Fattori investigati ma non identificati;20;2;
2015;C1087;5;3;14;12;1;81001;81001 - Viscum album;;;
2015;C1087;6;1;23;14;3;99900;99900 - Fattori investigati ma non identificati;5;2;
2015;C1087;6;2;25;12;3;81001;81001 - Viscum album;;;
2015;C1087;33;1;32;08;2;99900;99900 - Fattori investigati ma non identificati;;1;
2015;C1087;34;1;14;01;1;21000;- Non identificato -;5;2;
2015;C1087;35;1;00;;;;;;;
2015;C2057;1;1;00;;;;;;;
2015;C2057;3;1;00;;;;;;;
2015;C2057;4;1;00;;;;;;;
2015;C2057;5;1;00;;;;;;;
2015;C2057;7;1;00;;;;;;;
2015;C2057;8;1;14;01;1;99900;99900 - Fattori investigati ma non identificati;5;2;
2015;C2057;10;1;00;;;;;;;
2015;C2057;13;1;00;;;;;;;
2015;C2057;14;1;00;;;;;;;
2015;C2057;16;1;00;;;;;;;
2015;C2057;17;1;00;;;;;;;
2015;C2057;19;1;00;;;;;;;
2015;C2057;22;1;00;;;;;;;
2015;C2057;23;1;00;;;;;;;
2015;C2057;30;1;00;;;;;;;
2015;C2057;34;1;00;;;;;;;
2015;C2057;36;1;00;;;;;;;
2015;C2058;1;1;00;;;;;;;
2015;C2058;2;1;00;;;;;;;
2015;C2058;3;1;00;;;;;;;
2015;C2058;4;1;32;17;2;43400;43400 - Caduta rocce;;1;
2015;C2058;5;1;23;14;2;99900;99900 - Fattori investigati ma non identificati;15;2;
2015;C2058;9;1;00;;;;;;;
2015;C2058;11;1;00;;;;;;;
2015;C2058;13;1;00;;;;;;;
2015;C2058;17;1;00;;;;;;;
2015;C2058;18;1;25;14;2;99900;99900 - Fattori investigati ma non identificati;30;2;
2015;C2058;18;2;14;12;2;81001;81001 - Viscum album;;;
2015;C2058;34;1;25;14;3;99900;99900 - Fattori investigati ma non identificati;20;2;
2015;C2058;34;2;14;08;3;30900;Cryphonectria parasitica = Endothia parasitica;;1;
2015;C2058;34;3;14;12;3;81001;81001 - Viscum album;;;
2015;C2058;35;1;22;14;2;99900;99900 - Fattori investigati ma non identificati;5;2;
2015;C0743;12;1;14;08;1;99900;99900 - Fattori investigati ma non identificati;20;2;
2015;C0743;12;2;22;14;3;99900;99900 - Fattori investigati ma non identificati;5;2;
2015;C0743;14;1;14;01;1;21000;- Non identificato -;5;2;
2015;C0743;14;2;14;08;1;99900;99900 - Fattori investigati ma non identificati;10;2;
2015;C0743;14;3;22;14;3;99900;99900 - Fattori investigati ma non identificati;5;2;
2015;C0743;20;1;00;;;;;;;
2015;C0743;17;1;22;14;3;99900;99900 - Fattori investigati ma non identificati;5;2;
2015;C0743;18;1;14;01;1;21000;- Non identificato -;5;2;
2015;C0743;18;2;14;08;1;99900;99900 - Fattori investigati ma non identificati;5;2;
2015;C0743;19;1;14;06;1;99900;99900 - Fattori investigati ma non identificati;5;2;
2015;C0743;19;2;14;01;1;21000;- Non identificato -;5;2;
2015;C0743;40;1;14;01;1;21000;- Non identificato -;5;2;
2015;C0743;40;2;14;08;1;99900;99900 - Fattori investigati ma non identificati;5;2;
2015;C0743;40;3;22;14;3;99900;99900 - Fattori investigati ma non identificati;5;2;
2015;C0743;41;1;14;01;1;21000;- Non identificato -;5;2;
2015;C0743;41;2;14;08;1;99900;99900 - Fattori investigati ma non identificati;15;2;
2015;C0743;51;1;14;06;1;99900;99900 - Fattori investigati ma non identificati;5;2;
2015;C0743;51;2;14;08;1;99900;99900 - Fattori investigati ma non identificati;15;2;
2015;C0743;52;1;14;01;1;21000;- Non identificato -;10;2;
2015;C0743;52;2;22;14;3;99900;99900 - Fattori investigati ma non identificati;5;2;
2015;C0743;53;1;14;08;1;99900;99900 - Fattori investigati ma non identificati;5;2;
2015;C0743;53;2;22;12;3;99900;99900 - Fattori investigati ma non identificati;;;
2015;C0743;54;1;14;08;1;99900;99900 - Fattori investigati ma non identificati;5;2;
2015;C0743;54;2;14;06;1;99900;99900 - Fattori investigati ma non identificati;5;2;
2015;C0743;55;1;14;01;1;21000;- Non identificato -;5;2;
2015;C0743;55;2;14;08;1;99900;99900 - Fattori investigati ma non identificati;10;2;
2015;C0743;55;3;22;14;3;99900;99900 - Fattori investigati ma non identificati;5;2;
2015;C0746;2;1;14;01;1;21000;- Non identificato -;5;2;
2015;C0746;2;2;22;14;2;99900;99900 - Fattori investigati ma non identificati;5;2;
2015;C0746;2;3;32;12;3;81003;81003 - Hedera helix;;;
2015;C0746;3;1;04;;1;54100;54100 - Tagli, abbattimento;;;
2015;C0746;5;1;04;;1;54100;54100 - Tagli, abbattimento;;;
2015;C0746;6;1;14;01;1;21000;- Non identificato -;10;2;
2015;C0746;6;2;14;03;1;30600;Apiognomonia quercina;5;2;
2015;C0746;7;1;14;01;1;21000;- Non identificato -;5;2;
2015;C0746;8;1;14;01;1;21000;- Non identificato -;5;2;
2015;C0746;8;2;14;03;1;30600;Apiognomonia quercina;5;2;
2015;C0746;9;1;04;;1;54100;54100 - Tagli, abbattimento;;;
2015;C0746;10;1;14;01;1;21000;- Non identificato -;5;2;
2015;C0746;10;2;22;14;2;99900;99900 - Fattori investigati ma non identificati;10;2;
2015;C0746;15;1;14;01;1;21000;- Non identificato -;5;2;
2015;C0746;15;2;32;12;3;81003;81003 - Hedera helix;;;
2015;C0746;16;1;14;01;1;21000;- Non identificato -;5;2;
2015;C0746;16;2;32;12;3;81003;81003 - Hedera helix;;;
2015;C0746;19;1;14;01;1;21000;- Non identificato -;5;2;
2015;C0746;19;2;22;14;2;99900;99900 - Fattori investigati ma non identificati;5;2;
2015;C0746;21;1;14;01;1;21000;- Non identificato -;5;2;
2015;C0746;21;2;22;14;2;99900;99900 - Fattori investigati ma non identificati;5;2;
2015;C0746;22;1;22;14;2;99900;99900 - Fattori investigati ma non identificati;10;2;
2015;C0746;22;2;14;01;1;21000;- Non identificato -;5;2;
2015;C0746;26;1;14;01;1;21000;- Non identificato -;5;2;
2015;C0746;26;2;23;14;1;54500;54500 - Altri interventi selvicolturali;10;2;
2015;C0746;27;1;04;;1;54100;54100 - Tagli, abbattimento;;;
2015;C0746;29;1;04;;1;54100;54100 - Tagli, abbattimento;;;
2015;C0746;30;1;04;;1;54100;54100 - Tagli, abbattimento;;;
2015;C0746;31;1;14;01;1;21000;- Non identificato -;5;2;
2015;C0746;32;1;14;01;1;21000;- Non identificato -;5;2;
2015;C0746;32;2;22;14;2;99900;99900 - Fattori investigati ma non identificati;5;2;
2015;C0746;32;3;32;12;3;81003;81003 - Hedera helix;;;
2015;C0746;35;1;14;01;1;21000;- Non identificato -;10;2;
2015;C0746;35;2;22;14;2;99900;99900 - Fattori investigati ma non identificati;5;2;
2015;C0746;35;3;32;12;3;81003;81003 - Hedera helix;;;
2015;C0746;36;1;14;01;1;21000;- Non identificato -;5;2;
2015;C0764;12;1;14;12;2;87001;87001 - Eriophyes ilicis;;;
2015;C0764;13;1;14;01;1;21000;- Non identificato -;5;2;
2015;C0764;13;2;14;12;2;87001;87001 - Eriophyes ilicis;;;
2015;C0764;23;1;14;01;1;21000;- Non identificato -;10;2;
2015;C0764;23;2;22;14;2;99900;99900 - Fattori investigati ma non identificati;10;2;
2015;C0764;25;1;22;14;2;99900;99900 - Fattori investigati ma non identificati;10;2;
2015;C0764;25;2;14;01;1;21000;- Non identificato -;5;2;
2015;C0764;26;1;22;14;2;99900;99900 - Fattori investigati ma non identificati;10;2;
2015;C0764;30;1;22;14;2;99900;99900 - Fattori investigati ma non identificati;10;2;
2015;C0764;30;2;14;01;1;21000;- Non identificato -;5;2;
2015;C0764;32;1;14;01;1;21000;- Non identificato -;5;2;
2015;C0764;33;1;14;01;1;21000;- Non identificato -;5;2;
2015;C0764;33;2;14;12;2;87001;87001 - Eriophyes ilicis;;;
2015;C0764;33;3;22;14;2;99900;99900 - Fattori investigati ma non identificati;5;2;
2015;C0764;35;1;14;01;1;21000;- Non identificato -;10;2;
2015;C0764;36;1;14;01;1;21000;- Non identificato -;10;2;
2015;C0764;36;2;14;12;2;87001;87001 - Eriophyes ilicis;;;
2015;C0764;37;1;22;14;2;99900;99900 - Fattori investigati ma non identificati;5;2;
2015;C0764;37;2;14;03;2;30600;Apiognomonia quercina;5;2;
2015;C0764;37;3;14;12;2;87001;87001 - Eriophyes ilicis;;;
2015;C0764;38;1;14;12;2;87001;87001 - Eriophyes ilicis;;;
2015;C0764;38;2;14;01;1;21000;- Non identificato -;5;2;
2015;C0764;39;1;14;01;1;21000;- Non identificato -;5;2;
2015;C0764;39;2;14;03;2;30600;Apiognomonia quercina;5;2;
2015;C0764;40;1;14;01;1;21000;- Non identificato -;5;2;
2015;C0764;40;2;14;03;2;30600;Apiognomonia quercina;5;2;
2015;C0764;40;3;22;14;2;99900;99900 - Fattori investigati ma non identificati;5;2;
2015;C0662;65;1;22;14;3;99900;99900 - Fattori investigati ma non identificati;10;2;
2015;C0662;64;2;14;01;1;21000;- Non identificato -;5;2;
2015;C0662;64;1;22;14;3;99900;99900 - Fattori investigati ma non identificati;5;2;
2015;C0662;63;1;22;14;3;99900;99900 - Fattori investigati ma non identificati;10;2;
2015;C0662;61;2;32;12;2;81003;81003 - Hedera helix;;;
2015;C0662;61;1;14;01;1;21000;- Non identificato -;5;2;
2015;C0662;60;2;32;12;2;81003;81003 - Hedera helix;;;
2015;C0662;60;1;14;01;1;21000;- Non identificato -;5;2;
2015;C0662;59;1;14;01;1;21000;- Non identificato -;5;2;
2015;C0662;58;2;14;01;1;99900;99900 - Fattori investigati ma non identificati;10;2;
2015;C0662;58;1;22;14;3;99900;99900 - Fattori investigati ma non identificati;20;2;
2015;C0662;57;4;32;12;2;81003;81003 - Hedera helix;;;
2015;C0662;57;3;14;01;1;99900;99900 - Fattori investigati ma non identificati;5;2;
2015;C0662;57;2;23;14;2;99900;99900 - Fattori investigati ma non identificati;10;2;
2015;C0662;57;1;22;14;3;99900;99900 - Fattori investigati ma non identificati;5;2;
2015;C0662;56;2;14;01;1;21000;- Non identificato -;5;2;
2015;C0662;56;1;22;14;3;99900;99900 - Fattori investigati ma non identificati;10;2;
2015;C0662;55;1;22;14;3;99900;99900 - Fattori investigati ma non identificati;5;2;
2015;C0662;54;1;22;14;3;99900;99900 - Fattori investigati ma non identificati;5;2;
2015;C0662;53;2;14;01;1;21000;- Non identificato -;5;2;
2015;C0501;1;1;14;01;1;21000;- Non identificato -;5;2;
2015;C0130;1;1;00;;;;;;;
2015;C0130;4;1;14;01;1;42500;42500 - Grandine;10;2;
2015;C0130;5;1;00;;;;;;;
2015;C0130;6;1;14;01;1;42500;42500 - Grandine;10;2;
2015;C0130;7;1;12;01;1;99900;99900 - Fattori investigati ma non identificati;5;2;
2015;C0130;7;2;23;14;2;99900;99900 - Fattori investigati ma non identificati;10;2;
2015;C0130;11;1;00;;;;;;;
2015;C0130;13;1;00;;;;;;;
2015;C0130;22;1;14;01;1;42500;42500 - Grandine;5;2;
2015;C0130;23;1;14;01;1;42200;42200 - Siccità/aridità;50;2;
2015;C0130;25;1;00;;;;;;;
2015;C0130;27;1;00;;;;;;;
2015;C0130;28;1;00;;;;;;;
2015;C0130;30;1;14;01;1;42500;42500 - Grandine;10;2;
2015;C0130;35;1;00;;;;;;;
2015;C0130;37;1;14;01;1;42500;42500 - Grandine;5;2;
2015;C0130;38;1;14;01;1;42500;42500 - Grandine;10;2;
2015;C0130;39;1;00;;;;;;;
2015;C0130;40;1;14;01;1;42500;42500 - Grandine;10;2;
2015;C0130;41;1;13;01;1;99900;99900 - Fattori investigati ma non identificati;20;2;
2015;C0130;16;1;14;01;1;42200;42200 - Siccità/aridità;35;2;
2015;C0130;15;1;14;01;1;42200;42200 - Siccità/aridità;10;2;
2015;C0132;44;1;00;;;;;;;
2015;C0131;49;1;00;;;;;;;
2015;C0132;46;1;22;14;1;99900;99900 - Fattori investigati ma non identificati;10;2;
2015;C0501;1;2;23;14;2;99900;99900 - Fattori investigati ma non identificati;;1;
2015;C0501;2;1;14;01;1;21000;- Non identificato -;5;2;
2015;C0501;9;1;14;01;1;21000;- Non identificato -;5;2;
2015;C0501;11;1;14;01;1;21000;- Non identificato -;5;2;
2015;C0501;11;2;22;14;1;99900;99900 - Fattori investigati ma non identificati;5;2;
2015;C0501;12;1;14;01;1;99900;99900 - Fattori investigati ma non identificati;20;2;
2015;C0501;12;2;23;14;3;99900;99900 - Fattori investigati ma non identificati;20;2;
2015;C0501;13;1;14;01;1;21000;- Non identificato -;5;2;
2015;C0501;15;1;14;01;1;99900;99900 - Fattori investigati ma non identificati;5;2;
2015;C0501;16;1;22;14;1;99900;99900 - Fattori investigati ma non identificati;5;2;
2015;C0501;22;1;14;01;1;21000;- Non identificato -;10;2;
2015;C0501;22;2;22;14;1;99900;99900 - Fattori investigati ma non identificati;20;2;
2015;C0501;22;3;25;14;3;99900;99900 - Fattori investigati ma non identificati;10;2;
2015;C0501;35;1;14;01;1;21000;- Non identificato -;10;2;
2015;C0501;35;2;22;14;1;99900;99900 - Fattori investigati ma non identificati;10;2;
2015;C0501;36;1;14;01;1;21000;- Non identificato -;10;2;
2015;C0501;36;2;23;14;1;99900;99900 - Fattori investigati ma non identificati;20;2;
2015;C0501;37;1;14;01;1;21000;- Non identificato -;10;2;
2015;C0501;37;2;23;14;1;99900;99900 - Fattori investigati ma non identificati;20;2;
2015;C0501;38;1;14;01;1;21000;- Non identificato -;10;2;
2015;C0501;38;2;23;14;2;99900;99900 - Fattori investigati ma non identificati;;1;
2015;C0501;39;1;14;01;1;21000;- Non identificato -;5;2;
2015;C0501;40;1;14;01;1;21000;- Non identificato -;10;2;
2015;C0501;41;1;14;01;1;21000;- Non identificato -;5;2;
2015;C0501;42;1;22;14;1;99900;99900 - Fattori investigati ma non identificati;5;2;
2015;C0501;42;2;14;01;1;21000;- Non identificato -;5;2;
2015;C0501;43;1;14;01;1;99900;99900 - Fattori investigati ma non identificati;5;2;
2015;C0501;43;2;22;14;3;99900;99900 - Fattori investigati ma non identificati;5;2;
2015;C0501;44;1;14;01;1;21000;- Non identificato -;10;2;
2015;C0501;44;2;23;14;1;99900;99900 - Fattori investigati ma non identificati;10;2;
2015;C0501;45;1;14;01;1;21000;- Non identificato -;10;2;
2015;C0501;45;2;23;14;1;99900;99900 - Fattori investigati ma non identificati;10;2;
2015;C0501;46;1;14;01;1;21000;- Non identificato -;10;2;
2015;C0501;46;2;23;14;1;99900;99900 - Fattori investigati ma non identificati;20;2;
2015;C0501;48;1;14;01;1;21000;- Non identificato -;5;2;
2015;C0501;49;1;14;01;1;99900;99900 - Fattori investigati ma non identificati;5;2;
2015;C0501;49;2;22;14;1;99900;99900 - Fattori investigati ma non identificati;5;2;
2015;C0501;50;1;14;01;1;21000;- Non identificato -;5;2;
2015;C0501;51;1;14;01;1;21000;- Non identificato -;5;2;
2015;C0501;52;1;14;01;1;21000;- Non identificato -;5;2;
2015;C0501;53;1;14;01;1;21000;- Non identificato -;5;2;
2015;C0501;54;1;14;01;1;21000;- Non identificato -;5;2;
2015;C0501;54;2;22;14;1;99900;99900 - Fattori investigati ma non identificati;5;2;
2015;C0501;55;1;14;01;1;21000;- Non identificato -;5;2;
2015;C0501;56;1;14;01;1;21000;- Non identificato -;5;2;
2015;C0501;57;1;14;01;1;21000;- Non identificato -;10;2;
2015;C0501;57;2;22;14;1;99900;99900 - Fattori investigati ma non identificati;10;2;
2015;C0501;58;1;14;01;1;21000;- Non identificato -;5;2;
2015;C0501;58;2;23;14;1;99900;99900 - Fattori investigati ma non identificati;10;2;
2015;C0501;60;1;14;01;1;21000;- Non identificato -;5;2;
2015;C0501;61;1;14;01;1;21000;- Non identificato -;10;2;
2015;C0501;61;2;23;14;3;99900;99900 - Fattori investigati ma non identificati;10;2;
2015;C0501;62;1;14;01;1;21000;- Non identificato -;10;2;
2015;C0501;62;2;23;14;1;99900;99900 - Fattori investigati ma non identificati;10;2;
2015;C0501;63;1;14;01;1;21000;- Non identificato -;5;2;
2015;C0501;64;1;14;01;1;21000;- Non identificato -;5;2;
2015;C0501;64;2;23;14;1;99900;99900 - Fattori investigati ma non identificati;10;2;
2015;C0501;65;1;14;01;1;21000;- Non identificato -;5;2;
2015;C0501;66;1;14;01;1;21000;- Non identificato -;10;2;
2015;C0501;66;2;23;14;1;99900;99900 - Fattori investigati ma non identificati;5;2;
2015;C0501;67;1;14;01;1;21000;- Non identificato -;5;2;
2015;C0501;69;1;14;01;1;21000;- Non identificato -;5;2;
2015;C0501;70;1;14;01;1;21000;- Non identificato -;5;2;
2015;C0501;71;1;14;01;1;21000;- Non identificato -;5;2;
2015;C0501;72;1;14;01;1;21000;- Non identificato -;10;2;
2015;C0501;72;2;23;14;3;99900;99900 - Fattori investigati ma non identificati;5;2;
2015;C0501;73;1;14;01;1;21000;- Non identificato -;5;2;
2015;C0501;74;1;14;01;1;21000;- Non identificato -;5;2;
2015;C0501;75;1;14;01;1;21000;- Non identificato -;5;2;
2015;C0502;1;1;14;01;1;21000;- Non identificato -;10;2;
2015;C0502;1;2;32;12;2;81000;81000 - Piante parassite/rampicanti/epifite;;;
2015;C0502;3;1;14;01;1;21000;- Non identificato -;10;2;
2015;C0502;3;2;23;14;3;99900;99900 - Fattori investigati ma non identificati;10;2;
2015;C0502;8;1;14;01;1;21000;- Non identificato -;15;2;
2015;C0502;8;2;23;14;3;99900;99900 - Fattori investigati ma non identificati;10;2;
2015;C0502;9;1;14;01;1;21000;- Non identificato -;20;2;
2015;C0502;9;2;23;14;3;99900;99900 - Fattori investigati ma non identificati;15;2;
2015;C0502;15;1;14;01;1;21000;- Non identificato -;15;2;
2015;C0502;15;2;23;14;3;99900;99900 - Fattori investigati ma non identificati;20;2;
2015;C0502;32;1;14;01;1;21000;- Non identificato -;10;2;
2015;C0502;32;2;22;14;1;99900;99900 - Fattori investigati ma non identificati;10;2;
2015;C0502;33;1;14;01;1;21000;- Non identificato -;10;2;
2015;C0502;33;2;25;14;3;99900;99900 - Fattori investigati ma non identificati;15;2;
2015;C0502;35;1;14;01;1;21000;- Non identificato -;20;2;
2015;C0502;35;2;23;14;3;99900;99900 - Fattori investigati ma non identificati;20;2;
2015;C0502;36;1;14;01;1;21000;- Non identificato -;5;2;
2015;C0502;36;2;22;14;1;99900;99900 - Fattori investigati ma non identificati;5;2;
2015;C0502;37;1;22;14;1;99900;99900 - Fattori investigati ma non identificati;15;2;
2015;C0502;37;2;14;01;1;21000;- Non identificato -;5;2;
2015;C0502;38;1;14;01;1;21000;- Non identificato -;10;2;
2015;C2032;1;1;14;01;1;21000;- Non identificato -;10;2;
2015;C2032;1;2;23;14;3;99900;99900 - Fattori investigati ma non identificati;20;2;
2015;C2032;2;1;14;01;1;21000;- Non identificato -;10;2;
2015;C2032;2;2;25;14;3;99900;99900 - Fattori investigati ma non identificati;20;2;
2015;C2032;3;1;14;01;1;21000;- Non identificato -;10;2;
2015;C2032;3;2;25;14;3;99900;99900 - Fattori investigati ma non identificati;10;2;
2015;C2032;3;3;32;08;2;81006;81006 - Altre piante parassite/epifite/ramp.;;1;
2015;C2032;7;1;14;01;1;21000;- Non identificato -;10;2;
2015;C2032;7;2;22;01;1;99900;99900 - Fattori investigati ma non identificati;10;2;
2015;C2032;12;1;14;01;1;21000;- Non identificato -;10;2;
2015;C2032;12;2;25;14;3;99900;99900 - Fattori investigati ma non identificati;15;2;
2015;C2032;13;1;14;01;1;21000;- Non identificato -;10;2;
2015;C2032;13;2;25;14;3;99900;99900 - Fattori investigati ma non identificati;20;2;
2015;C2032;14;1;14;01;1;21000;- Non identificato -;5;2;
2015;C2032;15;1;14;01;1;21000;- Non identificato -;5;2;
2015;C2032;16;1;14;01;1;21000;- Non identificato -;10;2;
2015;C2032;26;1;14;01;1;21000;- Non identificato -;10;2;
2015;C2032;26;2;25;14;3;99900;99900 - Fattori investigati ma non identificati;20;2;
2015;C2013;47;1;14;01;1;21000;- Non identificato -;5;2;
2015;C0754;1;1;14;01;1;21000;Agelastica alni;5;2;
2015;C2013;45;1;14;01;1;99900;99900 - Fattori investigati ma non identificati;10;2;
2015;C2013;45;2;23;14;3;99900;99900 - Fattori investigati ma non identificati;20;2;
2015;C2013;46;1;23;14;3;99900;99900 - Fattori investigati ma non identificati;30;2;
2015;C2013;44;2;23;14;3;99900;99900 - Fattori investigati ma non identificati;20;2;
2015;C2013;44;1;14;01;1;21000;- Non identificato -;10;2;
2015;C2013;43;2;23;14;3;99900;99900 - Fattori investigati ma non identificati;15;2;
2015;C2013;42;1;14;01;1;21000;- Non identificato -;5;2;
2015;C2013;43;1;14;01;1;21000;- Non identificato -;10;2;
2015;C2013;41;1;14;01;1;21000;- Non identificato -;10;2;
2015;C2013;41;2;22;14;1;99900;99900 - Fattori investigati ma non identificati;10;2;
2015;C2013;40;2;23;14;3;99900;99900 - Fattori investigati ma non identificati;10;2;
2015;C2013;35;1;14;01;1;21000;- Non identificato -;10;2;
2015;C2013;37;1;14;01;1;21000;- Non identificato -;10;2;
2015;C2013;37;2;22;14;3;99900;99900 - Fattori investigati ma non identificati;5;2;
2015;C2013;40;1;14;01;1;21000;- Non identificato -;10;2;
2015;C2013;34;1;14;01;1;21000;- Non identificato -;10;2;
2015;C2013;34;2;23;14;3;99900;99900 - Fattori investigati ma non identificati;10;2;
2015;C2013;30;2;22;14;1;99900;99900 - Fattori investigati ma non identificati;10;2;
2015;C2013;29;1;14;01;1;21000;- Non identificato -;5;2;
2015;C2013;30;1;14;01;1;21000;- Non identificato -;5;2;
2015;C2013;28;2;22;14;1;99900;99900 - Fattori investigati ma non identificati;10;2;
2015;C2013;28;1;14;01;1;21000;- Non identificato -;10;2;
2015;C2013;27;1;14;01;1;21000;- Non identificato -;10;2;
2015;C2013;27;2;23;14;1;99900;99900 - Fattori investigati ma non identificati;15;2;
2015;C2013;26;2;22;14;1;99900;99900 - Fattori investigati ma non identificati;10;2;
2015;C2013;26;1;14;01;1;21000;- Non identificato -;10;2;
2015;C2013;21;2;22;14;1;99900;99900 - Fattori investigati ma non identificati;10;2;
2015;C2013;15;1;14;01;1;21000;- Non identificato -;10;2;
2015;C2013;21;1;14;01;1;21000;- Non identificato -;10;2;
2015;C2013;14;2;23;14;3;99900;99900 - Fattori investigati ma non identificati;20;2;
2015;C2013;14;1;14;01;1;21000;- Non identificato -;10;2;
2015;C2013;13;1;14;01;1;21000;- Non identificato -;5;2;
2015;C2013;12;1;14;01;1;21000;- Non identificato -;10;2;
2015;C2013;11;1;14;01;1;21000;- Non identificato -;10;2;
2015;C2013;11;2;23;14;3;99900;99900 - Fattori investigati ma non identificati;30;2;
2015;C2013;10;1;14;01;1;21000;- Non identificato -;5;2;
2015;C2013;9;1;14;01;1;21000;- Non identificato -;10;2;
2015;C2013;9;2;23;14;1;99900;99900 - Fattori investigati ma non identificati;10;2;
2015;C2013;8;1;14;01;1;21000;- Non identificato -;10;2;
2015;C2013;8;2;23;14;3;99900;99900 - Fattori investigati ma non identificati;20;2;
2015;C2013;7;2;22;14;1;99900;99900 - Fattori investigati ma non identificati;10;2;
2015;C2013;7;1;14;01;1;21000;- Non identificato -;10;2;
2015;C2013;5;1;14;01;1;21000;- Non identificato -;10;2;
2015;C2013;5;2;23;14;3;99900;99900 - Fattori investigati ma non identificati;15;2;
2015;C2013;4;2;23;14;1;99900;99900 - Fattori investigati ma non identificati;15;2;
2015;C0219;45;1;14;08;1;99900;99900 - Fattori investigati ma non identificati;5;2;
2015;C0219;11;1;32;17;2;55000;55000 - Danni meccanici e/o da veicoli;;1;danni da cava
2015;C0219;11;2;32;21;2;55000;55000 - Danni meccanici e/o da veicoli;;;attività di cava
2015;C0219;46;1;14;08;1;99900;99900 - Fattori investigati ma non identificati;5;2;
2015;C0219;31;1;00;;;;;;;
2015;C2013;4;1;14;01;1;21000;- Non identificato -;15;2;
2015;C2013;2;1;14;01;1;21000;- Non identificato -;10;2;
2015;C2013;2;2;23;14;3;99900;99900 - Fattori investigati ma non identificati;10;2;
2015;C2013;3;1;14;01;1;21000;- Non identificato -;5;2;
2015;C2013;1;1;14;01;1;21000;- Non identificato -;5;2;
2015;C0754;1;2;23;14;2;99900;99900 - Fattori investigati ma non identificati;5;2;
2015;C0754;2;1;22;14;2;99900;99900 - Fattori investigati ma non identificati;10;2;
2015;C0754;2;2;14;01;1;21000;Agelastica alni;5;2;
2015;C0754;3;1;22;14;2;99900;99900 - Fattori investigati ma non identificati;5;2;
2015;C0754;3;2;14;01;1;21000;Agelastica alni;5;2;
2015;C0754;4;1;25;14;2;99900;99900 - Fattori investigati ma non identificati;20;2;
2015;C0754;4;2;14;01;1;21000;Agelastica alni;10;2;
2015;C0754;8;1;25;14;2;99900;99900 - Fattori investigati ma non identificati;40;2;
2015;C0754;8;2;14;01;1;21000;Agelastica alni;10;2;
2015;C0754;10;1;22;14;2;99900;99900 - Fattori investigati ma non identificati;5;2;
2015;C0754;10;2;14;01;1;21000;Agelastica alni;5;2;
2015;C0754;11;1;22;14;2;99900;99900 - Fattori investigati ma non identificati;20;2;
2015;C0754;11;2;14;01;1;21000;Agelastica alni;10;2;
2015;C0754;13;1;25;14;2;99900;99900 - Fattori investigati ma non identificati;20;2;
2015;C0754;13;2;14;01;1;21000;Agelastica alni;15;2;
2015;C0754;14;1;22;14;2;99900;99900 - Fattori investigati ma non identificati;10;2;
2015;C0754;14;2;14;01;1;21000;Agelastica alni;5;2;
2015;C0754;15;1;22;14;2;99900;99900 - Fattori investigati ma non identificati;5;2;
2015;C0754;15;2;14;01;1;21000;Agelastica alni;5;2;
2015;C0754;22;1;22;14;2;99900;99900 - Fattori investigati ma non identificati;5;2;
2015;C0754;22;2;14;01;1;21000;Agelastica alni;5;2;
2015;C0754;31;1;22;14;2;99900;99900 - Fattori investigati ma non identificati;5;2;
2015;C0754;31;2;14;01;1;21000;Agelastica alni;5;2;
2015;C0754;32;1;22;14;2;99900;99900 - Fattori investigati ma non identificati;5;2;
2015;C0754;32;2;14;01;1;21000;Agelastica alni;5;2;
2015;C0754;33;1;22;14;2;99900;99900 - Fattori investigati ma non identificati;10;2;
2015;C0754;33;2;14;01;1;21000;Agelastica alni;5;2;
2015;C0754;34;1;22;14;2;99900;99900 - Fattori investigati ma non identificati;5;2;
2015;C0754;34;2;14;01;1;21000;Agelastica alni;5;2;
2015;C2068;1;1;22;14;3;99900;99900 - Fattori investigati ma non identificati;10;2;
2015;C2068;1;2;14;01;1;21000;Agelastica alni;25;2;
2015;C2068;3;1;22;14;2;99900;99900 - Fattori investigati ma non identificati;5;2;
2015;C2068;3;2;14;01;1;21000;Agelastica alni;10;2;
2015;C2068;4;1;25;14;2;99900;99900 - Fattori investigati ma non identificati;15;2;
2015;C2068;4;2;14;01;1;21000;Agelastica alni;15;2;
2015;C2068;5;1;23;14;3;99900;99900 - Fattori investigati ma non identificati;10;2;
2015;C2068;5;2;14;01;1;21000;Agelastica alni;10;2;
2015;C2068;10;1;25;14;2;99900;99900 - Fattori investigati ma non identificati;15;2;
2015;C2068;10;2;14;01;1;21000;Agelastica alni;20;2;
2015;C2068;11;1;22;14;2;99900;99900 - Fattori investigati ma non identificati;5;2;
2015;C2068;11;2;14;01;1;21000;Agelastica alni;5;2;
2015;C2068;12;1;22;14;2;99900;99900 - Fattori investigati ma non identificati;5;2;
2015;C2068;12;2;14;01;1;21000;Agelastica alni;5;2;
2015;C2068;31;1;22;14;2;99900;99900 - Fattori investigati ma non identificati;5;2;
2015;C2068;31;2;14;01;1;21000;Agelastica alni;5;2;
2015;C2068;32;1;22;14;2;99900;99900 - Fattori investigati ma non identificati;5;2;
2015;C2068;32;2;14;01;1;21000;Agelastica alni;5;2;
2015;C2068;33;1;14;01;1;21000;Agelastica alni;5;2;
2015;C2068;34;1;22;14;2;99900;99900 - Fattori investigati ma non identificati;5;2;
2015;C2068;34;2;14;01;1;21000;Agelastica alni;10;2;
2015;C2068;35;1;22;14;2;99900;99900 - Fattori investigati ma non identificati;5;2;
2015;C2068;35;2;14;01;1;21000;Agelastica alni;5;2;
2015;C2068;36;1;22;14;2;99900;99900 - Fattori investigati ma non identificati;5;2;
2015;C2068;36;2;14;01;1;21000;Agelastica alni;10;2;
2015;C2068;37;1;22;14;2;99900;99900 - Fattori investigati ma non identificati;5;2;
2015;C2068;37;2;14;01;1;21000;Agelastica alni;5;2;
2015;C2068;38;1;22;14;2;99900;99900 - Fattori investigati ma non identificati;5;2;
2015;C2068;38;2;14;01;1;21000;Agelastica alni;5;2;
2015;C2068;39;1;22;14;2;99900;99900 - Fattori investigati ma non identificati;5;2;
2015;C2068;39;2;14;01;1;21000;Agelastica alni;10;2;
2015;C2068;40;1;22;14;2;99900;99900 - Fattori investigati ma non identificati;5;2;
2015;C2068;40;2;14;01;1;21000;Agelastica alni;5;2;
2015;C2068;41;1;25;14;2;99900;99900 - Fattori investigati ma non identificati;5;2;
2015;C2068;41;2;14;01;1;21000;Agelastica alni;5;2;
2015;C2068;42;1;22;14;2;99900;99900 - Fattori investigati ma non identificati;5;2;
2015;C2068;42;2;14;01;1;21000;Agelastica alni;5;2;
2015;C2068;43;1;22;14;2;99900;99900 - Fattori investigati ma non identificati;5;2;
2015;C2068;43;2;14;01;1;21000;Agelastica alni;5;2;
2015;C0662;76;3;14;02;1;99900;99900 - Fattori investigati ma non identificati;15;2;
2015;C0662;80;1;22;14;1;99900;99900 - Fattori investigati ma non identificati;5;2;
2015;C0662;80;2;14;01;1;21000;- Non identificato -;5;2;
2015;C0662;83;1;22;14;1;99900;99900 - Fattori investigati ma non identificati;5;2;
2015;C0662;83;2;14;01;1;21000;- Non identificato -;5;2;
2015;C0662;84;1;22;14;1;99900;99900 - Fattori investigati ma non identificati;10;2;
2015;C0662;85;1;22;14;1;99900;99900 - Fattori investigati ma non identificati;15;2;
2015;C0662;86;1;22;14;1;99900;99900 - Fattori investigati ma non identificati;20;2;
2015;C0662;87;1;22;14;1;99900;99900 - Fattori investigati ma non identificati;5;2;
2015;C0662;88;1;22;14;1;99900;99900 - Fattori investigati ma non identificati;15;2;
2015;C0602;2;1;21;01;1;99900;99900 - Fattori investigati ma non identificati;10;2;
2015;C0602;2;2;14;01;1;21000;- Non identificato -;15;2;
2015;C0602;2;3;14;03;1;99900;99900 - Fattori investigati ma non identificati;30;2;
2015;C0602;2;4;22;01;1;99900;99900 - Fattori investigati ma non identificati;5;2;
2015;C0602;40;1;14;01;1;99900;99900 - Fattori investigati ma non identificati;5;2;
2015;C0602;40;2;14;03;1;99900;99900 - Fattori investigati ma non identificati;5;2;
2015;C0602;43;1;14;03;1;99900;99900 - Fattori investigati ma non identificati;5;2;
2015;C0602;44;1;00;;;;;;;
2015;C0602;45;1;14;08;1;99900;99900 - Fattori investigati ma non identificati;10;2;
2015;C0602;45;2;14;01;1;21000;- Non identificato -;5;2;
2015;C0602;45;3;21;01;1;99900;99900 - Fattori investigati ma non identificati;5;2;
2015;C0602;51;1;14;01;1;99900;99900 - Fattori investigati ma non identificati;10;2;
2015;C0602;51;2;14;03;1;99900;99900 - Fattori investigati ma non identificati;10;2;
2015;C0602;53;1;14;02;1;99900;99900 - Fattori investigati ma non identificati;5;2;
2015;C0602;54;1;14;08;1;99900;99900 - Fattori investigati ma non identificati;10;2;
2015;C0602;54;2;14;01;1;99900;99900 - Fattori investigati ma non identificati;5;2;
2015;C0602;54;3;14;02;1;99900;99900 - Fattori investigati ma non identificati;5;2;
2015;C0602;55;1;14;01;1;99900;99900 - Fattori investigati ma non identificati;5;2;
2015;C0602;52;1;00;;;;;;;
2015;C0567;30;1;14;01;1;21000;- Non identificato -;10;2;
2015;C0567;9;1;14;01;1;21000;- Non identificato -;5;2;
2015;C0567;26;1;14;01;1;21000;- Non identificato -;5;2;
2015;C0567;35;1;32;17;1;54000;54000 - Operazioni selvicolturali;10;2;
2015;C0567;36;1;00;;;;;;;
2015;C0567;37;1;21;01;1;99900;99900 - Fattori investigati ma non identificati;5;2;
2015;C0567;37;2;22;01;1;99900;99900 - Fattori investigati ma non identificati;5;2;
2015;C0567;38;1;14;01;1;99900;99900 - Fattori investigati ma non identificati;10;2;
2015;C0567;39;1;32;17;1;54000;54000 - Operazioni selvicolturali;;1;
2015;C0567;39;2;14;01;1;99900;99900 - Fattori investigati ma non identificati;5;2;
2015;C0567;40;1;14;01;1;21000;- Non identificato -;10;2;
2015;C0567;41;1;00;;;;;;;
2015;C0567;42;1;32;17;1;54000;54000 - Operazioni selvicolturali;5;2;
2015;C0567;42;2;14;01;1;99900;99900 - Fattori investigati ma non identificati;5;2;
2015;C0567;44;1;22;14;1;99900;99900 - Fattori investigati ma non identificati;5;2;
2015;C0567;44;2;14;01;1;21000;- Non identificato -;5;2;
2015;C0567;46;1;00;;;;;;;
2015;C0567;18;1;21;01;1;99900;99900 - Fattori investigati ma non identificati;5;2;
2015;C0567;32;1;14;01;1;21000;- Non identificato -;5;2;
2015;C0567;2;1;14;01;1;21000;- Non identificato -;10;2;
2015;C0567;3;1;14;01;1;99900;99900 - Fattori investigati ma non identificati;5;2;
2015;C0567;3;2;14;08;1;99900;99900 - Fattori investigati ma non identificati;10;2;
2015;C0567;3;3;14;03;1;99900;99900 - Fattori investigati ma non identificati;5;2;
2015;C0567;4;1;14;01;1;99900;99900 - Fattori investigati ma non identificati;5;2;
2015;C0567;5;1;00;;;;;;;
2015;C0567;24;1;14;01;1;21000;- Non identificato -;15;2;
2015;C0567;24;2;14;03;1;99900;99900 - Fattori investigati ma non identificati;10;2;
2015;C0567;24;3;14;08;1;99900;99900 - Fattori investigati ma non identificati;5;2;
2015;C0567;24;4;32;08;1;99900;99900 - Fattori investigati ma non identificati;5;2;
2015;C0567;50;1;14;01;1;21000;- Non identificato -;15;2;
2015;C0567;50;2;21;14;1;99900;99900 - Fattori investigati ma non identificati;5;2;
2015;C0567;51;1;14;01;1;99900;99900 - Fattori investigati ma non identificati;5;2;
2015;C0567;51;2;22;14;1;99900;99900 - Fattori investigati ma non identificati;5;2;
2015;C0567;52;1;14;01;1;99900;99900 - Fattori investigati ma non identificati;30;2;
2015;C0567;52;2;14;02;1;99900;99900 - Fattori investigati ma non identificati;20;2;
2015;C0567;52;3;21;14;1;99900;99900 - Fattori investigati ma non identificati;15;2;
2015;C0567;1;1;22;01;1;99900;99900 - Fattori investigati ma non identificati;25;2;
2015;C0567;1;2;32;17;1;54000;54000 - Operazioni selvicolturali;5;2;
2015;C0567;52;4;32;12;1;81003;81003 - Hedera helix;;;
2015;C0567;53;1;14;01;1;21000;- Non identificato -;35;2;
2015;C0567;53;2;21;01;1;99900;99900 - Fattori investigati ma non identificati;10;2;
2015;C0567;53;3;32;09;1;81003;81003 - Hedera helix;5;2;
2015;C0567;55;1;14;01;1;21000;- Non identificato -;5;2;
2015;C0567;49;1;22;14;1;99900;99900 - Fattori investigati ma non identificati;5;2;
2015;C0567;54;1;14;01;1;21000;- Non identificato -;10;2;
2015;C0567;54;2;32;09;1;81003;81003 - Hedera helix;5;2;
2015;C0601;4;1;22;14;1;99900;99900 - Fattori investigati ma non identificati;35;2;
2015;C0601;4;2;14;02;1;99900;99900 - Fattori investigati ma non identificati;10;2;
2015;C0601;4;3;14;10;1;99900;99900 - Fattori investigati ma non identificati;;;
2015;C0601;5;1;22;14;2;99900;99900 - Fattori investigati ma non identificati;5;2;
2015;C0601;5;2;22;14;1;99900;99900 - Fattori investigati ma non identificati;15;2;
2015;C0601;5;3;14;10;1;99900;99900 - Fattori investigati ma non identificati;;;
2015;C0601;33;1;14;08;1;42200;42200 - Siccità/aridità;10;2;
2015;C0601;33;2;14;02;1;99900;99900 - Fattori investigati ma non identificati;5;2;
2015;C0601;34;1;22;14;1;99900;99900 - Fattori investigati ma non identificati;15;2;
2015;C0601;34;2;21;14;1;99900;99900 - Fattori investigati ma non identificati;10;2;
2015;C0601;34;3;14;02;1;99900;99900 - Fattori investigati ma non identificati;10;2;
2015;C0601;35;1;14;01;1;21000;- Non identificato -;10;2;
2015;C0601;38;1;21;14;1;99900;99900 - Fattori investigati ma non identificati;10;2;
2015;C0601;38;2;14;01;1;21000;- Non identificato -;10;2;
2015;C0601;39;1;14;08;1;42200;42200 - Siccità/aridità;10;2;
2015;C0601;39;2;14;01;1;21000;- Non identificato -;5;2;
2015;C0601;51;1;14;01;1;21000;- Non identificato -;5;2;
2015;C0601;51;2;14;02;1;99900;99900 - Fattori investigati ma non identificati;10;2;
2015;C0601;52;1;14;02;1;20000;20000 - Insetti;5;2;
2015;C0601;53;1;00;;;;;;;
2015;C0601;54;1;00;;;;;;;
2015;C0601;55;1;14;10;1;27000;- Non identificato -;;;
2015;C0601;56;1;22;14;1;22000;- Non identificato -;5;2;
2015;C0601;56;2;23;13;1;43000;43000 - Neve;10;2;
2015;C0601;57;1;21;14;2;99900;99900 - Fattori investigati ma non identificati;5;2;
2015;C0601;57;2;14;02;1;42200;42200 - Siccità/aridità;5;2;
2015;C0601;57;3;14;08;1;42200;42200 - Siccità/aridità;5;2;
2015;C0601;58;1;23;14;1;99900;99900 - Fattori investigati ma non identificati;10;2;
2015;C0601;58;2;22;14;1;99900;99900 - Fattori investigati ma non identificati;25;2;
2015;C0601;58;3;21;14;1;99900;99900 - Fattori investigati ma non identificati;10;2;
2015;C0601;58;4;14;02;1;99900;99900 - Fattori investigati ma non identificati;10;2;
2015;C0601;59;1;22;14;2;99900;99900 - Fattori investigati ma non identificati;5;2;
2015;C0601;59;2;21;14;1;99900;99900 - Fattori investigati ma non identificati;15;2;
2015;C0601;60;1;14;03;1;26000;- Non identificato -;15;2;
2015;C0601;60;2;14;01;1;21000;- Non identificato -;5;2;
2015;C0601;61;1;22;14;3;99900;99900 - Fattori investigati ma non identificati;10;2;
2015;C0601;61;2;14;01;1;21000;- Non identificato -;5;2;
2015;C0601;61;3;14;10;1;27000;- Non identificato -;;;
2015;C0601;62;1;00;;;;;;;
2015;C0663;1;1;22;14;3;99900;99900 - Fattori investigati ma non identificati;5;2;
2015;C0663;1;2;14;01;1;21000;- Non identificato -;5;2;
2015;C0663;1;3;14;03;1;99900;99900 - Fattori investigati ma non identificati;5;2;
2015;C0663;2;1;00;;;;;;;
2015;C0663;5;1;14;08;1;99900;99900 - Fattori investigati ma non identificati;10;2;
2015;C0663;5;2;22;14;3;99900;99900 - Fattori investigati ma non identificati;5;2;
2015;C0663;6;1;14;03;1;99900;99900 - Fattori investigati ma non identificati;5;2;
2015;C0663;7;1;22;14;3;99900;99900 - Fattori investigati ma non identificati;10;2;
2015;C0663;7;2;14;03;1;99900;99900 - Fattori investigati ma non identificati;5;2;
2015;C0663;9;1;21;14;1;99900;99900 - Fattori investigati ma non identificati;5;2;
2015;C0663;9;2;14;08;1;99900;99900 - Fattori investigati ma non identificati;30;2;
2015;C0663;16;1;14;03;1;99900;99900 - Fattori investigati ma non identificati;5;2;
2015;C0663;16;2;25;14;3;99900;99900 - Fattori investigati ma non identificati;5;2;
2015;C0663;20;1;14;02;1;99900;99900 - Fattori investigati ma non identificati;5;2;
2015;C0663;20;2;14;03;1;99900;99900 - Fattori investigati ma non identificati;5;2;
2015;C0663;20;3;25;14;3;99900;99900 - Fattori investigati ma non identificati;5;2;
2015;C0663;21;1;00;;;;;;;
2015;C0663;24;1;25;14;3;99900;99900 - Fattori investigati ma non identificati;5;2;
2015;C0663;24;2;14;08;1;99900;99900 - Fattori investigati ma non identificati;20;2;
2015;C0663;25;1;14;08;1;99900;99900 - Fattori investigati ma non identificati;10;2;
2015;C0663;27;1;14;01;1;99900;99900 - Fattori investigati ma non identificati;5;2;
2015;C0663;28;1;14;08;1;99900;99900 - Fattori investigati ma non identificati;5;2;
2015;C0663;28;2;21;14;1;99900;99900 - Fattori investigati ma non identificati;5;2;
2015;C0663;31;1;14;03;1;99900;99900 - Fattori investigati ma non identificati;10;2;
2015;C0663;31;2;25;14;3;99900;99900 - Fattori investigati ma non identificati;5;2;
2015;C0663;31;3;14;08;1;99900;99900 - Fattori investigati ma non identificati;10;2;
2015;C0663;32;1;14;08;1;99900;99900 - Fattori investigati ma non identificati;30;2;
2015;C0663;33;1;21;14;1;99900;99900 - Fattori investigati ma non identificati;5;2;
2015;C0663;33;2;14;08;1;99900;99900 - Fattori investigati ma non identificati;15;2;
2015;C0663;35;1;14;01;1;21000;- Non identificato -;10;2;
2015;C0663;37;1;00;;;;;;;
2015;C0663;40;1;14;01;1;21000;- Non identificato -;15;2;
2015;C0663;40;2;14;02;1;99900;99900 - Fattori investigati ma non identificati;10;2;
2015;C0663;40;3;21;14;1;99900;99900 - Fattori investigati ma non identificati;10;2;
2015;C0663;43;1;14;03;1;99900;99900 - Fattori investigati ma non identificati;10;2;
2015;C0663;45;1;14;01;1;21000;- Non identificato -;5;2;
2015;C0663;46;1;00;;;;;;;
2015;C0663;47;1;14;02;1;99900;99900 - Fattori investigati ma non identificati;5;2;
2015;C0663;47;2;14;03;1;99900;99900 - Fattori investigati ma non identificati;5;2;
2015;C0663;48;1;14;01;1;21000;- Non identificato -;5;2;
2015;C0663;54;1;21;14;1;99900;99900 - Fattori investigati ma non identificati;20;2;
2015;C0663;54;2;14;01;1;21000;- Non identificato -;5;2;
2015;C0663;57;1;14;03;1;99900;99900 - Fattori investigati ma non identificati;5;2;
2015;C0663;57;2;25;14;3;99900;99900 - Fattori investigati ma non identificati;5;2;
2015;C0663;58;1;14;01;1;21000;- Non identificato -;5;2;
2015;C0663;58;2;14;08;1;99900;99900 - Fattori investigati ma non identificati;10;2;
2015;C0663;58;3;22;14;2;99900;99900 - Fattori investigati ma non identificati;5;2;
2015;C0663;59;1;14;03;1;99900;99900 - Fattori investigati ma non identificati;5;2;
2015;C0663;62;1;14;03;1;99900;99900 - Fattori investigati ma non identificati;5;2;
2015;C0663;63;1;25;14;3;99900;99900 - Fattori investigati ma non identificati;5;2;
2015;C0663;63;2;14;03;1;99900;99900 - Fattori investigati ma non identificati;5;2;
2015;C0663;65;1;25;14;3;99900;99900 - Fattori investigati ma non identificati;15;2;
2015;C0663;65;2;14;03;1;99900;99900 - Fattori investigati ma non identificati;10;2;
2015;C0663;65;3;14;01;1;21000;- Non identificato -;10;2;
2015;C0663;66;1;14;01;1;21000;- Non identificato -;15;2;
2015;C0663;71;1;14;01;1;21000;- Non identificato -;5;2;
2015;C0663;71;2;14;03;1;99900;99900 - Fattori investigati ma non identificati;10;2;
2015;C0663;71;3;22;14;3;99900;99900 - Fattori investigati ma non identificati;5;2;
2015;C2038;1;1;22;14;1;99900;99900 - Fattori investigati ma non identificati;5;2;
2015;C2038;2;1;00;;;;;;;
2015;C2038;4;1;00;;;;;;;
2015;C2038;5;1;00;;;;;;;
2015;C2038;6;1;00;;;;;;;
2015;C2038;10;1;14;08;1;99900;99900 - Fattori investigati ma non identificati;10;2;
2015;C2038;17;1;14;08;1;99900;99900 - Fattori investigati ma non identificati;10;2;
2015;C2038;30;1;14;08;1;99900;99900 - Fattori investigati ma non identificati;10;2;
2015;C2038;30;2;22;14;1;99900;99900 - Fattori investigati ma non identificati;5;2;
2015;C2038;31;1;00;;;;;;;
2015;C2038;32;1;14;08;1;99900;99900 - Fattori investigati ma non identificati;100;2;
2015;C2038;32;2;22;14;1;99900;99900 - Fattori investigati ma non identificati;5;2;
2015;C2038;33;1;00;;;;;;;
2015;C2038;34;1;14;08;1;99900;99900 - Fattori investigati ma non identificati;20;2;
2015;C2038;35;1;14;08;1;99900;99900 - Fattori investigati ma non identificati;20;2;
2015;C2038;36;1;14;08;1;99900;99900 - Fattori investigati ma non identificati;15;2;
2015;C2038;37;1;14;08;1;99900;99900 - Fattori investigati ma non identificati;10;2;
2015;C2038;38;1;22;15;2;99900;99900 - Fattori investigati ma non identificati;5;2;
2015;C2038;38;2;14;08;1;99900;99900 - Fattori investigati ma non identificati;80;2;
2015;C2038;39;1;14;08;1;99900;99900 - Fattori investigati ma non identificati;80;2;
2015;C2038;40;1;00;;;;;;;
2015;C2038;41;1;00;;;;;;;
2015;C2038;42;1;14;08;1;99900;99900 - Fattori investigati ma non identificati;5;2;
2015;C2038;43;1;14;08;1;99900;99900 - Fattori investigati ma non identificati;25;2;
2015;C2038;45;1;14;08;1;99900;99900 - Fattori investigati ma non identificati;30;2;
2015;C2038;46;1;00;;;;;;;
2015;C2038;47;1;14;08;1;99900;99900 - Fattori investigati ma non identificati;10;2;
2015;C2038;48;1;14;08;1;99900;99900 - Fattori investigati ma non identificati;0;2;
2015;C2038;49;1;14;08;1;99900;99900 - Fattori investigati ma non identificati;20;2;
2015;C2038;50;1;00;;;;;;;
2015;C2038;51;1;00;;;;;;;
2015;C2038;53;1;00;;;;;;;
2015;C0482;10;1;00;;;;;;;
2015;C0482;25;1;00;;;;;;;
2015;C0482;26;1;14;08;3;27000;- Non identificato -;25;2;cinipide del castagno
2015;C0482;26;2;22;14;3;99900;99900 - Fattori investigati ma non identificati;40;2;
2015;C0482;28;1;00;;;;;;;
2015;C0482;29;1;14;08;3;27000;- Non identificato -;10;2;cinipide del castagno
2015;C0482;30;1;00;;;;;;;
2015;C0482;31;1;31;13;1;40000;40000 - Agenti abiotici;100;2;troncatura della parte apicale
2015;C0482;42;1;14;08;3;27000;- Non identificato -;10;2;cinipide del castagno
2015;C0482;43;1;00;;;;;;;
2015;C0482;50;1;14;08;3;27000;- Non identificato -;5;2;cinipide del castagno
2015;C0482;51;1;00;;;;;;;
2015;C0482;52;1;14;08;3;27000;- Non identificato -;5;2;cinipide del castagno
2015;C0482;53;1;14;08;3;27000;- Non identificato -;5;2;circa cinipide del castagno
2015;C0482;54;1;14;08;3;27000;- Non identificato -;5;2;cinipide del castagno
2015;C0482;55;1;14;08;3;27000;- Non identificato -;5;2;cinipide del castagno
2015;C0482;56;1;00;;;;;;;
2015;C0482;57;1;14;08;3;27000;- Non identificato -;5;2;cinipide del castagno
2015;C0482;58;1;14;08;3;27000;- Non identificato -;5;2;cinipide del castagno
2015;C0482;59;1;14;08;3;27000;- Non identificato -;5;2;cinipide del castagno
2015;C0482;60;1;00;;;;;;;
2015;C0482;61;1;00;;;;;;;
2015;C0482;62;1;00;;;;;;;
2015;C0482;63;1;00;;;;;;;
2015;C0482;64;1;00;;;;;;;
2015;C0482;65;1;00;;;;;;;
2015;C0482;66;1;00;;;;;;;
2015;C0482;67;1;14;08;3;27000;- Non identificato -;10;2;cinipide del castagno
2015;C0482;68;1;14;08;3;27000;- Non identificato -;5;2;cinipide del castagno
2015;C0482;69;1;14;08;3;27000;- Non identificato -;15;2;cinipide del castagno
2015;C2016;3;1;32;12;2;81003;81003 - Hedera helix;;;
2015;C2016;3;2;22;14;2;99900;99900 - Fattori investigati ma non identificati;10;2;
2015;C2016;3;3;14;08;3;27000;- Non identificato -;10;2;cinipide del castagno
2015;C2016;20;1;34;12;2;81003;81003 - Hedera helix;;;
2015;C2016;12;1;04;;1;43100;43100 - Vento/uragano;;;
2015;C2016;23;1;04;;1;43100;43100 - Vento/uragano;;;
2015;C2016;39;1;04;;1;43100;43100 - Vento/uragano;;;
2015;C2016;25;1;22;14;2;99900;99900 - Fattori investigati ma non identificati;5;2;
2015;C2016;25;2;14;08;3;99900;99900 - Fattori investigati ma non identificati;10;2;cinipide del castagno
2015;C2016;34;1;00;;;;;;;
2015;C2016;14;1;14;08;3;27000;- Non identificato -;10;2;cinipide del castagno
2015;C2016;14;2;22;14;2;99900;99900 - Fattori investigati ma non identificati;5;2;
2015;C2016;17;1;25;14;2;99900;99900 - Fattori investigati ma non identificati;60;2;
2015;C2016;17;2;14;08;3;27000;- Non identificato -;25;2;cinipide del castagno
2015;C2020;1;1;14;03;1;99900;99900 - Fattori investigati ma non identificati;5;2;
2015;C0613;2;1;14;01;1;21000;- Non identificato -;10;2;
2015;C2021;34;1;32;12;3;81006;81006 - Altre piante parassite/epifite/ramp.;;;
2015;C2021;31;1;34;12;3;81006;81006 - Altre piante parassite/epifite/ramp.;;;
2015;C2021;1;2;32;17;3;14300;14300 - Picidae;5;2;
2015;C2021;35;1;04;;1;99900;99900 - Fattori investigati ma non identificati;;;
2015;C2021;32;1;00;;;;;;;
2015;C2021;33;1;00;;;;;;;
2015;C2021;27;1;32;17;3;14300;14300 - Picidae;5;2;
2015;C2021;26;1;32;17;3;14300;14300 - Picidae;5;2;
2015;C2021;25;2;32;12;3;81006;81006 - Altre piante parassite/epifite/ramp.;;;
2015;C2021;25;1;32;17;3;14300;14300 - Picidae;5;2;
2015;C2021;24;1;32;17;3;14300;14300 - Picidae;5;2;
2015;C2021;24;2;32;12;3;81006;81006 - Altre piante parassite/epifite/ramp.;;;
2015;C2021;23;2;32;12;3;81006;81006 - Altre piante parassite/epifite/ramp.;;;
2015;C2021;23;1;32;17;3;14300;14300 - Picidae;20;2;
2015;C2021;22;1;32;17;3;14300;14300 - Picidae;5;2;
2015;C2021;21;1;32;17;3;14300;14300 - Picidae;5;2;
2015;C2021;20;1;32;17;3;14300;14300 - Picidae;5;2;
2015;C2021;15;1;32;17;3;14300;14300 - Picidae;5;2;
2015;C2022;1;1;32;17;3;14300;14300 - Picidae;5;2;
2015;C2022;2;1;32;17;3;14300;14300 - Picidae;5;2;
2015;C2022;3;1;32;17;3;14300;14300 - Picidae;5;2;
2015;C2022;4;1;32;17;3;14300;14300 - Picidae;5;2;
2015;C2022;5;1;32;17;3;14300;14300 - Picidae;5;2;
2015;C2022;6;1;32;17;3;14300;14300 - Picidae;5;2;
2015;C2022;7;1;32;17;3;14300;14300 - Picidae;5;2;
2015;C2022;8;1;32;17;3;14300;14300 - Picidae;5;2;
2015;C2022;9;1;32;17;3;14300;14300 - Picidae;5;2;
2015;C2022;10;1;32;17;3;14300;14300 - Picidae;5;2;
2015;C2022;11;1;32;17;3;14300;14300 - Picidae;5;2;
2015;C2022;12;1;32;17;3;14300;14300 - Picidae;5;2;
2015;C2022;14;1;32;17;3;14300;14300 - Picidae;5;2;
2015;C2022;15;1;32;17;3;14300;14300 - Picidae;5;2;
2015;C2022;19;1;32;17;3;14300;14300 - Picidae;5;2;
2015;C2022;21;1;32;17;3;14300;14300 - Picidae;5;2;
2015;C2022;25;1;32;17;3;14300;14300 - Picidae;5;2;
2015;C2022;29;1;14;10;3;20000;20000 - Insetti;;;
2015;C2022;29;2;14;11;3;30000;30000 - Funghi;;;
2015;C2021;18;1;32;12;3;81006;81006 - Altre piante parassite/epifite/ramp.;;;
2015;C2021;14;1;00;;;;;;;
2015;C2021;13;1;00;;;;;;;
2015;C2021;11;1;32;12;3;81006;81006 - Altre piante parassite/epifite/ramp.;;;
2015;C2021;12;1;00;;;;;;;
2015;C2021;5;1;00;;;;;;;
2015;C2021;4;1;00;;;;;;;
2015;C2021;3;1;00;;;;;;;
2015;C2021;2;1;32;17;3;14300;14300 - Picidae;5;2;
2015;C2021;1;1;32;17;3;14300;14300 - Picidae;5;2;
2015;C0613;2;2;14;03;1;99900;99900 - Fattori investigati ma non identificati;10;2;
2015;C0613;2;3;22;14;1;99900;99900 - Fattori investigati ma non identificati;10;2;
2015;C0613;7;1;33;19;1;99900;99900 - Fattori investigati ma non identificati;;1;
2015;C0613;7;2;23;14;1;99900;99900 - Fattori investigati ma non identificati;5;2;
2015;C0613;7;3;14;01;1;21000;- Non identificato -;5;2;
2015;C0613;8;1;33;08;2;99900;99900 - Fattori investigati ma non identificati;;1;
2015;C0613;8;2;26;01;3;99900;99900 - Fattori investigati ma non identificati;10;2;
2015;C0613;8;3;14;01;1;21000;- Non identificato -;10;2;
2015;C0613;8;4;14;03;1;99900;99900 - Fattori investigati ma non identificati;5;2;
2015;C0613;12;1;14;01;1;21000;- Non identificato -;10;2;
2015;C0613;12;2;14;03;1;99900;99900 - Fattori investigati ma non identificati;10;2;
2015;C0613;12;3;22;14;1;99900;99900 - Fattori investigati ma non identificati;10;2;
2015;C0613;12;4;23;14;3;99900;99900 - Fattori investigati ma non identificati;15;2;
2015;C0613;34;1;14;01;1;21000;- Non identificato -;10;2;
2015;C0613;34;2;14;03;1;99900;99900 - Fattori investigati ma non identificati;10;2;
2015;C0613;34;3;14;06;1;99900;99900 - Fattori investigati ma non identificati;80;2;
2015;C0613;34;4;23;14;1;99900;99900 - Fattori investigati ma non identificati;15;2;
2015;C0613;35;1;14;01;1;21000;- Non identificato -;5;2;
2015;C0613;35;2;14;03;1;99900;99900 - Fattori investigati ma non identificati;5;2;
2015;C2020;5;3;22;14;2;99900;99900 - Fattori investigati ma non identificati;5;2;
2015;C2020;5;2;14;01;1;99900;99900 - Fattori investigati ma non identificati;5;2;
2015;C0617;35;2;14;03;1;99900;99900 - Fattori investigati ma non identificati;5;2;
2015;C0617;35;1;14;01;1;21000;- Non identificato -;5;2;
2015;C0617;34;3;14;01;1;21000;- Non identificato -;5;2;
2015;C0617;34;2;21;14;1;99900;99900 - Fattori investigati ma non identificati;5;2;
2015;C0617;34;1;26;14;2;99900;99900 - Fattori investigati ma non identificati;15;2;
2015;C0617;33;3;21;14;1;99900;99900 - Fattori investigati ma non identificati;5;2;
2015;C0617;33;2;14;03;1;99900;99900 - Fattori investigati ma non identificati;10;2;
2015;C0617;32;3;26;14;2;99900;99900 - Fattori investigati ma non identificati;10;2;
2015;C0617;33;1;14;01;1;21000;- Non identificato -;5;2;
2015;C0617;32;4;21;14;1;99900;99900 - Fattori investigati ma non identificati;10;2;
2015;C0617;32;1;14;01;1;21000;- Non identificato -;5;2;
2015;C0617;32;2;14;03;1;99900;99900 - Fattori investigati ma non identificati;10;2;
2015;C0617;31;3;21;14;1;99900;99900 - Fattori investigati ma non identificati;5;2;
2015;C0617;31;2;14;03;1;99900;99900 - Fattori investigati ma non identificati;5;2;
2015;C0617;31;1;14;01;1;21000;- Non identificato -;5;2;
2015;C0617;30;3;21;14;1;99900;99900 - Fattori investigati ma non identificati;5;2;
2015;C0617;30;2;14;03;1;99900;99900 - Fattori investigati ma non identificati;5;2;
2015;C0617;30;1;14;01;1;21000;- Non identificato -;5;2;
2015;C0617;29;3;21;14;1;99900;99900 - Fattori investigati ma non identificati;5;2;
2015;C0617;29;2;14;03;1;99900;99900 - Fattori investigati ma non identificati;5;2;
2015;C0617;19;2;14;03;1;99900;99900 - Fattori investigati ma non identificati;5;2;
2015;C0617;19;3;21;14;1;99900;99900 - Fattori investigati ma non identificati;10;2;
2015;C0617;21;1;14;01;1;21000;- Non identificato -;5;2;
2015;C0617;28;1;14;01;1;21000;- Non identificato -;5;2;
2015;C0617;29;1;14;01;1;21000;- Non identificato -;5;2;
2015;C0617;19;1;14;01;1;21000;- Non identificato -;5;2;
2015;C0617;17;2;14;03;1;99900;99900 - Fattori investigati ma non identificati;5;2;
2015;C0617;17;3;21;14;1;99900;99900 - Fattori investigati ma non identificati;10;2;
2015;C0617;17;4;22;14;1;99900;99900 - Fattori investigati ma non identificati;10;2;
2015;C0617;15;1;14;01;1;21000;- Non identificato -;5;2;
2015;C0617;15;2;14;03;1;99900;99900 - Fattori investigati ma non identificati;5;2;
2015;C0617;15;3;21;14;1;99900;99900 - Fattori investigati ma non identificati;15;2;
2015;C0617;16;1;14;01;1;21000;- Non identificato -;5;2;
2015;C0617;16;2;14;03;1;99900;99900 - Fattori investigati ma non identificati;10;2;
2015;C0617;16;3;21;14;1;99900;99900 - Fattori investigati ma non identificati;15;2;
2015;C0617;17;1;14;01;1;21000;- Non identificato -;5;2;
2015;C0617;14;4;24;08;2;81001;81001 - Viscum album;;1;
2015;C0617;14;3;21;14;1;99900;99900 - Fattori investigati ma non identificati;10;2;
2015;C0617;14;2;14;03;1;99900;99900 - Fattori investigati ma non identificati;5;2;
2015;C0617;14;1;14;01;1;21000;- Non identificato -;5;2;
2015;C0617;9;3;22;14;1;99900;99900 - Fattori investigati ma non identificati;5;2;
2015;C0617;9;2;14;03;1;99900;99900 - Fattori investigati ma non identificati;5;2;
2015;C0617;9;1;14;01;1;21000;- Non identificato -;5;2;
2015;C0617;8;3;14;03;1;99900;99900 - Fattori investigati ma non identificati;10;2;
2015;C0617;8;2;14;01;1;21000;- Non identificato -;5;2;
2015;C0631;1;1;26;14;3;99900;99900 - Fattori investigati ma non identificati;15;2;
2015;C0631;1;2;21;14;1;99900;99900 - Fattori investigati ma non identificati;5;2;
2015;C0631;1;3;14;03;1;99900;99900 - Fattori investigati ma non identificati;5;2;
2015;C0631;2;1;14;01;1;21000;- Non identificato -;5;2;
2015;C0631;6;1;14;01;1;21000;- Non identificato -;10;2;
2015;C0631;6;2;14;03;1;99900;99900 - Fattori investigati ma non identificati;5;2;
2015;C0631;8;1;14;01;1;21000;- Non identificato -;10;2;
2015;C0631;8;2;14;03;1;99900;99900 - Fattori investigati ma non identificati;5;2;
2015;C0631;9;1;14;01;1;21000;- Non identificato -;5;2;
2015;C0631;9;2;14;03;1;99900;99900 - Fattori investigati ma non identificati;5;2;
2015;C0631;9;3;26;14;1;99900;99900 - Fattori investigati ma non identificati;10;2;
2015;C0631;10;1;14;01;1;21000;- Non identificato -;5;2;
2015;C0631;12;1;14;01;1;21000;- Non identificato -;10;2;
2015;C0631;12;2;21;14;1;99900;99900 - Fattori investigati ma non identificati;15;2;
2015;C0631;13;1;14;01;1;21000;- Non identificato -;10;2;
2015;C0631;13;2;21;14;1;99900;99900 - Fattori investigati ma non identificati;15;2;
2015;C0631;16;1;14;01;1;21000;- Non identificato -;5;2;
2015;C0631;16;2;14;03;1;99900;99900 - Fattori investigati ma non identificati;5;2;
2015;C0631;16;3;22;14;1;99900;99900 - Fattori investigati ma non identificati;40;2;
2015;C0631;17;1;14;01;1;21000;- Non identificato -;5;2;
2015;C0631;17;2;14;03;1;99900;99900 - Fattori investigati ma non identificati;10;2;
2015;C0631;23;1;14;01;1;21000;- Non identificato -;5;2;
2015;C0631;23;2;14;03;1;99900;99900 - Fattori investigati ma non identificati;5;2;
2015;C0631;23;3;21;14;1;99900;99900 - Fattori investigati ma non identificati;5;2;
2015;C0631;24;1;14;01;1;21000;- Non identificato -;5;2;
2015;C0631;24;2;14;03;1;99900;99900 - Fattori investigati ma non identificati;10;2;
2015;C0631;24;3;22;14;1;99900;99900 - Fattori investigati ma non identificati;5;2;
2015;C0631;25;1;14;01;1;21000;- Non identificato -;5;2;
2015;C0631;25;2;14;03;1;99900;99900 - Fattori investigati ma non identificati;10;2;
2015;C0631;25;3;22;14;1;99900;99900 - Fattori investigati ma non identificati;5;2;
2015;C0631;26;1;14;03;1;99900;99900 - Fattori investigati ma non identificati;5;2;
2015;C0631;27;1;14;03;1;99900;99900 - Fattori investigati ma non identificati;5;2;
2015;C0631;28;1;14;01;1;21000;- Non identificato -;5;2;
2015;C0631;28;2;14;03;1;99900;99900 - Fattori investigati ma non identificati;5;2;
2015;C0631;28;3;22;14;1;99900;99900 - Fattori investigati ma non identificati;5;2;
2015;C0631;29;1;14;01;1;21000;- Non identificato -;5;2;
2015;C0631;29;2;14;03;1;99900;99900 - Fattori investigati ma non identificati;5;2;
2015;C0631;30;1;14;01;1;21000;- Non identificato -;10;2;
2015;C0631;30;2;14;03;1;99900;99900 - Fattori investigati ma non identificati;5;2;
2015;C0631;31;1;14;01;1;21000;- Non identificato -;5;2;
2015;C0631;31;2;14;03;1;99900;99900 - Fattori investigati ma non identificati;5;2;
2015;C0631;32;1;14;01;1;21000;- Non identificato -;5;2;
2015;C0631;33;1;14;01;1;21000;- Non identificato -;10;2;
2015;C0631;33;2;21;14;1;99900;99900 - Fattori investigati ma non identificati;10;2;
2015;C0631;34;1;00;;;;;;;
2015;C0631;35;1;14;03;1;99900;99900 - Fattori investigati ma non identificati;5;2;
2015;C0631;35;2;26;01;1;99900;99900 - Fattori investigati ma non identificati;15;2;
2015;C0631;36;1;14;01;1;21000;- Non identificato -;5;2;
2015;C0631;36;2;14;03;1;99900;99900 - Fattori investigati ma non identificati;5;2;
2015;C0631;36;3;22;14;1;99900;99900 - Fattori investigati ma non identificati;5;2;
2015;C0631;37;1;14;01;1;21000;- Non identificato -;5;2;
2015;C0631;38;1;14;01;1;21000;- Non identificato -;5;2;
2015;C0631;38;2;22;14;1;99900;99900 - Fattori investigati ma non identificati;5;2;
2015;C0631;39;1;14;01;1;21000;- Non identificato -;10;2;
2015;C0631;39;2;14;03;1;99900;99900 - Fattori investigati ma non identificati;5;2;
2015;C0631;39;3;22;14;1;99900;99900 - Fattori investigati ma non identificati;5;2;
2015;C0631;40;1;14;01;1;21000;- Non identificato -;5;2;
2015;C0631;40;2;14;03;1;99900;99900 - Fattori investigati ma non identificati;10;2;
2015;C0631;41;1;26;14;3;99900;99900 - Fattori investigati ma non identificati;60;2;
2015;C0617;5;2;14;03;1;99900;99900 - Fattori investigati ma non identificati;10;2;
2015;C0617;8;1;21;14;1;99900;99900 - Fattori investigati ma non identificati;15;2;
2015;C0617;5;1;14;01;1;21000;- Non identificato -;5;2;
2015;C0617;4;1;14;01;1;21000;- Non identificato -;5;2;
2015;C0617;3;3;21;14;1;99900;99900 - Fattori investigati ma non identificati;5;2;
2015;C0617;3;2;14;03;1;99900;99900 - Fattori investigati ma non identificati;5;2;
2015;C0617;3;1;14;01;1;21000;- Non identificato -;5;2;
2015;C0617;2;4;32;08;1;81001;81001 - Viscum album;;1;
2015;C0617;2;3;21;14;1;99900;99900 - Fattori investigati ma non identificati;5;2;
2015;C0155;5;2;23;14;2;99900;99900 - Fattori investigati ma non identificati;15;2;
2015;C0155;5;1;13;01;3;99900;99900 - Fattori investigati ma non identificati;20;2;
2015;C0419;37;1;22;14;1;99900;99900 - Fattori investigati ma non identificati;5;2;
2015;C0419;37;2;14;01;1;99900;99900 - Fattori investigati ma non identificati;10;2;
2015;C0419;41;1;25;14;3;85003;85003 - Competizione in generale (densità);10;2;
2015;C0419;41;2;11;03;1;99900;99900 - Fattori investigati ma non identificati;5;2;
2015;C0419;46;1;11;03;1;99900;99900 - Fattori investigati ma non identificati;5;2;
2015;C0419;53;1;14;01;1;99900;99900 - Fattori investigati ma non identificati;5;2;
2015;C0419;53;2;14;08;1;42200;42200 - Siccità/aridità;5;2;inbarcamento
2015;C0419;54;1;14;08;1;42200;42200 - Siccità/aridità;5;2;imbarcamento
2015;C0419;55;1;14;08;1;42200;42200 - Siccità/aridità;5;2;imbarcamento
2015;C0419;56;1;14;08;1;42200;42200 - Siccità/aridità;5;2;imbarcamento
2015;C0419;57;1;22;14;1;99900;99900 - Fattori investigati ma non identificati;5;2;
2015;C0419;58;1;22;14;1;99900;99900 - Fattori investigati ma non identificati;5;2;
2015;C0419;59;1;14;08;1;99900;99900 - Fattori investigati ma non identificati;5;2;imbarcamento
2015;C0419;61;1;11;03;1;99900;99900 - Fattori investigati ma non identificati;5;2;
2015;C0419;61;2;12;03;2;99900;99900 - Fattori investigati ma non identificati;10;2;
2015;C0419;62;1;26;01;1;99900;99900 - Fattori investigati ma non identificati;20;2;
2015;C0419;62;2;13;03;3;99900;99900 - Fattori investigati ma non identificati;10;2;
2015;C0419;63;1;14;08;1;42200;42200 - Siccità/aridità;10;2;imbarcamento
2015;C0419;64;1;22;14;1;99900;99900 - Fattori investigati ma non identificati;5;2;
2015;C0419;64;2;32;20;2;30900;Cryphonectria parasitica = Endothia parasitica;;1;
2015;C0419;64;3;21;08;1;27000;- Non identificato -;5;2;dryocosmus kuriphilus
2015;C0419;66;1;25;14;3;99900;99900 - Fattori investigati ma non identificati;35;2;
2015;C0419;66;2;21;08;1;27000;- Non identificato -;10;2;dryocosmus kuryphilus
2015;C0419;66;3;32;20;2;30900;Cryphonectria parasitica = Endothia parasitica;;1;
2015;C0419;67;1;14;08;1;42200;42200 - Siccità/aridità;5;2;
2015;C0419;68;1;14;08;1;42200;42200 - Siccità/aridità;5;2;
2015;C0419;69;1;14;03;1;99900;99900 - Fattori investigati ma non identificati;5;2;
2015;C0419;69;2;14;08;1;42200;42200 - Siccità/aridità;5;2;
2015;C0419;70;1;14;03;1;99900;99900 - Fattori investigati ma non identificati;5;2;
2015;C0419;70;2;14;08;1;42200;42200 - Siccità/aridità;5;2;imbarcamento
2015;C0419;71;1;14;08;1;42200;42200 - Siccità/aridità;10;2;imbarcamento
2015;C0419;71;2;14;01;1;99900;99900 - Fattori investigati ma non identificati;5;2;
2015;C0419;72;1;14;01;1;99900;99900 - Fattori investigati ma non identificati;10;2;
2015;C0419;72;2;14;08;1;42200;42200 - Siccità/aridità;5;2;imbarcamento
2015;C0419;73;1;14;01;1;99900;99900 - Fattori investigati ma non identificati;5;2;
2015;C0419;73;2;14;08;1;42200;42200 - Siccità/aridità;5;2;imbarcamento
2015;C0419;74;1;14;08;1;42200;42200 - Siccità/aridità;5;2;imbarcamento
2015;C0419;74;2;14;03;1;99900;99900 - Fattori investigati ma non identificati;5;2;
2015;C0419;75;1;14;08;1;42200;42200 - Siccità/aridità;5;2;imbarcamento
2015;C0419;75;2;14;03;1;99900;99900 - Fattori investigati ma non identificati;5;2;
2015;C0419;76;1;14;03;1;99900;99900 - Fattori investigati ma non identificati;10;2;
2015;C0419;77;1;14;01;1;99900;99900 - Fattori investigati ma non identificati;5;2;
2015;C0419;77;2;14;08;1;42200;42200 - Siccità/aridità;10;2;imbarcameento
2015;C0419;78;1;32;20;2;30900;Cryphonectria parasitica = Endothia parasitica;;1;
2015;C0419;78;2;21;08;1;27000;- Non identificato -;5;2;dryocosmus kuriphilus
2015;C0419;78;3;22;14;3;99900;99900 - Fattori investigati ma non identificati;5;2;
2015;C0419;79;1;22;14;3;99900;99900 - Fattori investigati ma non identificati;5;2;
2015;C0419;79;2;14;01;1;99900;99900 - Fattori investigati ma non identificati;10;2;
2015;C0419;79;3;14;08;1;42200;42200 - Siccità/aridità;5;2;imbarcamento
2015;C0421;3;1;14;03;1;21000;Rhynchaenus fagi;5;2;
2015;C0421;4;1;14;03;1;21000;Rhynchaenus fagi;5;2;
2015;C0421;4;2;25;14;1;99900;99900 - Fattori investigati ma non identificati;10;2;
2015;C0421;6;1;14;01;1;21000;Rhynchaenus fagi;5;2;
2015;C0421;6;2;25;14;1;99900;99900 - Fattori investigati ma non identificati;15;2;
2015;C0421;8;1;25;14;1;99900;99900 - Fattori investigati ma non identificati;10;2;
2015;C0421;8;2;14;03;1;21000;Rhynchaenus fagi;5;2;
2015;C0421;9;1;14;03;1;21000;Rhynchaenus fagi;5;2;
2015;C0421;11;1;14;03;1;21000;Rhynchaenus fagi;10;2;
2015;C0421;11;2;14;08;1;99900;99900 - Fattori investigati ma non identificati;5;2;
2015;C0421;12;1;14;03;1;21000;Rhynchaenus fagi;5;2;
2015;C0421;12;2;25;14;1;99900;99900 - Fattori investigati ma non identificati;25;2;
2015;C0421;14;1;22;14;1;99900;99900 - Fattori investigati ma non identificati;10;2;
2015;C0421;14;2;14;01;1;21000;Rhynchaenus fagi;5;2;
2015;C0421;20;1;25;14;1;99900;99900 - Fattori investigati ma non identificati;30;2;
2015;C0421;23;1;14;08;1;99900;99900 - Fattori investigati ma non identificati;30;2;
2015;C0421;28;1;22;14;1;99900;99900 - Fattori investigati ma non identificati;5;2;
2015;C0421;29;1;14;01;1;21000;Rhynchaenus fagi;5;2;
2015;C0421;30;1;00;;;;;;;
2015;C0421;31;1;00;;;;;;;
2015;C0421;32;1;00;;;;;;;
2015;C0422;61;1;14;08;1;42600;42600 - Calore/colpo di calore;5;2;
2015;C0422;62;1;14;08;1;42600;42600 - Calore/colpo di calore;5;2;
2015;C0422;62;2;14;01;1;21000;- Non identificato -;5;2;
2015;C0422;64;1;00;;;;;;;
2015;C0422;82;1;00;;;;;;;
2015;C0422;92;1;00;;;;;;;
2015;C0422;93;1;00;;;;;;;
2015;C0422;95;1;00;;;;;;;
2015;C0422;97;1;00;;;;;;;
2015;C0422;98;1;14;08;1;42600;42600 - Calore/colpo di calore;5;2;
2015;C0422;98;2;22;14;1;99900;99900 - Fattori investigati ma non identificati;5;2;
2015;C0422;98;3;14;03;1;99900;99900 - Fattori investigati ma non identificati;5;2;
2015;C0422;99;1;22;14;1;99900;99900 - Fattori investigati ma non identificati;5;2;
2015;C0422;100;1;14;03;1;99900;99900 - Fattori investigati ma non identificati;5;2;
2015;C0422;101;1;00;;;;;;;
2015;C0422;102;1;14;08;1;42600;42600 - Calore/colpo di calore;5;2;
2015;C0422;103;1;00;;;;;;;
2015;C0422;104;1;00;;;;;;;
2015;C0422;106;1;00;;;;;;;
2015;C0422;107;1;00;;;;;;;
2015;C0422;108;1;00;;;;;;;
2015;C0422;109;1;00;;;;;;;
2015;C0422;110;1;00;;;;;;;
2015;C0422;111;1;00;;;;;;;
2015;C0422;112;1;00;;;;;;;
2015;C0422;113;1;00;;;;;;;
2015;C0422;114;1;00;;;;;;;
2015;C0422;115;1;00;;;;;;;
2015;C0422;116;1;22;14;1;99900;99900 - Fattori investigati ma non identificati;5;2;
2015;C0422;117;1;00;;;;;;;
2015;C0422;118;1;25;14;1;99900;99900 - Fattori investigati ma non identificati;5;2;
2015;C0422;119;1;25;14;1;99900;99900 - Fattori investigati ma non identificati;10;2;
2015;C0422;120;1;22;14;1;99900;99900 - Fattori investigati ma non identificati;5;2;
2015;C0422;121;1;22;14;1;99900;99900 - Fattori investigati ma non identificati;5;2;
2015;C0422;122;1;00;;;;;;;
2015;C0422;123;1;00;;;;;;;
2015;C0422;124;1;00;;;;;;;
2015;C0422;125;1;24;17;3;99900;99900 - Fattori investigati ma non identificati;35;2;distacco lembi corteccia da ramo sopra il castello
2015;C0422;126;1;00;;;;;;;
2015;C0422;127;1;00;;;;;;;
2015;C0422;128;1;00;;;;;;;
2015;C0422;129;1;00;;;;;;;
2015;C0422;130;1;00;;;;;;;
2015;C0422;131;1;00;;;;;;;
2015;C0422;132;1;00;;;;;;;
2015;C0422;133;1;00;;;;;;;
2015;C0422;134;1;00;;;;;;;
2015;C0422;135;1;00;;;;;;;
2015;C0422;136;1;00;;;;;;;
2015;C0422;137;1;00;;;;;;;
2015;C0422;138;1;22;14;1;99900;99900 - Fattori investigati ma non identificati;10;2;
2015;C0422;139;1;00;;;;;;;
2015;C0422;140;1;00;;;;;;;
2015;C0422;141;1;14;01;1;21000;- Non identificato -;5;2;
2015;C0422;142;1;00;;;;;;;
2015;C0422;143;1;00;;;;;;;
2015;C0422;144;1;00;;;;;;;
2015;C0422;145;1;00;;;;;;;
2015;C0422;146;1;00;;;;;;;
2015;C0422;148;1;00;;;;;;;
2015;C0422;149;1;00;;;;;;;
2015;C0422;150;1;14;01;1;99900;99900 - Fattori investigati ma non identificati;5;2;foglie perse
2015;C0443;9;1;14;03;1;30000;30000 - Funghi;5;2;
2015;C0443;9;2;25;14;3;99900;99900 - Fattori investigati ma non identificati;10;2;
2015;C0443;42;1;25;14;3;99900;99900 - Fattori investigati ma non identificati;15;2;
2015;C0443;42;2;14;03;1;27000;Eriophyes spp.;45;2;aceria ilicis
2015;C0443;51;1;14;01;1;21000;- Non identificato -;5;2;
2015;C0443;49;1;14;08;1;42600;42600 - Calore/colpo di calore;5;2;imbarcamento
2015;C0443;50;1;00;;;;;;;
2015;C0443;47;1;14;03;1;27000;Eriophyes spp.;20;2;aceria ilicis
2015;C0443;43;1;22;14;3;99900;99900 - Fattori investigati ma non identificati;25;2;
2015;C0443;43;2;14;03;1;99900;99900 - Fattori investigati ma non identificati;5;2;
2015;C0443;44;1;25;14;3;99900;99900 - Fattori investigati ma non identificati;30;2;
2015;C0443;45;1;22;14;3;99900;99900 - Fattori investigati ma non identificati;20;2;
2015;C0443;45;2;14;02;1;99900;99900 - Fattori investigati ma non identificati;5;2;
2015;C0443;46;1;22;14;1;99900;99900 - Fattori investigati ma non identificati;20;2;
2015;C0443;46;2;14;06;1;99900;99900 - Fattori investigati ma non identificati;70;2;
2015;C0443;48;1;25;14;3;99900;99900 - Fattori investigati ma non identificati;15;2;
2015;C0443;48;2;14;08;1;27000;Cynips caput-medusae;5;2;andricus caputmedusae
2015;C0443;48;3;23;08;3;30900;- Non identificato -;30;2;
2015;C0443;52;1;22;14;1;99900;99900 - Fattori investigati ma non identificati;10;2;
2015;C0443;52;2;14;06;1;99900;99900 - Fattori investigati ma non identificati;20;2;
2015;C0443;53;1;22;14;3;99900;99900 - Fattori investigati ma non identificati;20;2;
2015;C0443;53;2;14;03;1;27000;Eriophyes spp.;10;2;aceria ilicis
2015;C0444;1;1;32;08;3;30900;Cryphonectria parasitica = Endothia parasitica;10;2;
2015;C0444;1;2;14;08;3;27000;- Non identificato -;40;2;dryocosmus
2015;C0444;1;3;14;08;1;42600;42600 - Calore/colpo di calore;10;2;
2015;C0444;1;4;25;14;3;27000;- Non identificato -;40;2;dryocosmus
2015;C0444;7;1;32;08;3;30900;Cryphonectria parasitica = Endothia parasitica;10;2;
2015;C0444;7;2;14;08;1;42600;42600 - Calore/colpo di calore;5;2;
2015;C0444;7;3;22;08;3;27000;- Non identificato -;40;2;dryocosmus
2015;C0444;9;1;32;08;3;30900;Cryphonectria parasitica = Endothia parasitica;5;2;
2015;C0444;9;2;14;08;1;42600;42600 - Calore/colpo di calore;20;2;
2015;C0444;9;3;22;08;3;27000;- Non identificato -;30;2;dryocosmus
2015;C0444;13;1;32;08;3;30900;Cryphonectria parasitica = Endothia parasitica;20;2;
2015;C0444;13;2;14;08;1;42600;42600 - Calore/colpo di calore;15;2;
2015;C0444;13;3;22;08;3;27000;- Non identificato -;40;2;dryocosmus
2015;C0444;14;1;32;08;3;30900;Cryphonectria parasitica = Endothia parasitica;10;2;
2015;C0444;14;2;14;08;1;42600;42600 - Calore/colpo di calore;5;2;
2015;C0444;14;3;25;14;3;27000;- Non identificato -;40;2;dryocosmus
2015;C0444;15;1;32;08;3;30900;Cryphonectria parasitica = Endothia parasitica;20;2;
2015;C0444;15;2;25;14;3;27000;- Non identificato -;45;2;dryocosmus
2015;C0444;15;3;14;08;1;42600;42600 - Calore/colpo di calore;20;2;
2015;C0444;29;1;32;08;3;30900;Cryphonectria parasitica = Endothia parasitica;10;2;
2015;C0444;29;2;14;08;1;42600;42600 - Calore/colpo di calore;15;2;
2015;C0444;29;3;25;14;3;27000;- Non identificato -;20;2;dryocosmus
2015;C0444;31;1;32;08;3;30900;Cryphonectria parasitica = Endothia parasitica;10;2;
2015;C0444;31;2;14;08;1;42600;42600 - Calore/colpo di calore;5;2;
2015;C0444;31;3;25;14;3;27000;- Non identificato -;45;2;dryocosmus
2015;C0444;33;1;32;08;3;30900;Cryphonectria parasitica = Endothia parasitica;20;2;
2015;C0444;33;2;14;08;1;42600;42600 - Calore/colpo di calore;5;2;
2015;C0444;33;3;25;14;3;27000;- Non identificato -;45;2;dryocosmus
2015;C0444;37;1;32;08;3;30900;Cryphonectria parasitica = Endothia parasitica;15;2;
2015;C0444;37;2;14;08;1;42600;42600 - Calore/colpo di calore;5;2;
2015;C0444;37;3;25;14;3;27000;- Non identificato -;45;2;dryocosmus
2015;C0444;49;1;32;08;3;30900;Cryphonectria parasitica = Endothia parasitica;25;2;
2015;C0444;49;2;14;08;1;42600;42600 - Calore/colpo di calore;20;2;
2015;C0444;49;3;22;14;3;27000;- Non identificato -;5;2;dryocosmus
2015;C0444;50;1;32;08;3;30900;Cryphonectria parasitica = Endothia parasitica;15;2;
2015;C0444;50;2;14;08;1;42600;42600 - Calore/colpo di calore;5;2;
2015;C0444;50;3;22;14;3;27000;- Non identificato -;5;2;dryocosmus
2015;C0444;51;1;00;;;;;;;
2015;C0444;53;1;14;08;1;42600;42600 - Calore/colpo di calore;5;2;
2015;C0444;54;1;14;03;1;99900;99900 - Fattori investigati ma non identificati;5;2;
2015;C0444;52;1;00;;;;;;;
2015;C0461;1;1;22;14;3;99900;99900 - Fattori investigati ma non identificati;10;2;
2015;C0461;1;2;14;01;1;21000;- Non identificato -;5;2;
2015;C0461;2;1;22;14;3;99900;99900 - Fattori investigati ma non identificati;5;2;
2015;C0461;2;2;14;01;1;21000;- Non identificato -;5;2;
2015;C0461;9;1;25;14;3;99900;99900 - Fattori investigati ma non identificati;15;2;
2015;C0461;9;2;14;01;1;21000;- Non identificato -;5;2;
2015;C0461;10;1;23;14;3;99900;99900 - Fattori investigati ma non identificati;5;2;
2015;C0461;15;1;25;14;3;99900;99900 - Fattori investigati ma non identificati;5;2;
2015;C0461;15;2;14;01;1;21000;- Non identificato -;5;2;
2015;C0461;16;1;14;08;1;42600;42600 - Calore/colpo di calore;5;2;
2015;C0461;16;2;14;01;1;21000;- Non identificato -;5;2;
2015;C0461;19;1;22;14;3;99900;99900 - Fattori investigati ma non identificati;10;2;
2015;C0461;21;1;22;14;1;99900;99900 - Fattori investigati ma non identificati;5;2;
2015;C0461;23;1;32;18;3;25000;Matsucoccus feytaudi;70;2;
2015;C0461;24;1;22;14;1;99900;99900 - Fattori investigati ma non identificati;5;2;
2015;C0461;24;2;14;06;1;99900;99900 - Fattori investigati ma non identificati;5;2;
2015;C0461;27;1;32;18;3;25000;Matsucoccus feytaudi;15;2;
2015;C0461;27;2;12;10;2;25000;Matsucoccus feytaudi;;;
2015;C0461;32;1;14;06;1;99900;99900 - Fattori investigati ma non identificati;15;2;
2015;C0461;32;2;22;14;3;99900;99900 - Fattori investigati ma non identificati;5;2;
2015;C0461;34;1;25;14;3;99900;99900 - Fattori investigati ma non identificati;5;2;
2015;C0461;37;1;14;06;1;99900;99900 - Fattori investigati ma non identificati;5;2;
2015;C0461;38;1;32;18;3;25000;Matsucoccus feytaudi;60;2;
2015;C0461;38;2;12;10;2;25000;Matsucoccus feytaudi;;;
2015;C0461;40;1;22;14;1;99900;99900 - Fattori investigati ma non identificati;5;2;
2015;C0461;40;2;14;04;1;99900;99900 - Fattori investigati ma non identificati;5;2;
2015;C0461;46;1;00;;;;;;;
2015;C0461;47;1;14;06;1;99900;99900 - Fattori investigati ma non identificati;60;2;
2015;C0461;47;2;22;14;1;99900;99900 - Fattori investigati ma non identificati;5;2;
2015;C0461;48;1;00;;;;;;;
2015;C0461;49;1;00;;;;;;;
2015;C0461;50;1;00;;;;;;;
2015;C0461;51;1;14;06;1;99900;99900 - Fattori investigati ma non identificati;5;2;
2015;C0461;52;1;32;18;3;25000;Matsucoccus feytaudi;75;2;
2015;C0461;52;2;12;10;2;25000;Matsucoccus feytaudi;;;
2015;C0617;2;2;14;03;1;99900;99900 - Fattori investigati ma non identificati;5;2;
2015;C0617;2;1;14;01;1;21000;- Non identificato -;5;2;
2015;C0617;1;3;21;14;1;99900;99900 - Fattori investigati ma non identificati;10;2;
2015;C0617;1;2;14;03;1;99900;99900 - Fattori investigati ma non identificati;15;2;
2015;C0617;1;1;14;01;1;21000;- Non identificato -;5;2;
2015;C2020;7;1;14;03;1;99900;99900 - Fattori investigati ma non identificati;5;2;
2015;C2020;7;2;14;01;1;99900;99900 - Fattori investigati ma non identificati;5;2;
2015;C2020;7;3;22;14;1;99900;99900 - Fattori investigati ma non identificati;5;2;
2015;C2020;7;4;23;14;1;99900;99900 - Fattori investigati ma non identificati;;1;
2015;C2020;9;1;14;01;1;99900;99900 - Fattori investigati ma non identificati;5;2;
2015;C2020;9;2;14;03;1;99900;99900 - Fattori investigati ma non identificati;5;2;
2015;C2020;9;3;22;14;1;99900;99900 - Fattori investigati ma non identificati;5;2;
2015;C2020;9;4;23;14;3;99900;99900 - Fattori investigati ma non identificati;20;2;
2015;C2020;9;5;34;12;3;81006;81006 - Altre piante parassite/epifite/ramp.;;;
2015;C2020;17;1;14;01;1;99900;99900 - Fattori investigati ma non identificati;5;2;
2015;C2020;17;2;14;03;1;99900;99900 - Fattori investigati ma non identificati;5;2;
2015;C2020;17;3;22;14;1;99900;99900 - Fattori investigati ma non identificati;5;2;
2015;C2020;18;1;14;01;1;99900;99900 - Fattori investigati ma non identificati;5;2;
2015;C2020;18;2;14;03;1;99900;99900 - Fattori investigati ma non identificati;5;2;
2015;C2020;18;3;22;14;2;99900;99900 - Fattori investigati ma non identificati;5;2;
2015;C2020;18;4;33;12;1;81006;81006 - Altre piante parassite/epifite/ramp.;;;smilax
2015;C2020;20;1;14;01;1;99900;99900 - Fattori investigati ma non identificati;5;2;
2015;C2020;20;2;14;03;1;99900;99900 - Fattori investigati ma non identificati;5;2;
2015;C2020;20;3;22;14;2;99900;99900 - Fattori investigati ma non identificati;5;2;
2015;C2020;20;4;23;14;3;99900;99900 - Fattori investigati ma non identificati;;1;
2015;C2020;20;5;34;12;3;81006;81006 - Altre piante parassite/epifite/ramp.;;;smilax
2015;C2020;20;6;31;12;2;81006;81006 - Altre piante parassite/epifite/ramp.;;;
2015;C2020;21;1;14;01;1;99900;99900 - Fattori investigati ma non identificati;5;2;
2015;C2020;21;2;14;03;1;99900;99900 - Fattori investigati ma non identificati;5;2;
2015;C2020;21;3;22;14;2;99900;99900 - Fattori investigati ma non identificati;5;2;
2015;C2020;21;4;34;12;3;81006;81006 - Altre piante parassite/epifite/ramp.;;;smilax
2015;C2020;26;1;14;01;1;99900;99900 - Fattori investigati ma non identificati;5;2;
2015;C2020;26;2;14;03;1;99900;99900 - Fattori investigati ma non identificati;5;2;
2015;C2020;26;3;22;14;2;99900;99900 - Fattori investigati ma non identificati;5;2;
2015;C2020;26;4;22;14;3;99900;99900 - Fattori investigati ma non identificati;;1;
2015;C2020;27;1;14;01;1;99900;99900 - Fattori investigati ma non identificati;5;2;
2015;C2020;27;2;14;03;1;99900;99900 - Fattori investigati ma non identificati;5;2;
2015;C2020;27;3;22;14;2;99900;99900 - Fattori investigati ma non identificati;5;2;
2015;C2020;27;4;22;14;2;99900;99900 - Fattori investigati ma non identificati;;1;
2015;C2020;28;1;14;01;1;99900;99900 - Fattori investigati ma non identificati;5;2;
2015;C2020;28;2;14;03;1;99900;99900 - Fattori investigati ma non identificati;5;2;
2015;C2020;28;3;22;14;2;99900;99900 - Fattori investigati ma non identificati;10;2;
2015;C2020;29;1;14;01;1;99900;99900 - Fattori investigati ma non identificati;5;2;
2015;C2020;29;2;14;03;1;99900;99900 - Fattori investigati ma non identificati;5;2;
2015;C2020;29;3;22;14;2;99900;99900 - Fattori investigati ma non identificati;5;2;
2015;C2020;29;4;22;14;3;99900;99900 - Fattori investigati ma non identificati;;1;
2015;C2020;29;5;32;12;3;81006;81006 - Altre piante parassite/epifite/ramp.;;;smilax
2015;C2020;30;1;14;01;1;99900;99900 - Fattori investigati ma non identificati;5;2;
2015;C2020;30;2;14;03;1;99900;99900 - Fattori investigati ma non identificati;5;2;
2015;C2020;30;3;22;14;3;99900;99900 - Fattori investigati ma non identificati;5;2;
2015;C2020;30;4;22;14;3;99900;99900 - Fattori investigati ma non identificati;;1;
2015;C2020;31;1;14;01;1;99900;99900 - Fattori investigati ma non identificati;5;2;
2015;C2020;31;2;14;03;1;99900;99900 - Fattori investigati ma non identificati;5;2;
2015;C2020;31;3;22;14;3;99900;99900 - Fattori investigati ma non identificati;;1;
2015;C2020;31;4;22;14;2;99900;99900 - Fattori investigati ma non identificati;;1;
2015;C2020;32;1;14;01;1;99900;99900 - Fattori investigati ma non identificati;5;2;
2015;C2020;32;2;14;03;1;99900;99900 - Fattori investigati ma non identificati;5;2;
2015;C2020;32;3;22;14;3;99900;99900 - Fattori investigati ma non identificati;5;2;
2015;C2020;32;4;22;14;3;99900;99900 - Fattori investigati ma non identificati;;1;
2015;C2020;32;5;31;12;3;81006;81006 - Altre piante parassite/epifite/ramp.;;;smilax
2015;C2020;32;6;34;12;3;81006;81006 - Altre piante parassite/epifite/ramp.;;;
2015;C2020;33;1;14;01;1;99900;99900 - Fattori investigati ma non identificati;5;2;
2015;C2020;33;2;14;03;1;99900;99900 - Fattori investigati ma non identificati;5;2;
2015;C2020;33;3;22;14;3;99900;99900 - Fattori investigati ma non identificati;5;2;
2015;C2020;33;4;23;14;3;99900;99900 - Fattori investigati ma non identificati;;1;
2015;C2020;33;5;31;12;3;81006;81006 - Altre piante parassite/epifite/ramp.;;;
2015;C2020;33;6;34;12;3;81006;81006 - Altre piante parassite/epifite/ramp.;;;smilax
2015;C2020;34;1;14;01;1;99900;99900 - Fattori investigati ma non identificati;5;2;
2015;C2020;34;2;14;03;1;99900;99900 - Fattori investigati ma non identificati;5;2;
2015;C2020;34;3;22;14;2;99900;99900 - Fattori investigati ma non identificati;5;2;
2015;C2020;34;4;31;12;3;81006;81006 - Altre piante parassite/epifite/ramp.;;;smilax
2015;C2020;34;5;34;12;3;99900;99900 - Fattori investigati ma non identificati;;;
2015;C2020;36;1;14;01;1;99900;99900 - Fattori investigati ma non identificati;5;2;
2015;C2020;36;2;14;03;1;99900;99900 - Fattori investigati ma non identificati;5;2;
2015;C2020;36;3;22;14;2;99900;99900 - Fattori investigati ma non identificati;5;2;
2015;C2020;36;4;32;12;3;81006;81006 - Altre piante parassite/epifite/ramp.;;;smilax
2015;C2020;37;1;14;01;1;99900;99900 - Fattori investigati ma non identificati;5;2;
2015;C2020;37;2;14;03;1;99900;99900 - Fattori investigati ma non identificati;5;2;
2015;C2020;37;3;22;14;2;99900;99900 - Fattori investigati ma non identificati;5;2;
2015;C2020;37;4;32;12;3;81006;81006 - Altre piante parassite/epifite/ramp.;;;smilax
2015;C2020;38;1;14;01;1;99900;99900 - Fattori investigati ma non identificati;5;2;
2015;C2020;38;2;14;03;1;99900;99900 - Fattori investigati ma non identificati;5;2;
2015;C2020;38;3;22;14;3;99900;99900 - Fattori investigati ma non identificati;5;2;
2015;C2020;38;4;22;14;3;99900;99900 - Fattori investigati ma non identificati;;1;
2015;C2020;39;1;14;01;1;99900;99900 - Fattori investigati ma non identificati;5;2;
2015;C2020;39;2;14;03;1;99900;99900 - Fattori investigati ma non identificati;5;2;
2015;C2020;39;3;22;14;2;99900;99900 - Fattori investigati ma non identificati;5;2;
2015;C2020;40;1;14;01;1;99900;99900 - Fattori investigati ma non identificati;5;2;
2015;C2020;40;2;14;03;1;99900;99900 - Fattori investigati ma non identificati;5;2;
2015;C2020;40;3;22;14;2;99900;99900 - Fattori investigati ma non identificati;5;2;
2015;C2020;40;4;22;14;2;99900;99900 - Fattori investigati ma non identificati;;1;
2015;C2020;40;5;32;12;3;81006;81006 - Altre piante parassite/epifite/ramp.;;;smilax
2015;C2020;41;1;14;01;1;99900;99900 - Fattori investigati ma non identificati;5;2;
2015;C2020;41;2;14;03;1;99900;99900 - Fattori investigati ma non identificati;5;2;
2015;C2020;41;3;22;14;2;99900;99900 - Fattori investigati ma non identificati;5;2;
2015;C2020;41;4;31;12;3;81006;81006 - Altre piante parassite/epifite/ramp.;;;smilax
2015;C2020;42;1;14;01;1;99900;99900 - Fattori investigati ma non identificati;5;2;
2015;C2020;42;2;14;03;1;99900;99900 - Fattori investigati ma non identificati;5;2;
2015;C2020;42;3;22;14;2;99900;99900 - Fattori investigati ma non identificati;5;2;
2015;C2020;42;4;22;14;2;99900;99900 - Fattori investigati ma non identificati;;1;
2015;C2020;42;5;32;12;3;81006;81006 - Altre piante parassite/epifite/ramp.;;;smilax
2015;C2020;43;1;14;01;1;99900;99900 - Fattori investigati ma non identificati;5;2;
2015;C2020;43;2;14;03;1;99900;99900 - Fattori investigati ma non identificati;5;2;
2015;C2020;43;3;22;14;2;99900;99900 - Fattori investigati ma non identificati;5;2;
2015;C2020;43;4;32;12;3;81006;81006 - Altre piante parassite/epifite/ramp.;;;smilax
2015;C2020;44;1;14;01;1;99900;99900 - Fattori investigati ma non identificati;5;2;
2015;C2020;44;2;22;14;2;99900;99900 - Fattori investigati ma non identificati;5;2;
2015;C2020;44;3;34;12;3;81006;81006 - Altre piante parassite/epifite/ramp.;;;smilax
2015;C2020;46;1;14;01;1;99900;99900 - Fattori investigati ma non identificati;5;2;
2015;C2020;46;2;14;03;1;99900;99900 - Fattori investigati ma non identificati;5;2;
2015;C2020;46;3;22;14;3;99900;99900 - Fattori investigati ma non identificati;5;2;
2015;C2020;46;4;22;14;3;99900;99900 - Fattori investigati ma non identificati;;1;
2015;C2023;1;1;14;01;1;99900;99900 - Fattori investigati ma non identificati;5;2;
2015;C2023;1;2;14;03;1;99900;99900 - Fattori investigati ma non identificati;5;2;
2015;C2023;1;3;22;14;3;99900;99900 - Fattori investigati ma non identificati;5;2;
2015;C2023;1;4;34;12;3;89000;89000 - Altre (cause conosciute ma non incluse);;;licheni
2015;C2023;2;1;14;01;1;99900;99900 - Fattori investigati ma non identificati;5;2;
2015;C2023;2;2;14;03;1;99900;99900 - Fattori investigati ma non identificati;5;2;
2015;C2023;2;3;22;14;2;99900;99900 - Fattori investigati ma non identificati;5;2;
2015;C2023;2;4;34;10;1;21000;Lymantria dispar;;;
2015;C2023;2;5;34;12;3;89000;89000 - Altre (cause conosciute ma non incluse);;;licheni
2015;C2023;4;1;14;01;1;99900;99900 - Fattori investigati ma non identificati;5;2;
2015;C2023;4;2;14;03;1;99900;99900 - Fattori investigati ma non identificati;5;2;
2015;C2023;4;3;22;14;3;99900;99900 - Fattori investigati ma non identificati;5;2;
2015;C2023;4;4;34;10;1;21000;Lymantria dispar;;;
2015;C2023;4;5;34;12;2;89000;89000 - Altre (cause conosciute ma non incluse);;;licheni
2015;C2023;5;1;14;01;1;99900;99900 - Fattori investigati ma non identificati;5;2;
2015;C2023;5;2;14;03;1;99900;99900 - Fattori investigati ma non identificati;5;2;
2015;C2023;5;3;22;14;3;99900;99900 - Fattori investigati ma non identificati;10;2;
2015;C2023;5;4;34;12;3;89000;89000 - Altre (cause conosciute ma non incluse);;;licheni
2015;C2023;7;1;14;01;1;99900;99900 - Fattori investigati ma non identificati;5;2;
2015;C2023;7;2;14;02;1;99900;99900 - Fattori investigati ma non identificati;5;2;
2015;C2023;7;3;22;14;3;99900;99900 - Fattori investigati ma non identificati;5;2;
2015;C2023;7;4;34;12;3;89000;89000 - Altre (cause conosciute ma non incluse);;;licheni
2015;C2023;10;1;14;01;1;99900;99900 - Fattori investigati ma non identificati;5;2;
2015;C2023;10;2;14;03;1;99900;99900 - Fattori investigati ma non identificati;5;2;
2015;C2023;10;3;22;14;3;99900;99900 - Fattori investigati ma non identificati;5;2;
2015;C2023;10;4;34;12;2;89000;89000 - Altre (cause conosciute ma non incluse);;;licheni
2015;C2023;12;1;14;01;1;99900;99900 - Fattori investigati ma non identificati;5;2;
2015;C2023;12;2;14;03;1;99900;99900 - Fattori investigati ma non identificati;5;2;
2015;C2023;12;3;22;14;3;99900;99900 - Fattori investigati ma non identificati;5;2;
2015;C2023;12;4;34;12;3;89000;89000 - Altre (cause conosciute ma non incluse);;;licheni
2015;C2023;12;5;31;10;1;21000;Lymantria dispar;;;
2015;C2023;13;1;14;01;1;99900;99900 - Fattori investigati ma non identificati;5;2;
2015;C2023;13;2;22;14;3;99900;99900 - Fattori investigati ma non identificati;5;2;
2015;C2023;13;3;34;12;3;89000;89000 - Altre (cause conosciute ma non incluse);;;licheni
2015;C2023;14;1;14;01;1;99900;99900 - Fattori investigati ma non identificati;5;2;
2015;C2023;14;2;14;02;1;99900;99900 - Fattori investigati ma non identificati;5;2;
2015;C2023;14;3;14;03;1;99900;99900 - Fattori investigati ma non identificati;5;2;
2015;C2023;14;4;22;14;3;99900;99900 - Fattori investigati ma non identificati;5;2;
2015;C2023;14;5;31;10;1;21000;Lymantria dispar;;;
2015;C2023;14;6;34;12;3;89000;89000 - Altre (cause conosciute ma non incluse);;;licheni
2015;C2023;15;1;14;01;1;99900;99900 - Fattori investigati ma non identificati;5;2;
2015;C2023;15;2;14;02;1;99900;99900 - Fattori investigati ma non identificati;5;2;
2015;C2023;15;3;14;03;1;99900;99900 - Fattori investigati ma non identificati;5;2;
2015;C2023;15;4;22;14;3;99900;99900 - Fattori investigati ma non identificati;5;2;
2015;C2023;15;5;34;12;3;89000;89000 - Altre (cause conosciute ma non incluse);;;licheni
2015;C2023;16;1;14;01;1;99900;99900 - Fattori investigati ma non identificati;5;2;
2015;C2023;16;2;22;14;3;99900;99900 - Fattori investigati ma non identificati;5;2;
2015;C2023;16;3;31;10;1;21000;Lymantria dispar;;;
2015;C2023;16;4;34;12;3;89000;89000 - Altre (cause conosciute ma non incluse);;;licheni
2015;C2023;17;1;14;01;1;99900;99900 - Fattori investigati ma non identificati;5;2;
2015;C2023;17;2;14;03;1;99900;99900 - Fattori investigati ma non identificati;5;2;
2015;C2023;17;3;22;14;3;99900;99900 - Fattori investigati ma non identificati;5;2;
2015;C2023;17;4;34;12;2;89000;89000 - Altre (cause conosciute ma non incluse);;;
2015;C2023;18;1;14;01;1;99900;99900 - Fattori investigati ma non identificati;5;2;
2015;C2023;18;2;14;03;1;99900;99900 - Fattori investigati ma non identificati;5;2;
2015;C2023;18;3;22;14;3;99900;99900 - Fattori investigati ma non identificati;5;2;
2015;C2023;18;4;34;12;3;89000;89000 - Altre (cause conosciute ma non incluse);;;licheni
2015;C2023;18;5;31;10;1;21000;Lymantria dispar;;;
2015;C2023;19;1;14;01;1;99900;99900 - Fattori investigati ma non identificati;5;2;
2015;C2023;19;2;14;03;1;99900;99900 - Fattori investigati ma non identificati;5;2;
2015;C2023;19;3;22;14;3;99900;99900 - Fattori investigati ma non identificati;5;2;
2015;C2023;19;4;31;10;1;21000;Lymantria dispar;;;
2015;C2023;19;5;34;12;3;89000;89000 - Altre (cause conosciute ma non incluse);;;licheni
2015;C2023;20;1;14;01;1;99900;99900 - Fattori investigati ma non identificati;5;2;
2015;C2023;20;2;22;14;3;99900;99900 - Fattori investigati ma non identificati;5;2;
2015;C2023;20;3;34;12;2;89000;89000 - Altre (cause conosciute ma non incluse);;;licheni
2015;C2023;21;1;14;01;1;99900;99900 - Fattori investigati ma non identificati;5;2;
2015;C2023;21;2;14;03;1;99900;99900 - Fattori investigati ma non identificati;5;2;
2015;C2023;21;3;22;14;3;99900;99900 - Fattori investigati ma non identificati;5;2;
2015;C2023;21;4;31;10;1;21000;Lymantria dispar;;;
2015;C2023;21;5;33;11;1;30000;30000 - Funghi;;;
2015;C2023;21;6;34;12;3;89000;89000 - Altre (cause conosciute ma non incluse);;;licheni
2015;C2023;22;1;14;01;1;99900;99900 - Fattori investigati ma non identificati;5;2;
2015;C2023;22;2;14;03;1;99900;99900 - Fattori investigati ma non identificati;5;2;
2015;C2023;22;3;22;14;3;99900;99900 - Fattori investigati ma non identificati;5;2;
2015;C2023;22;4;32;10;1;21000;Lymantria dispar;;;
2015;C2023;22;5;34;12;3;89000;89000 - Altre (cause conosciute ma non incluse);;;licheni
2015;C2023;45;1;14;01;1;99900;99900 - Fattori investigati ma non identificati;5;2;
2015;C2023;45;2;14;03;1;99900;99900 - Fattori investigati ma non identificati;5;2;
2015;C2023;45;3;22;14;3;99900;99900 - Fattori investigati ma non identificati;5;2;
2015;C2023;45;4;34;12;3;89000;89000 - Altre (cause conosciute ma non incluse);;;licheni
2015;C2023;46;1;14;01;1;99900;99900 - Fattori investigati ma non identificati;5;2;
2015;C2023;46;2;14;03;1;99900;99900 - Fattori investigati ma non identificati;5;2;
2015;C2023;46;3;22;14;3;99900;99900 - Fattori investigati ma non identificati;10;2;
2015;C2023;46;4;34;12;3;89000;89000 - Altre (cause conosciute ma non incluse);;;licheni
2015;C2023;47;1;14;01;1;99900;99900 - Fattori investigati ma non identificati;5;2;
2015;C2023;47;2;22;14;3;99900;99900 - Fattori investigati ma non identificati;5;2;
2015;C2024;1;1;14;01;1;99900;99900 - Fattori investigati ma non identificati;5;2;
2015;C2024;1;2;14;03;1;99900;99900 - Fattori investigati ma non identificati;5;2;
2015;C2024;1;3;22;14;3;99900;99900 - Fattori investigati ma non identificati;5;2;
2015;C2024;1;4;34;12;3;89000;89000 - Altre (cause conosciute ma non incluse);;;licheni
2015;C2024;1;5;14;08;3;99900;99900 - Fattori investigati ma non identificati;5;2;galle
2015;C2024;3;1;14;01;1;99900;99900 - Fattori investigati ma non identificati;5;2;
2015;C2024;3;2;14;03;1;99900;99900 - Fattori investigati ma non identificati;5;2;
2015;C2024;3;3;22;14;3;99900;99900 - Fattori investigati ma non identificati;5;2;
2015;C2024;3;4;34;12;3;89000;89000 - Altre (cause conosciute ma non incluse);;;licheni
2015;C2024;5;1;14;01;1;99900;99900 - Fattori investigati ma non identificati;5;2;
2015;C2024;5;2;14;03;1;99900;99900 - Fattori investigati ma non identificati;10;2;
2015;C2024;5;3;34;12;3;89000;89000 - Altre (cause conosciute ma non incluse);;;licheni
2015;C2024;6;1;14;01;1;99900;99900 - Fattori investigati ma non identificati;5;2;
2015;C2024;6;2;14;03;1;99900;99900 - Fattori investigati ma non identificati;10;2;
2015;C2024;6;3;22;14;3;99900;99900 - Fattori investigati ma non identificati;10;2;
2015;C2024;6;4;34;12;3;89000;89000 - Altre (cause conosciute ma non incluse);;;licheni
2015;C2024;7;1;14;01;1;99900;99900 - Fattori investigati ma non identificati;5;2;
2015;C2024;7;2;14;03;1;99900;99900 - Fattori investigati ma non identificati;10;2;
2015;C2024;7;3;22;14;3;99900;99900 - Fattori investigati ma non identificati;5;2;
2015;C2024;7;4;34;12;3;89000;89000 - Altre (cause conosciute ma non incluse);;;licheni
2015;C2024;8;1;14;01;1;99900;99900 - Fattori investigati ma non identificati;5;2;
2015;C2024;8;2;14;03;1;99900;99900 - Fattori investigati ma non identificati;5;2;
2015;C2024;8;3;34;12;3;89000;89000 - Altre (cause conosciute ma non incluse);;;
2015;C2024;9;1;14;01;1;99900;99900 - Fattori investigati ma non identificati;5;2;
2015;C2024;9;2;14;03;1;99900;99900 - Fattori investigati ma non identificati;5;2;
2015;C2024;9;3;22;14;3;99900;99900 - Fattori investigati ma non identificati;5;2;
2015;C2024;9;4;34;12;3;89000;89000 - Altre (cause conosciute ma non incluse);;;licheni
2015;C2024;9;5;14;02;1;99900;99900 - Fattori investigati ma non identificati;5;2;
2015;C2024;30;1;14;01;1;99900;99900 - Fattori investigati ma non identificati;5;2;
2015;C2024;30;2;14;02;1;99900;99900 - Fattori investigati ma non identificati;5;2;
2015;C2024;30;3;14;03;1;99900;99900 - Fattori investigati ma non identificati;5;2;
2015;C2024;30;4;22;14;3;99900;99900 - Fattori investigati ma non identificati;5;2;
2015;C2024;30;5;14;08;3;99900;99900 - Fattori investigati ma non identificati;5;2;galle
2015;C2024;30;6;34;12;3;89000;89000 - Altre (cause conosciute ma non incluse);;;licheni
2015;C2024;31;1;14;01;1;99900;99900 - Fattori investigati ma non identificati;5;2;
2015;C2024;31;2;14;03;1;99900;99900 - Fattori investigati ma non identificati;5;2;
2015;C2024;31;3;22;14;3;99900;99900 - Fattori investigati ma non identificati;5;2;
2015;C2024;31;4;34;12;3;89000;89000 - Altre (cause conosciute ma non incluse);;;licheni
2015;C2024;32;1;14;01;1;99900;99900 - Fattori investigati ma non identificati;5;2;
2015;C2024;32;2;14;03;2;99900;99900 - Fattori investigati ma non identificati;5;2;
2015;C2024;32;3;22;14;3;99900;99900 - Fattori investigati ma non identificati;5;2;
2015;C2024;32;4;14;08;1;99900;99900 - Fattori investigati ma non identificati;5;2;galle
2015;C2024;32;5;34;12;3;89000;89000 - Altre (cause conosciute ma non incluse);;;licheni
2015;C2024;34;1;14;01;1;99900;99900 - Fattori investigati ma non identificati;5;2;
2015;C2024;34;2;14;02;1;99900;99900 - Fattori investigati ma non identificati;5;2;
2015;C2024;34;3;14;03;1;99900;99900 - Fattori investigati ma non identificati;5;2;
2015;C2024;34;4;22;14;3;99900;99900 - Fattori investigati ma non identificati;5;2;
2015;C2024;34;5;34;12;3;89000;89000 - Altre (cause conosciute ma non incluse);;;licheni
2015;C2024;35;1;14;01;1;99900;99900 - Fattori investigati ma non identificati;10;2;
2015;C2024;35;2;14;03;1;99900;99900 - Fattori investigati ma non identificati;10;2;
2015;C2024;35;3;22;14;3;99900;99900 - Fattori investigati ma non identificati;10;2;
2015;C2024;35;4;34;12;3;89000;89000 - Altre (cause conosciute ma non incluse);;;licheni
2015;C2024;36;1;14;01;1;99900;99900 - Fattori investigati ma non identificati;5;2;
2015;C2024;36;2;14;03;1;99900;99900 - Fattori investigati ma non identificati;10;2;
2015;C2024;36;3;22;14;1;99900;99900 - Fattori investigati ma non identificati;;1;
2015;C2024;36;4;34;12;3;89000;89000 - Altre (cause conosciute ma non incluse);;;
2015;C2024;39;1;14;01;1;99900;99900 - Fattori investigati ma non identificati;5;2;
2015;C2024;39;2;14;03;1;99900;99900 - Fattori investigati ma non identificati;5;2;
2015;C2024;39;3;22;14;3;99900;99900 - Fattori investigati ma non identificati;5;2;
2015;C2024;39;4;34;12;3;89000;89000 - Altre (cause conosciute ma non incluse);;;licheni
2015;C2024;40;1;14;01;1;99900;99900 - Fattori investigati ma non identificati;5;2;
2015;C2024;40;2;14;03;1;99900;99900 - Fattori investigati ma non identificati;5;2;
2015;C2024;40;3;22;14;3;99900;99900 - Fattori investigati ma non identificati;5;2;
2015;C2024;40;4;34;12;3;89000;89000 - Altre (cause conosciute ma non incluse);;;licheni
2015;C2024;41;1;14;01;1;99900;99900 - Fattori investigati ma non identificati;5;2;
2015;C2024;41;2;14;08;1;99900;99900 - Fattori investigati ma non identificati;5;2;galle
2015;C2024;41;3;22;14;3;99900;99900 - Fattori investigati ma non identificati;5;2;
2015;C2024;41;4;34;12;3;89000;89000 - Altre (cause conosciute ma non incluse);;;licheni
2015;C2024;42;1;14;01;1;99900;99900 - Fattori investigati ma non identificati;5;2;
2015;C2024;42;2;14;03;1;99900;99900 - Fattori investigati ma non identificati;5;2;
2015;C2024;42;3;22;14;3;99900;99900 - Fattori investigati ma non identificati;5;2;
2015;C2024;42;4;34;12;3;89000;89000 - Altre (cause conosciute ma non incluse);;;licheni
2015;C2024;43;1;14;01;1;99900;99900 - Fattori investigati ma non identificati;5;2;
2015;C2024;43;2;14;03;1;99900;99900 - Fattori investigati ma non identificati;5;2;
2015;C2024;43;3;22;14;2;99900;99900 - Fattori investigati ma non identificati;5;2;
2015;C2024;43;4;34;12;3;89000;89000 - Altre (cause conosciute ma non incluse);;;licheni
2015;C2024;44;1;14;01;1;99900;99900 - Fattori investigati ma non identificati;5;2;
2015;C2024;44;2;14;02;2;99900;99900 - Fattori investigati ma non identificati;5;2;
2015;C2024;44;3;22;14;3;99900;99900 - Fattori investigati ma non identificati;5;2;
2015;C2024;44;4;34;12;3;89000;89000 - Altre (cause conosciute ma non incluse);;;
2015;C2024;45;1;14;01;1;99900;99900 - Fattori investigati ma non identificati;5;2;
2015;C2024;45;2;14;03;1;99900;99900 - Fattori investigati ma non identificati;5;2;
2015;C2024;45;3;22;14;3;99900;99900 - Fattori investigati ma non identificati;5;2;
2015;C2024;45;4;34;12;3;89000;89000 - Altre (cause conosciute ma non incluse);;;licheni
2015;C2024;46;1;14;01;1;99900;99900 - Fattori investigati ma non identificati;5;2;
2015;C2024;46;2;14;03;1;99900;99900 - Fattori investigati ma non identificati;5;2;
2015;C2024;46;3;14;08;1;99900;99900 - Fattori investigati ma non identificati;5;2;galle
2015;C2024;46;4;22;14;3;99900;99900 - Fattori investigati ma non identificati;5;2;
2015;C2024;46;5;32;12;3;89000;89000 - Altre (cause conosciute ma non incluse);;;licheni
2015;C2024;47;1;14;01;1;99900;99900 - Fattori investigati ma non identificati;10;2;
2015;C2024;47;2;14;03;1;99900;99900 - Fattori investigati ma non identificati;5;2;
2015;C2024;47;3;22;14;3;99900;99900 - Fattori investigati ma non identificati;5;2;
2015;C2024;47;4;34;12;3;89000;89000 - Altre (cause conosciute ma non incluse);;;licheni
2015;C2024;47;5;14;08;1;99900;99900 - Fattori investigati ma non identificati;5;2;galle
2015;C2024;48;1;14;01;1;99900;99900 - Fattori investigati ma non identificati;5;2;
2015;C2024;48;2;14;03;1;99900;99900 - Fattori investigati ma non identificati;5;2;
2015;C2024;48;3;14;08;1;99900;99900 - Fattori investigati ma non identificati;5;2;galle
2015;C2024;48;4;22;14;2;99900;99900 - Fattori investigati ma non identificati;5;2;
2015;C2024;48;5;34;12;3;89000;89000 - Altre (cause conosciute ma non incluse);;;licheni
2015;C2024;48;6;34;21;3;85003;85003 - Competizione in generale (densità);;;competizione
2015;C2024;49;1;14;01;1;99900;99900 - Fattori investigati ma non identificati;5;2;
2015;C2024;49;2;14;02;1;99900;99900 - Fattori investigati ma non identificati;5;2;
2015;C2024;49;3;14;03;1;99900;99900 - Fattori investigati ma non identificati;5;2;
2015;C2024;49;4;22;14;3;99900;99900 - Fattori investigati ma non identificati;5;2;
2015;C2024;49;5;34;12;3;89000;89000 - Altre (cause conosciute ma non incluse);;;licheni
2015;C2024;50;1;14;01;1;99900;99900 - Fattori investigati ma non identificati;5;2;
2015;C2024;50;2;14;03;1;99900;99900 - Fattori investigati ma non identificati;5;2;
2015;C2024;50;3;14;08;1;99900;99900 - Fattori investigati ma non identificati;5;2;
2015;C2024;50;4;22;14;3;99900;99900 - Fattori investigati ma non identificati;5;2;
2015;C2024;50;5;32;12;2;89000;89000 - Altre (cause conosciute ma non incluse);;;licheni
2015;C2024;51;1;14;01;1;99900;99900 - Fattori investigati ma non identificati;5;2;
2015;C2024;51;2;14;03;1;99900;99900 - Fattori investigati ma non identificati;5;2;
2015;C2024;51;3;14;08;1;99900;99900 - Fattori investigati ma non identificati;5;2;
2015;C2024;51;4;32;12;3;89000;89000 - Altre (cause conosciute ma non incluse);;;licheni
2015;C2024;53;1;14;01;1;99900;99900 - Fattori investigati ma non identificati;5;2;
2015;C2024;53;2;14;02;1;99900;99900 - Fattori investigati ma non identificati;5;2;
2015;C2024;53;3;14;08;1;99900;99900 - Fattori investigati ma non identificati;5;2;galle
2015;C2024;53;4;22;14;3;99900;99900 - Fattori investigati ma non identificati;5;2;
2015;C2024;53;5;34;12;3;89000;89000 - Altre (cause conosciute ma non incluse);;;licheni
2015;C0475;4;1;25;14;3;99900;99900 - Fattori investigati ma non identificati;5;2;
2015;C0449;42;1;14;08;1;42200;42200 - Siccità/aridità;5;2;
2015;C0449;43;1;21;14;1;99900;99900 - Fattori investigati ma non identificati;15;2;
2015;C0449;43;2;14;01;1;21000;- Non identificato -;5;2;
2015;C0449;44;1;14;01;1;21000;- Non identificato -;10;2;
2015;C0449;45;1;14;08;1;42200;42200 - Siccità/aridità;10;2;
2015;C0449;45;2;14;01;1;21000;- Non identificato -;5;2;
2015;C0449;37;1;14;01;1;21000;- Non identificato -;5;2;
2015;C2011;1;1;14;01;1;99900;99900 - Fattori investigati ma non identificati;5;2;
2015;C2011;1;2;25;14;3;99900;99900 - Fattori investigati ma non identificati;10;2;
2015;C2011;2;1;14;01;1;99900;99900 - Fattori investigati ma non identificati;5;2;
2015;C2011;3;1;14;08;1;40000;40000 - Agenti abiotici;15;2;
2015;C2011;4;1;14;08;1;40000;40000 - Agenti abiotici;20;2;
2015;C2011;5;1;14;01;1;99900;99900 - Fattori investigati ma non identificati;10;2;
2015;C2011;6;1;22;14;1;99900;99900 - Fattori investigati ma non identificati;5;2;
2015;C2011;6;2;14;08;1;40000;40000 - Agenti abiotici;35;2;
2015;C2011;7;1;22;14;3;99900;99900 - Fattori investigati ma non identificati;20;2;
2015;C2011;7;2;14;01;1;99900;99900 - Fattori investigati ma non identificati;5;2;
2015;C2011;7;3;14;08;1;40000;40000 - Agenti abiotici;20;2;
2015;C2011;8;1;21;14;1;99900;99900 - Fattori investigati ma non identificati;10;2;
2015;C2011;8;2;14;08;1;40000;40000 - Agenti abiotici;20;2;
2015;C2011;9;1;21;14;1;99900;99900 - Fattori investigati ma non identificati;20;2;
2015;C2011;9;2;22;14;3;99900;99900 - Fattori investigati ma non identificati;10;2;
2015;C2011;9;3;14;08;1;40000;40000 - Agenti abiotici;15;2;
2015;C2011;10;1;14;08;1;40000;40000 - Agenti abiotici;20;2;
2015;C2011;11;1;22;14;2;99900;99900 - Fattori investigati ma non identificati;5;2;
2015;C2011;11;2;14;08;1;40000;40000 - Agenti abiotici;15;2;
2015;C2011;12;1;22;14;2;99900;99900 - Fattori investigati ma non identificati;10;2;
2015;C2011;12;2;21;14;1;99900;99900 - Fattori investigati ma non identificati;5;2;
2015;C2011;12;3;14;08;1;40000;40000 - Agenti abiotici;25;2;
2015;C2011;13;1;21;14;1;99900;99900 - Fattori investigati ma non identificati;15;2;
2015;C2011;13;2;22;14;2;99900;99900 - Fattori investigati ma non identificati;10;2;
2015;C2011;13;3;14;01;1;99900;99900 - Fattori investigati ma non identificati;5;2;
2015;C2011;15;1;21;14;1;99900;99900 - Fattori investigati ma non identificati;10;2;
2015;C2011;16;1;21;14;1;99900;99900 - Fattori investigati ma non identificati;10;2;
2015;C2011;15;2;14;08;1;40000;40000 - Agenti abiotici;15;2;
2015;C2011;17;1;14;01;1;99900;99900 - Fattori investigati ma non identificati;5;2;
2015;C2011;17;2;22;14;2;99900;99900 - Fattori investigati ma non identificati;5;2;
2015;C2011;18;1;21;01;1;99900;99900 - Fattori investigati ma non identificati;15;2;
2015;C2011;19;1;14;01;1;99900;99900 - Fattori investigati ma non identificati;10;2;
2015;C2011;19;2;22;14;1;99900;99900 - Fattori investigati ma non identificati;5;2;
2015;C2011;20;1;21;14;1;99900;99900 - Fattori investigati ma non identificati;15;2;
2015;C2011;20;2;14;01;1;99900;99900 - Fattori investigati ma non identificati;10;2;
2015;C2011;20;3;14;08;1;99900;99900 - Fattori investigati ma non identificati;20;2;
2015;C2011;26;1;14;08;1;40000;40000 - Agenti abiotici;25;2;
2015;C2011;27;1;14;01;1;26000;- Non identificato -;5;2;
2015;C2011;27;2;21;14;1;99900;99900 - Fattori investigati ma non identificati;5;2;
2015;C2011;29;1;14;01;1;99900;99900 - Fattori investigati ma non identificati;5;2;
2015;C2011;29;2;14;08;1;40000;40000 - Agenti abiotici;15;2;
2015;C2011;30;1;21;14;1;99900;99900 - Fattori investigati ma non identificati;15;2;
2015;C2011;30;2;14;08;1;40000;40000 - Agenti abiotici;25;2;
2015;C2011;32;1;14;01;1;99900;99900 - Fattori investigati ma non identificati;5;2;
2015;C2011;32;2;14;08;1;40000;40000 - Agenti abiotici;15;2;
2015;C2011;33;1;21;14;1;99900;99900 - Fattori investigati ma non identificati;10;2;
2015;C2011;33;2;14;01;1;99900;99900 - Fattori investigati ma non identificati;5;2;
2015;C2011;33;3;14;08;1;40000;40000 - Agenti abiotici;15;2;
2015;C2011;34;1;11;01;1;99900;99900 - Fattori investigati ma non identificati;20;2;
2015;C2011;35;1;21;01;1;99900;99900 - Fattori investigati ma non identificati;10;2;
2015;C2011;35;2;14;01;1;99900;99900 - Fattori investigati ma non identificati;10;2;
2015;C2011;36;1;21;14;1;99900;99900 - Fattori investigati ma non identificati;20;2;
2015;C2011;36;2;14;01;1;99900;99900 - Fattori investigati ma non identificati;10;2;
2015;C2011;36;3;14;08;1;40000;40000 - Agenti abiotici;25;2;
2015;C2011;37;1;21;14;1;99900;99900 - Fattori investigati ma non identificati;10;2;
2015;C2011;37;2;14;01;1;99900;99900 - Fattori investigati ma non identificati;5;2;
2015;C2011;37;3;14;08;1;40000;40000 - Agenti abiotici;15;2;
2015;C2011;38;1;21;14;1;99900;99900 - Fattori investigati ma non identificati;20;2;
2015;C2011;38;2;14;01;1;99900;99900 - Fattori investigati ma non identificati;10;2;
2015;C2011;38;3;14;08;1;40000;40000 - Agenti abiotici;15;2;
2015;C2011;39;1;21;14;1;99900;99900 - Fattori investigati ma non identificati;15;2;
2015;C2011;39;2;14;08;1;40000;40000 - Agenti abiotici;15;2;
2015;C0148;88;1;00;;;;;;;
2015;C0148;13;1;00;;;;;;;
2015;C0148;89;1;00;;;;;;;
2015;C0148;90;1;00;;;;;;;
2015;C0148;91;1;00;;;;;;;
2015;C0148;92;1;00;;;;;;;
2015;C0148;93;1;00;;;;;;;
2015;C0148;94;1;00;;;;;;;
2015;C0148;95;1;00;;;;;;;
2015;C0148;96;1;00;;;;;;;
2015;C0148;97;1;00;;;;;;;
2015;C0148;98;1;00;;;;;;;
2015;C0148;99;1;00;;;;;;;
2015;C0148;73;1;00;;;;;;;
2015;C0148;66;1;00;;;;;;;
2015;C0148;67;1;00;;;;;;;
2015;C0148;65;1;00;;;;;;;
2015;C0148;80;1;00;;;;;;;
2015;C0148;14;1;00;;;;;;;
2015;C0148;37;1;00;;;;;;;
2015;C0148;38;1;00;;;;;;;
2015;C0148;49;1;00;;;;;;;
2015;C0148;50;1;00;;;;;;;
2015;C0148;51;1;00;;;;;;;
2015;C0148;53;1;00;;;;;;;
2015;C0148;54;1;00;;;;;;;
2015;C0148;55;1;00;;;;;;;
2015;C0148;57;1;00;;;;;;;
2015;C0148;58;1;00;;;;;;;
2015;C0148;60;1;00;;;;;;;
2015;C0148;61;1;00;;;;;;;
2015;C0148;63;1;00;;;;;;;
2015;C0148;64;1;00;;;;;;;
2015;C0148;68;1;00;;;;;;;
2015;C0148;69;1;00;;;;;;;
2015;C0148;70;1;00;;;;;;;
2015;C0148;71;1;00;;;;;;;
2015;C0148;74;1;00;;;;;;;
2015;C0148;75;1;00;;;;;;;
2015;C0148;76;1;00;;;;;;;
2015;C0148;77;1;00;;;;;;;
2015;C0148;78;1;00;;;;;;;
2015;C0148;81;1;00;;;;;;;
2015;C0148;82;1;00;;;;;;;
2015;C0148;84;1;00;;;;;;;
2015;C0148;85;1;00;;;;;;;
2015;C0148;86;1;00;;;;;;;
2015;C0148;87;1;00;;;;;;;
2015;C0149;1;1;34;17;2;42700;42700 - Fulmine;70;2;
2015;C0149;19;1;00;;;;;;;
2015;C0149;23;1;00;;;;;;;
2015;C0149;24;1;00;;;;;;;
2015;C0149;25;1;00;;;;;;;
2015;C0149;26;1;00;;;;;;;
2015;C0149;27;1;00;;;;;;;
2015;C0149;29;1;00;;;;;;;
2015;C0149;30;1;00;;;;;;;
2015;C0149;32;1;00;;;;;;;
2015;C0149;34;1;00;;;;;;;
2015;C0149;36;1;00;;;;;;;
2015;C0149;45;1;00;;;;;;;
2015;C0149;46;1;00;;;;;;;
2015;C0149;47;1;33;17;2;60000;60000 - Fuoco;20;2;
2015;C0149;48;1;33;17;2;60000;60000 - Fuoco;30;2;
2015;C0149;49;1;34;17;2;60000;60000 - Fuoco;45;2;
2015;C0149;50;1;00;;;;;;;
2015;C0149;51;1;14;01;1;21000;- Non identificato -;40;2;
2015;C0149;52;1;00;;;;;;;
2015;C0149;53;1;00;;;;;;;
2015;C0149;54;1;00;;;;;;;
2015;C0149;55;1;00;;;;;;;
2015;C0149;20;1;00;;;;;;;
2015;C0149;21;1;00;;;;;;;
2015;C0149;28;1;00;;;;;;;
2015;C0149;31;1;00;;;;;;;
2015;C0149;43;1;00;;;;;;;
2015;C0149;44;1;00;;;;;;;
2015;C0343;15;1;14;01;2;85000;85000 - Competizione;15;2;
2015;C0343;17;1;23;20;2;85000;85000 - Competizione;40;2;
2015;C0343;17;2;14;10;2;27000;- Non identificato -;;;
2015;C0343;18;1;32;17;2;42400;42400 - Gelo/gelate;20;2;
2015;C0343;18;2;33;16;2;30400;- Non identificato -;30;2;
2015;C0343;19;1;23;14;2;85001;85001 - Mancanza di luce;30;2;
2015;C0343;21;1;23;13;2;85001;85001 - Mancanza di luce;40;2;
2015;C0343;22;1;14;08;1;42600;42600 - Calore/colpo di calore;20;2;
2015;C0343;24;1;23;14;2;85001;85001 - Mancanza di luce;20;2;
2015;C0343;24;2;14;08;2;27000;- Non identificato -;40;2;
2015;C0343;25;1;14;08;1;21000;- Non identificato -;5;2;
2015;C0343;25;2;32;17;2;99900;99900 - Fattori investigati ma non identificati;10;2;
2015;C0343;26;1;32;17;2;42400;42400 - Gelo/gelate;15;2;
2015;C0343;26;2;14;08;1;27000;- Non identificato -;10;2;
2015;C0343;27;1;14;01;1;21000;- Non identificato -;10;2;
2015;C0343;27;2;23;14;2;85001;85001 - Mancanza di luce;35;2;
2015;C0343;27;3;14;08;1;27000;- Non identificato -;20;2;
2015;C0343;28;1;14;08;1;27000;- Non identificato -;10;2;
2015;C0343;28;2;25;20;2;30900;Cryphonectria parasitica = Endothia parasitica;20;2;
2015;C0343;29;1;14;08;1;27000;- Non identificato -;15;2;
2015;C0343;29;2;32;20;2;30900;Cryphonectria parasitica = Endothia parasitica;15;2;
2015;C0343;30;1;14;08;1;27000;- Non identificato -;30;2;
2015;C0343;30;2;26;01;1;42600;42600 - Calore/colpo di calore;25;2;
2015;C0343;31;1;24;13;1;43100;43100 - Vento/uragano;15;2;
2015;C0343;31;2;14;08;1;27000;- Non identificato -;20;2;
2015;C0343;33;1;14;08;1;27000;- Non identificato -;30;2;
2015;C0343;36;1;14;08;1;27000;- Non identificato -;25;2;
2015;C0343;36;2;23;14;2;85001;85001 - Mancanza di luce;20;2;
2015;C0343;35;1;24;14;2;85001;85001 - Mancanza di luce;20;2;
2015;C0370;3;1;32;13;2;43000;43000 - Neve;;1;
2015;C0370;7;1;00;;;;;;;
2015;C0370;12;1;14;10;1;21000;Rhynchaenus fagi;;;
2015;C0370;13;1;00;;;;;;;
2015;C0370;14;1;31;13;2;43000;43000 - Neve;20;2;
2015;C0370;15;1;00;;;;;;;
2015;C0370;18;1;00;;;;;;;
2015;C0370;19;1;14;10;1;21000;Rhynchaenus fagi;;;
2015;C0370;21;1;00;;;;;;;
2015;C0370;22;1;00;;;;;;;
2015;C0370;23;1;00;;;;;;;
2015;C0370;24;1;00;;;;;;;
2015;C0370;25;1;00;;;;;;;
2015;C0370;26;1;00;;;;;;;
2015;C0370;29;1;32;17;2;99900;99900 - Fattori investigati ma non identificati;20;2;
2015;C0370;30;1;00;;;;;;;
2015;C0370;31;1;00;;;;;;;
2015;C0370;32;1;00;;;;;;;
2015;C0370;34;1;00;;;;;;;
2015;C0370;35;1;00;;;;;;;
2015;C0370;36;1;00;;;;;;;
2015;C0370;37;1;00;;;;;;;
2015;C0370;38;1;00;;;;;;;
2015;C0370;40;1;00;;;;;;;
2015;C0370;43;1;00;;;;;;;
2015;C0370;44;1;00;;;;;;;
2015;C0370;45;1;33;17;2;42400;42400 - Gelo/gelate;20;2;
2015;C0370;47;1;00;;;;;;;
2015;C0370;48;1;00;;;;;;;
2015;C0370;50;1;00;;;;;;;
2015;C0370;51;1;00;;;;;;;
2015;C0370;52;1;00;;;;;;;
2015;C0370;53;1;00;;;;;;;
2015;C0370;55;1;00;;;;;;;
2015;C0370;57;1;00;;;;;;;
2015;C0370;58;1;00;;;;;;;
2015;C0370;60;1;00;;;;;;;
2015;C0370;62;1;00;;;;;;;
2015;C0370;63;1;00;;;;;;;
2015;C0370;65;1;04;;1;99900;99900 - Fattori investigati ma non identificati;;;
2015;C0370;64;1;00;;;;;;;
2015;C0047;2;1;00;;;;;;;
2015;C0047;3;1;11;01;1;99900;99900 - Fattori investigati ma non identificati;5;2;
2015;C0047;5;1;00;;;;;;;
2015;C0047;8;1;00;;;;;;;
2015;C0047;12;1;00;;;;;;;
2015;C0047;13;1;00;;;;;;;
2015;C0047;14;1;00;;;;;;;
2015;C0047;35;1;11;01;1;99900;99900 - Fattori investigati ma non identificati;5;2;
2015;C0047;36;1;12;02;1;99900;99900 - Fattori investigati ma non identificati;20;2;
2015;C0047;37;1;12;03;1;99900;99900 - Fattori investigati ma non identificati;5;2;
2015;C0048;1;1;22;14;1;99900;99900 - Fattori investigati ma non identificati;10;2;
2015;C0048;4;1;12;02;1;99900;99900 - Fattori investigati ma non identificati;5;2;
2015;C0048;5;1;00;;;;;;;
2015;C0048;6;1;13;01;1;99900;99900 - Fattori investigati ma non identificati;10;2;
2015;C0048;6;2;12;02;1;99900;99900 - Fattori investigati ma non identificati;5;2;
2015;C0048;8;1;22;14;1;99900;99900 - Fattori investigati ma non identificati;5;2;
2015;C0048;10;1;00;;;;;;;
2015;C0048;11;1;13;01;3;99900;99900 - Fattori investigati ma non identificati;10;2;
2015;C0048;11;2;11;02;1;99900;99900 - Fattori investigati ma non identificati;5;2;
2015;C0048;12;1;00;;;;;;;
2015;C0048;13;1;13;01;3;99900;99900 - Fattori investigati ma non identificati;40;2;
2015;C0048;13;2;22;14;3;99900;99900 - Fattori investigati ma non identificati;5;2;
2015;C0048;16;1;22;14;1;99900;99900 - Fattori investigati ma non identificati;35;2;
2015;C0048;17;1;13;01;3;99900;99900 - Fattori investigati ma non identificati;20;2;
2015;C0048;17;2;22;14;3;99900;99900 - Fattori investigati ma non identificati;5;2;
2015;C0048;18;1;22;14;3;99900;99900 - Fattori investigati ma non identificati;10;2;
2015;C0048;18;2;13;01;3;99900;99900 - Fattori investigati ma non identificati;10;2;
2015;C0048;21;1;00;;;;;;;
2015;C0048;23;1;22;14;3;99900;99900 - Fattori investigati ma non identificati;5;2;
2015;C0048;24;1;22;14;3;99900;99900 - Fattori investigati ma non identificati;50;2;
2015;C0048;24;2;13;01;3;99900;99900 - Fattori investigati ma non identificati;25;2;
2015;C0048;25;1;13;01;3;99900;99900 - Fattori investigati ma non identificati;10;2;
2015;C0048;26;1;22;14;3;99900;99900 - Fattori investigati ma non identificati;10;2;
2015;C0048;27;1;22;14;3;99900;99900 - Fattori investigati ma non identificati;5;2;
2015;C0048;28;1;22;14;3;99900;99900 - Fattori investigati ma non identificati;15;2;
2015;C0048;28;2;32;08;2;30900;- Non identificato -;;1;
2015;C0048;28;3;32;18;1;30900;- Non identificato -;;1;
2015;C0048;29;1;22;14;1;99900;99900 - Fattori investigati ma non identificati;5;2;
2015;C0048;29;2;11;01;1;99900;99900 - Fattori investigati ma non identificati;5;2;
2015;C0048;31;1;00;;;;;;;
2015;C0048;37;1;12;01;3;99900;99900 - Fattori investigati ma non identificati;10;2;
2015;C0048;37;2;21;10;3;27000;Sacchipantes viridis;;;
2015;C0048;38;1;12;01;3;99900;99900 - Fattori investigati ma non identificati;15;2;
2015;C0048;38;2;22;14;3;99900;99900 - Fattori investigati ma non identificati;25;2;
2015;C0048;41;1;13;01;1;99900;99900 - Fattori investigati ma non identificati;15;2;
2015;C0048;41;2;22;14;1;99900;99900 - Fattori investigati ma non identificati;15;2;
2015;C0048;42;1;22;14;3;99900;99900 - Fattori investigati ma non identificati;20;2;
2015;C0048;42;2;12;01;1;99900;99900 - Fattori investigati ma non identificati;5;2;
2015;C0048;43;1;25;14;3;99900;99900 - Fattori investigati ma non identificati;60;2;
2015;C0048;44;1;21;10;2;27000;Sacchipantes viridis;;;
2015;C0095;64;1;14;01;1;21000;- Non identificato -;10;2;
2015;C0095;64;2;14;02;1;99900;99900 - Fattori investigati ma non identificati;5;2;
2015;C0095;65;1;14;01;1;99900;99900 - Fattori investigati ma non identificati;15;2;
2015;C0095;65;2;14;03;1;99900;99900 - Fattori investigati ma non identificati;5;2;
2015;C0095;66;1;14;01;1;21000;- Non identificato -;15;2;
2015;C0095;66;2;14;03;1;99900;99900 - Fattori investigati ma non identificati;10;2;
2015;C0095;66;3;14;08;1;99900;99900 - Fattori investigati ma non identificati;10;2;
2015;C0095;67;1;00;;;;;;;
2015;C0095;68;1;00;;;;;;;
2015;C0095;69;1;14;01;1;21000;- Non identificato -;20;2;
2015;C0095;69;2;14;02;1;99900;99900 - Fattori investigati ma non identificati;5;2;
2015;C0095;69;3;22;14;3;99900;99900 - Fattori investigati ma non identificati;5;2;
2015;C0095;70;1;14;01;1;99900;99900 - Fattori investigati ma non identificati;25;2;
2015;C0095;71;1;12;01;1;99900;99900 - Fattori investigati ma non identificati;5;2;
2015;C0095;72;1;14;01;1;21000;- Non identificato -;5;2;
2015;C0095;73;1;00;;;;;;;
2015;C0095;74;1;14;01;1;21000;- Non identificato -;5;2;
2015;C0095;75;1;14;01;1;21000;- Non identificato -;5;2;
2015;C0095;76;1;00;;;;;;;
2015;C0095;77;1;00;;;;;;;
2015;C0095;79;1;14;01;1;21000;- Non identificato -;30;2;
2015;C0095;80;1;14;02;1;99900;99900 - Fattori investigati ma non identificati;5;2;
2015;C0095;80;2;14;01;1;21000;- Non identificato -;15;2;
2015;C0095;81;1;14;01;1;21000;- Non identificato -;20;2;
2015;C0095;81;3;14;08;1;99900;99900 - Fattori investigati ma non identificati;5;2;
2015;C0095;81;4;14;03;1;99900;99900 - Fattori investigati ma non identificati;5;2;
2015;C0095;82;1;14;01;1;21000;- Non identificato -;40;2;
2015;C0095;83;1;14;01;1;21000;- Non identificato -;15;2;
2015;C0095;84;1;00;;;;;;;
2015;C0095;85;1;14;01;1;21000;- Non identificato -;10;2;
2015;C0095;85;2;14;02;1;99900;99900 - Fattori investigati ma non identificati;5;2;
2015;C0095;86;1;00;;;;;;;
2015;C0095;87;1;14;01;1;21000;- Non identificato -;10;2;
2015;C0095;87;2;14;03;1;26000;- Non identificato -;5;2;
2015;C0095;88;1;14;01;1;21000;- Non identificato -;10;2;
2015;C0095;88;2;14;02;1;99900;99900 - Fattori investigati ma non identificati;5;2;
2015;C0095;89;1;14;01;1;21000;- Non identificato -;25;2;
2015;C0095;90;1;14;01;1;21000;- Non identificato -;20;2;
2015;C0095;90;2;14;02;1;99900;99900 - Fattori investigati ma non identificati;5;2;
2015;C0095;91;1;00;;;;;;;
2015;C0095;92;1;14;01;1;21000;- Non identificato -;35;2;
2015;C2033;1;1;23;14;1;22000;Coroebus florentinus;5;2;
2015;C2033;6;1;23;14;2;22000;Coroebus florentinus;20;2;
2015;C2033;14;1;23;14;1;22000;Coroebus florentinus;10;2;
2015;C2033;15;1;23;14;1;22000;Coroebus florentinus;5;2;
2015;C2033;18;1;26;14;3;22000;Coroebus florentinus;10;2;
2015;C2033;23;1;23;14;1;22000;Coroebus florentinus;5;2;
2015;C2033;24;1;00;;;;;;;
2015;C2033;25;1;00;;;;;;;
2015;C2033;33;1;22;14;2;99900;99900 - Fattori investigati ma non identificati;25;2;
2015;C2033;57;1;00;;;;;;;
2015;C2033;58;1;26;14;2;99900;99900 - Fattori investigati ma non identificati;10;2;
2015;C0596;1;1;14;01;1;21000;- Non identificato -;20;2;
2015;C0596;1;2;14;03;1;99900;99900 - Fattori investigati ma non identificati;10;2;
2015;C0596;1;3;25;14;3;99900;99900 - Fattori investigati ma non identificati;15;2;
2015;C0596;2;1;14;01;1;21000;- Non identificato -;5;2;
2015;C0596;2;2;23;14;1;99900;99900 - Fattori investigati ma non identificati;10;2;
2015;C0596;10;1;00;;;;;;;
2015;C0596;11;1;14;01;1;21000;- Non identificato -;5;2;
2015;C0596;11;2;22;14;2;99900;99900 - Fattori investigati ma non identificati;10;2;
2015;C0596;11;3;22;10;1;99900;99900 - Fattori investigati ma non identificati;;;
2015;C0596;12;1;22;10;1;99900;99900 - Fattori investigati ma non identificati;;;
2015;C0596;14;1;00;;;;;;;
2015;C0596;19;1;22;14;1;99900;99900 - Fattori investigati ma non identificati;5;2;
2015;C0596;20;1;14;10;1;99900;99900 - Fattori investigati ma non identificati;;;
2015;C0596;21;1;33;20;2;99900;99900 - Fattori investigati ma non identificati;5;2;
2015;C0596;21;2;23;14;1;99900;99900 - Fattori investigati ma non identificati;5;2;
2015;C0596;22;1;00;;;;;;;
2015;C0596;24;1;26;14;1;99900;99900 - Fattori investigati ma non identificati;20;2;
2015;C0596;24;2;25;14;2;99900;99900 - Fattori investigati ma non identificati;10;2;
2015;C0596;24;3;14;03;1;99900;99900 - Fattori investigati ma non identificati;15;2;
2015;C0596;25;1;33;20;2;99900;99900 - Fattori investigati ma non identificati;5;2;
2015;C0596;25;2;32;20;1;99900;99900 - Fattori investigati ma non identificati;10;2;
2015;C0596;25;3;14;03;1;99900;99900 - Fattori investigati ma non identificati;5;2;
2015;C0596;25;4;22;14;1;99900;99900 - Fattori investigati ma non identificati;10;2;
2015;C0596;28;1;14;03;1;99900;99900 - Fattori investigati ma non identificati;5;2;
2015;C0548;1;1;26;14;2;99900;99900 - Fattori investigati ma non identificati;80;2;
2015;C0548;1;2;23;14;2;99900;99900 - Fattori investigati ma non identificati;10;2;
2015;C0548;2;1;14;01;1;21000;- Non identificato -;5;2;
2015;C0548;2;2;33;20;1;99900;99900 - Fattori investigati ma non identificati;10;2;
2015;C0548;3;1;14;03;1;99900;99900 - Fattori investigati ma non identificati;40;2;
2015;C0548;3;2;23;14;2;99900;99900 - Fattori investigati ma non identificati;10;2;
2015;C0548;3;3;25;10;1;21000;Thaumetopoea processionea;;;
2015;C0548;4;1;14;03;1;99900;99900 - Fattori investigati ma non identificati;5;2;
2015;C0548;5;1;14;01;1;21000;- Non identificato -;5;2;
2015;C0548;6;1;33;20;1;99900;99900 - Fattori investigati ma non identificati;50;2;
2015;C0548;8;1;14;01;1;21000;- Non identificato -;5;2;
2015;C0548;9;1;14;03;1;99900;99900 - Fattori investigati ma non identificati;10;2;
2015;C0548;9;2;22;14;1;99900;99900 - Fattori investigati ma non identificati;5;2;
2015;C0548;10;1;14;01;1;21000;- Non identificato -;5;2;
2015;C0548;11;1;23;14;1;99900;99900 - Fattori investigati ma non identificati;30;2;
2015;C0548;11;2;14;03;1;99900;99900 - Fattori investigati ma non identificati;50;2;
2015;C0548;12;1;14;08;1;99900;99900 - Fattori investigati ma non identificati;10;2;imbarcamento
2015;C0548;12;2;22;14;1;99900;99900 - Fattori investigati ma non identificati;5;2;
2015;C0548;13;1;14;01;1;21000;- Non identificato -;5;2;
2015;C0548;13;2;25;10;1;21000;Thaumetopoea processionea;;;
2015;C0548;15;1;22;14;1;99900;99900 - Fattori investigati ma non identificati;10;2;
2015;C0548;16;1;14;08;1;99900;99900 - Fattori investigati ma non identificati;15;2;imbarcamento
2015;C0548;16;2;23;14;1;99900;99900 - Fattori investigati ma non identificati;5;2;
2015;C0548;16;3;33;20;1;99900;99900 - Fattori investigati ma non identificati;10;2;
2015;C0548;17;1;26;14;1;99900;99900 - Fattori investigati ma non identificati;15;2;
2015;C0548;17;2;14;03;1;99900;99900 - Fattori investigati ma non identificati;10;2;
2015;C0548;17;3;33;20;1;99900;99900 - Fattori investigati ma non identificati;10;2;
2015;C0548;18;1;14;03;1;99900;99900 - Fattori investigati ma non identificati;5;2;
2015;C0548;20;1;14;03;1;99900;99900 - Fattori investigati ma non identificati;5;2;
2015;C0548;21;1;22;14;1;99900;99900 - Fattori investigati ma non identificati;5;2;
2015;C0548;21;2;14;08;1;99900;99900 - Fattori investigati ma non identificati;5;2;imbarcamento
2015;C0548;21;3;32;12;2;81003;81003 - Hedera helix;;;
2015;C0548;22;1;22;14;1;99900;99900 - Fattori investigati ma non identificati;5;2;
2015;C0548;23;1;14;01;1;21000;- Non identificato -;5;2;
2015;C0548;24;1;22;14;1;99900;99900 - Fattori investigati ma non identificati;5;2;
2015;C0548;24;2;33;20;1;99900;99900 - Fattori investigati ma non identificati;5;2;
2015;C0548;25;1;14;03;1;99900;99900 - Fattori investigati ma non identificati;5;2;
2015;C2034;1;1;22;14;1;99900;99900 - Fattori investigati ma non identificati;5;2;
2015;C2034;1;2;32;12;2;81003;81003 - Hedera helix;;;
2015;C2034;2;1;14;01;1;21000;- Non identificato -;5;2;
2015;C2034;2;2;32;12;1;81003;81003 - Hedera helix;;;
2015;C2034;5;1;33;12;1;81003;81003 - Hedera helix;;;
2015;C2034;6;1;32;12;2;81003;81003 - Hedera helix;;;
2015;C2034;7;1;22;14;1;99900;99900 - Fattori investigati ma non identificati;20;2;
2015;C2034;7;2;32;12;2;81003;81003 - Hedera helix;;;
2015;C2034;8;1;14;01;1;21000;- Non identificato -;5;2;
2015;C2034;8;2;23;14;1;99900;99900 - Fattori investigati ma non identificati;10;2;
2015;C2034;8;3;32;12;2;81003;81003 - Hedera helix;;;
2015;C2034;9;1;33;12;2;81003;81003 - Hedera helix;;;
2015;C2034;10;1;33;12;1;81003;81003 - Hedera helix;;;
2015;C2034;12;1;14;01;1;21000;- Non identificato -;5;2;
2015;C2034;12;2;32;12;2;81003;81003 - Hedera helix;;;
2015;C2034;16;1;14;03;1;99900;99900 - Fattori investigati ma non identificati;;1;
2015;C2034;16;2;14;01;1;21000;- Non identificato -;10;2;
2015;C2034;16;3;33;12;2;81003;81003 - Hedera helix;;;
2015;C2034;18;1;14;01;1;21000;- Non identificato -;5;2;
2015;C2034;18;2;32;12;2;81003;81003 - Hedera helix;;;
2015;C2034;20;1;22;14;1;99900;99900 - Fattori investigati ma non identificati;5;2;
2015;C2034;20;2;33;12;1;81003;81003 - Hedera helix;;;
2015;C2034;21;1;14;08;1;99900;99900 - Fattori investigati ma non identificati;10;2;
2015;C2034;21;2;22;14;1;99900;99900 - Fattori investigati ma non identificati;5;2;
2015;C2034;21;3;32;12;2;81003;81003 - Hedera helix;;;
2015;C2034;21;4;14;01;1;21000;- Non identificato -;5;2;
2015;C2034;25;1;22;14;1;99900;99900 - Fattori investigati ma non identificati;5;2;
2015;C2034;25;2;31;12;2;81003;81003 - Hedera helix;;;
2015;C2034;26;1;23;14;1;99900;99900 - Fattori investigati ma non identificati;10;2;
2015;C2034;26;2;32;12;1;81003;81003 - Hedera helix;;;
2015;C2034;27;1;32;12;1;81003;81003 - Hedera helix;;;
2015;C2034;28;1;22;14;1;99900;99900 - Fattori investigati ma non identificati;5;2;
2015;C2034;31;1;32;12;1;81003;81003 - Hedera helix;;;
2015;C2034;32;1;32;12;1;81003;81003 - Hedera helix;;;
2015;C2034;34;1;33;12;1;81003;81003 - Hedera helix;;;
2015;C2034;35;1;33;12;1;81003;81003 - Hedera helix;;;
2015;C2034;36;1;33;12;1;81003;81003 - Hedera helix;;;
2015;C2034;37;1;14;01;1;21000;- Non identificato -;5;2;
2015;C2034;37;2;33;12;1;81003;81003 - Hedera helix;;;
2015;C2034;38;1;22;14;1;99900;99900 - Fattori investigati ma non identificati;5;2;
2015;C2034;38;2;32;12;2;81003;81003 - Hedera helix;;;
2015;C0564;1;1;23;14;3;99900;99900 - Fattori investigati ma non identificati;20;2;
2015;C0564;1;2;14;01;1;21000;- Non identificato -;5;2;
2015;C0564;1;3;32;12;2;81003;81003 - Hedera helix;;;
2015;C0564;2;1;14;03;1;99900;99900 - Fattori investigati ma non identificati;30;2;
2015;C0564;2;2;14;01;1;21000;- Non identificato -;5;2;
2015;C0564;2;3;22;14;1;99900;99900 - Fattori investigati ma non identificati;10;2;
2015;C0564;3;1;14;03;1;99900;99900 - Fattori investigati ma non identificati;5;2;
2015;C0564;3;2;25;14;1;99900;99900 - Fattori investigati ma non identificati;15;2;
2015;C0564;3;3;32;12;2;81003;81003 - Hedera helix;;;
2015;C0564;8;1;14;03;1;99900;99900 - Fattori investigati ma non identificati;5;2;
2015;C0564;8;2;14;01;1;21000;- Non identificato -;5;2;
2015;C0564;8;3;25;14;1;99900;99900 - Fattori investigati ma non identificati;10;2;
2015;C0564;9;1;32;12;1;81003;81003 - Hedera helix;;;
2015;C0564;9;2;22;14;1;99900;99900 - Fattori investigati ma non identificati;10;2;
2015;C0564;9;3;14;01;1;21000;- Non identificato -;5;2;
2015;C0564;10;1;32;12;2;81003;81003 - Hedera helix;;;
2015;C0564;11;1;32;12;1;81003;81003 - Hedera helix;;;
2015;C0564;11;2;22;14;1;99900;99900 - Fattori investigati ma non identificati;5;2;
2015;C0564;12;1;14;03;1;99900;99900 - Fattori investigati ma non identificati;20;2;
2015;C0564;12;2;25;14;1;99900;99900 - Fattori investigati ma non identificati;20;2;
2015;C0564;12;3;32;12;2;81003;81003 - Hedera helix;;;
2015;C0564;45;1;32;12;2;81003;81003 - Hedera helix;;;
2015;C0564;45;2;22;14;1;99900;99900 - Fattori investigati ma non identificati;5;2;
2015;C0564;46;1;14;01;1;21000;- Non identificato -;5;2;
2015;C0564;46;2;32;12;2;81003;81003 - Hedera helix;;;
2015;C0580;1;1;14;01;1;21000;- Non identificato -;5;2;
2015;C0580;1;2;32;12;2;81003;81003 - Hedera helix;;;
2015;C0580;2;1;14;03;1;99900;99900 - Fattori investigati ma non identificati;5;2;
2015;C0580;2;2;32;12;2;81003;81003 - Hedera helix;;;
2015;C0580;3;1;31;12;2;81003;81003 - Hedera helix;;;
2015;C0580;3;2;14;01;1;21000;- Non identificato -;5;2;
2015;C0580;3;3;14;03;1;99900;99900 - Fattori investigati ma non identificati;5;2;
2015;C0580;4;1;14;01;1;21000;- Non identificato -;10;2;
2015;C0580;4;2;14;03;1;99900;99900 - Fattori investigati ma non identificati;5;2;
2015;C0580;4;3;23;14;1;99900;99900 - Fattori investigati ma non identificati;5;2;
2015;C0580;4;4;25;10;1;27000;Cynips caput-medusae;;;
2015;C0580;4;5;31;12;2;81003;81003 - Hedera helix;;;
2015;C0580;18;1;25;14;3;99900;99900 - Fattori investigati ma non identificati;30;2;
2015;C0580;18;2;14;03;1;99900;99900 - Fattori investigati ma non identificati;5;2;
2015;C0580;18;3;32;12;2;81003;81003 - Hedera helix;;;
2015;C0580;19;1;23;14;1;99900;99900 - Fattori investigati ma non identificati;10;2;
2015;C0580;19;2;14;01;1;21000;- Non identificato -;10;2;
2015;C0580;19;3;14;03;1;99900;99900 - Fattori investigati ma non identificati;10;2;
2015;C0580;19;4;22;10;1;27000;Cynips caput-medusae;;;
2015;C0580;19;5;32;12;2;81003;81003 - Hedera helix;;;
2015;C0580;21;1;33;12;2;81003;81003 - Hedera helix;;;
2015;C0580;21;2;14;01;1;21000;- Non identificato -;10;2;
2015;C0580;21;3;23;14;1;99900;99900 - Fattori investigati ma non identificati;10;2;
2015;C0580;24;1;14;01;1;21000;- Non identificato -;5;2;
2015;C0580;24;2;14;03;1;99900;99900 - Fattori investigati ma non identificati;5;2;
2015;C0580;24;3;22;10;1;99900;99900 - Fattori investigati ma non identificati;;;
2015;C0580;25;1;31;12;2;81003;81003 - Hedera helix;;;
2015;C0580;25;2;22;14;1;99900;99900 - Fattori investigati ma non identificati;5;2;
2015;C0580;25;3;14;01;1;21000;- Non identificato -;10;2;
2015;C0580;25;4;14;03;1;99900;99900 - Fattori investigati ma non identificati;5;2;
2015;C0580;31;1;14;01;1;21000;- Non identificato -;5;2;
2015;C0580;32;1;21;14;1;99900;99900 - Fattori investigati ma non identificati;5;2;
2015;C0580;32;2;22;10;1;27000;Cynips caput-medusae;;;
2015;C0580;32;3;14;01;1;21000;- Non identificato -;5;2;
2015;C0580;32;4;33;12;2;81003;81003 - Hedera helix;;;
2015;C0580;33;1;22;14;1;99900;99900 - Fattori investigati ma non identificati;5;2;
2015;C0580;33;2;32;12;2;81003;81003 - Hedera helix;;;
2015;C0580;33;3;22;10;1;27000;Cynips caput-medusae;;;
2015;C0580;34;1;22;14;1;99900;99900 - Fattori investigati ma non identificati;5;2;
2015;C0580;34;2;14;01;1;21000;- Non identificato -;5;2;
2015;C0580;34;3;14;03;1;99900;99900 - Fattori investigati ma non identificati;5;2;
2015;C0580;34;4;31;12;2;81003;81003 - Hedera helix;;;
2015;C0580;35;1;14;03;1;99900;99900 - Fattori investigati ma non identificati;10;2;
2015;C0580;36;1;22;10;1;27000;Cynips caput-medusae;;;
2015;C0580;36;2;14;03;1;99900;99900 - Fattori investigati ma non identificati;5;2;
2015;C0580;37;1;33;12;1;81003;81003 - Hedera helix;;;
2015;C0580;38;1;14;03;1;99900;99900 - Fattori investigati ma non identificati;5;2;
2015;C0580;38;2;25;10;1;99900;99900 - Fattori investigati ma non identificati;;;
2015;C0580;38;3;33;12;1;81003;81003 - Hedera helix;;;
2015;C0580;39;1;00;;;;;;;
2015;C0580;40;1;00;;;;;;;
2015;C0600;1;1;00;;;;;;;
2015;C0600;4;1;00;;;;;;;
2015;C0600;6;1;22;14;1;99900;99900 - Fattori investigati ma non identificati;5;2;
2015;C0600;11;1;00;;;;;;;
2015;C0600;13;1;14;08;1;99900;99900 - Fattori investigati ma non identificati;5;2;
2015;C0600;14;1;22;14;2;99900;99900 - Fattori investigati ma non identificati;5;2;
2015;C0600;25;1;22;14;2;99900;99900 - Fattori investigati ma non identificati;5;2;
2015;C0600;25;2;14;02;1;99900;99900 - Fattori investigati ma non identificati;5;2;
2015;C0600;31;1;21;14;1;99900;99900 - Fattori investigati ma non identificati;20;2;
2015;C0600;35;1;00;;;;;;;
2015;C0600;51;1;22;08;1;27000;Cynips caput-medusae;5;2;
2015;C0600;53;1;14;01;1;21000;- Non identificato -;5;2;
2015;C0600;54;1;14;01;1;21000;- Non identificato -;5;2;
2015;C0600;55;1;00;;;;;;;
2015;C0600;56;1;22;14;2;99900;99900 - Fattori investigati ma non identificati;20;2;
2015;C0600;58;1;00;;;;;;;
2015;C0600;59;1;00;;;;;;;
2015;C0600;57;1;00;;;;;;;
2015;C1110;7;2;22;14;2;99900;99900 - Fattori investigati ma non identificati;10;2;
2015;C1110;8;1;22;14;1;99900;99900 - Fattori investigati ma non identificati;5;2;
2015;C1110;8;2;14;10;1;99900;99900 - Fattori investigati ma non identificati;;;
2015;C1110;9;1;22;14;1;99900;99900 - Fattori investigati ma non identificati;5;2;
2015;C1110;9;2;14;10;1;99900;99900 - Fattori investigati ma non identificati;;;
2015;C1110;10;1;22;14;1;99900;99900 - Fattori investigati ma non identificati;5;2;
2015;C1110;10;2;14;10;1;99900;99900 - Fattori investigati ma non identificati;;;
2015;C1110;11;1;22;14;2;99900;99900 - Fattori investigati ma non identificati;5;2;
2015;C1110;11;2;14;10;1;99900;99900 - Fattori investigati ma non identificati;;;
2015;C1110;12;1;22;14;3;99900;99900 - Fattori investigati ma non identificati;5;2;
2015;C1110;12;2;14;10;1;99900;99900 - Fattori investigati ma non identificati;;;
2015;C1110;13;1;14;02;1;99900;99900 - Fattori investigati ma non identificati;5;2;
2015;C1110;13;2;14;10;1;99900;99900 - Fattori investigati ma non identificati;;;
2015;C1110;14;1;22;14;3;99900;99900 - Fattori investigati ma non identificati;5;2;
2015;C1110;14;2;14;10;1;99900;99900 - Fattori investigati ma non identificati;;;
2015;C1110;15;1;22;14;3;99900;99900 - Fattori investigati ma non identificati;5;2;
2015;C1110;15;2;14;10;1;99900;99900 - Fattori investigati ma non identificati;;;
2015;C1110;16;1;22;14;3;99900;99900 - Fattori investigati ma non identificati;5;2;
2015;C1110;16;2;14;10;1;99900;99900 - Fattori investigati ma non identificati;;;
2015;C1110;18;1;22;14;3;99900;99900 - Fattori investigati ma non identificati;10;2;
2015;C1110;18;2;14;10;1;99900;99900 - Fattori investigati ma non identificati;;;
2015;C1110;19;1;14;10;1;99900;99900 - Fattori investigati ma non identificati;;;
2015;C1110;19;2;22;14;3;99900;99900 - Fattori investigati ma non identificati;5;2;
2015;C1110;20;1;22;14;3;99900;99900 - Fattori investigati ma non identificati;10;2;
2015;C1110;20;2;14;10;1;99900;99900 - Fattori investigati ma non identificati;;;
2015;C1110;21;1;22;14;3;99900;99900 - Fattori investigati ma non identificati;5;2;
2015;C1110;21;2;14;10;1;99900;99900 - Fattori investigati ma non identificati;;;
2015;C1110;13;3;22;14;3;99900;99900 - Fattori investigati ma non identificati;5;2;
2015;C1110;10;3;14;02;1;99900;99900 - Fattori investigati ma non identificati;5;2;
2015;C1110;8;3;14;02;1;99900;99900 - Fattori investigati ma non identificati;5;2;
2015;C1110;7;3;14;10;1;99900;99900 - Fattori investigati ma non identificati;;;
2015;C0417;14;4;34;08;3;30900;Cryphonectria parasitica = Endothia parasitica;100;2;
2015;C0417;14;3;22;14;3;27000;- Non identificato -;10;2;dryocosmus
2015;C0417;14;2;14;08;1;42600;42600 - Calore/colpo di calore;30;2;imbarcamento
2015;C0417;14;1;26;14;3;30900;Cryphonectria parasitica = Endothia parasitica;100;2;
2015;C0417;13;1;04;;1;43100;43100 - Vento/uragano;;;
2015;C0417;12;2;22;14;3;99900;99900 - Fattori investigati ma non identificati;5;2;
2015;C0417;12;1;13;03;1;99900;99900 - Fattori investigati ma non identificati;5;2;
2015;C0417;11;3;13;01;1;99900;99900 - Fattori investigati ma non identificati;10;2;
2015;C0417;11;2;22;14;3;99900;99900 - Fattori investigati ma non identificati;5;2;
2015;C0417;11;1;13;03;1;99900;99900 - Fattori investigati ma non identificati;30;2;
2015;C0417;9;6;34;08;3;30900;Cryphonectria parasitica = Endothia parasitica;100;2;
2015;C0417;9;5;22;14;1;27000;- Non identificato -;5;2;
2015;C0417;9;4;22;14;3;99900;99900 - Fattori investigati ma non identificati;10;2;
2015;C0417;9;3;14;03;1;99900;99900 - Fattori investigati ma non identificati;5;2;
2015;C0417;9;2;14;08;1;42600;42600 - Calore/colpo di calore;50;2;imbarcamento
2015;C0417;9;1;26;14;1;30900;Cryphonectria parasitica = Endothia parasitica;100;2;
2015;C0417;8;2;22;14;3;99900;99900 - Fattori investigati ma non identificati;5;2;
2015;C0417;8;1;13;03;1;99900;99900 - Fattori investigati ma non identificati;20;2;
2015;C0417;3;7;33;20;3;30400;- Non identificato -;20;2;
2015;C0417;3;6;34;08;3;30900;Cryphonectria parasitica = Endothia parasitica;100;2;
2015;C0417;3;5;22;14;3;27000;- Non identificato -;10;2;dryocosmus
2015;C0417;3;4;14;08;1;27000;- Non identificato -;10;2;dryocosmus
2015;C0417;3;3;14;08;1;42600;42600 - Calore/colpo di calore;15;2;imbarcamento
2015;C0417;3;2;26;14;3;30900;Cryphonectria parasitica = Endothia parasitica;50;2;
2015;C0417;3;1;26;13;1;43100;43100 - Vento/uragano;40;2;
2015;C0417;2;3;22;14;3;99900;99900 - Fattori investigati ma non identificati;5;2;
2015;C0417;2;2;13;03;1;99900;99900 - Fattori investigati ma non identificati;10;2;
2015;C0417;2;1;26;13;1;43100;43100 - Vento/uragano;100;2;
2015;C0417;1;2;22;14;3;99900;99900 - Fattori investigati ma non identificati;5;2;
2015;C0417;1;1;13;03;1;99900;99900 - Fattori investigati ma non identificati;5;2;
2015;C1164;2;1;25;12;1;60000;60000 - Fuoco;;;
2015;C1164;2;2;14;10;3;99900;99900 - Fattori investigati ma non identificati;;;
2015;C1164;2;3;32;12;1;60000;60000 - Fuoco;;;corteccia dannegiata da incendio di sottochioma  che ha interessato tutta l'area.
2015;C1164;6;1;25;12;1;60000;60000 - Fuoco;;;
2015;C1164;6;2;14;10;3;99900;99900 - Fattori investigati ma non identificati;;;
2015;C1164;6;3;32;12;1;60000;60000 - Fuoco;;;
2015;C1164;8;1;25;12;1;60000;60000 - Fuoco;;;
2015;C1164;8;2;14;10;3;99900;99900 - Fattori investigati ma non identificati;;;
2015;C1164;8;3;32;12;1;60000;60000 - Fuoco;;;
2015;C1164;9;1;25;12;1;60000;60000 - Fuoco;;;
2015;C1164;9;2;14;10;3;99900;99900 - Fattori investigati ma non identificati;;;
2015;C1164;9;3;32;12;1;60000;60000 - Fuoco;;;
2015;C1164;27;1;25;12;1;60000;60000 - Fuoco;;;
2015;C1164;27;2;14;10;3;99900;99900 - Fattori investigati ma non identificati;;;
2015;C1164;27;3;32;12;1;60000;60000 - Fuoco;;;
2015;C1164;28;1;04;;1;54100;54100 - Tagli, abbattimento;;;
2015;C1164;29;1;25;12;1;60000;60000 - Fuoco;;;
2015;C1164;29;2;14;10;3;99900;99900 - Fattori investigati ma non identificati;;;
2015;C1164;29;3;32;12;1;60000;60000 - Fuoco;;;
2015;C1164;30;1;25;12;1;60000;60000 - Fuoco;;;
2015;C1164;30;2;14;10;1;99900;99900 - Fattori investigati ma non identificati;;;
2015;C1164;30;3;32;12;1;60000;60000 - Fuoco;;;
2015;C1164;31;1;25;12;1;60000;60000 - Fuoco;;;
2015;C1164;31;2;14;10;3;99900;99900 - Fattori investigati ma non identificati;;;
2015;C1164;31;3;32;12;1;60000;60000 - Fuoco;;;
2015;C1164;32;1;25;12;1;60000;60000 - Fuoco;;;
2015;C1164;32;2;14;10;3;99900;99900 - Fattori investigati ma non identificati;;;
2015;C1164;32;3;32;12;1;60000;60000 - Fuoco;;;
2015;C1164;33;1;25;12;1;60000;60000 - Fuoco;;;
2015;C1164;33;2;14;10;3;99900;99900 - Fattori investigati ma non identificati;;;
2015;C1164;33;3;32;12;1;60000;60000 - Fuoco;;;
2015;C1164;34;1;25;12;1;60000;60000 - Fuoco;;;
2015;C1164;34;2;14;12;3;99900;99900 - Fattori investigati ma non identificati;;;
2015;C1164;34;3;32;12;1;60000;60000 - Fuoco;;;
2015;C1164;35;1;04;;1;54100;54100 - Tagli, abbattimento;;;
2015;C1164;36;1;22;14;3;99900;99900 - Fattori investigati ma non identificati;10;2;
2015;C1164;36;2;14;10;3;99900;99900 - Fattori investigati ma non identificati;;;
2015;C1164;36;3;32;12;1;60000;60000 - Fuoco;;;
2015;C1164;38;1;14;10;3;99900;99900 - Fattori investigati ma non identificati;;;
2015;C1164;38;2;22;12;1;60000;60000 - Fuoco;;;
2015;C1164;38;3;32;12;1;60000;60000 - Fuoco;;;
2015;C1164;37;1;25;12;1;60000;60000 - Fuoco;;;
2015;C1164;37;2;14;10;3;99900;99900 - Fattori investigati ma non identificati;;;
2015;C1164;37;3;32;12;1;60000;60000 - Fuoco;;;
2015;C1127;1;1;12;02;2;99900;99900 - Fattori investigati ma non identificati;5;2;
2015;C1127;2;1;12;02;2;99900;99900 - Fattori investigati ma non identificati;5;2;
2015;C1127;3;1;12;02;2;99900;99900 - Fattori investigati ma non identificati;5;2;
2015;C1127;3;2;22;14;2;99900;99900 - Fattori investigati ma non identificati;5;2;
2015;C1127;4;1;12;02;2;99900;99900 - Fattori investigati ma non identificati;5;2;
2015;C1127;5;1;12;02;2;99900;99900 - Fattori investigati ma non identificati;5;2;
2015;C1127;6;1;12;02;2;99900;99900 - Fattori investigati ma non identificati;5;2;
2015;C1127;7;1;12;02;2;99900;99900 - Fattori investigati ma non identificati;5;2;
2015;C1127;8;1;12;02;2;99900;99900 - Fattori investigati ma non identificati;5;2;
2015;C1127;8;2;22;14;2;99900;99900 - Fattori investigati ma non identificati;5;2;
2015;C1127;9;1;12;02;2;99900;99900 - Fattori investigati ma non identificati;5;2;
2015;C1127;10;1;12;02;2;99900;99900 - Fattori investigati ma non identificati;5;2;
2015;C1127;11;1;12;02;2;99900;99900 - Fattori investigati ma non identificati;5;2;
2015;C1127;12;1;12;02;2;99900;99900 - Fattori investigati ma non identificati;5;2;
2015;C1127;12;2;11;02;1;99900;99900 - Fattori investigati ma non identificati;5;2;
2015;C1127;13;1;12;02;2;99900;99900 - Fattori investigati ma non identificati;5;2;
2015;C1127;14;1;12;02;3;99900;99900 - Fattori investigati ma non identificati;5;2;
2015;C1127;15;1;11;02;1;99900;99900 - Fattori investigati ma non identificati;5;2;
2015;C1127;16;1;11;02;1;99900;99900 - Fattori investigati ma non identificati;5;2;
2015;C1127;17;1;12;02;3;99900;99900 - Fattori investigati ma non identificati;5;2;
2015;C1127;18;1;12;02;3;99900;99900 - Fattori investigati ma non identificati;5;2;
2015;C1127;19;1;12;02;3;99900;99900 - Fattori investigati ma non identificati;5;2;
2015;C1127;19;2;22;14;2;99900;99900 - Fattori investigati ma non identificati;5;2;
2015;C1127;20;1;12;02;2;99900;99900 - Fattori investigati ma non identificati;5;2;
2015;C1127;20;2;22;14;2;99900;99900 - Fattori investigati ma non identificati;5;2;
2015;C1127;21;1;12;02;3;99900;99900 - Fattori investigati ma non identificati;5;2;
2015;C1127;21;2;22;14;2;99900;99900 - Fattori investigati ma non identificati;10;2;
2015;C1127;22;1;12;02;3;99900;99900 - Fattori investigati ma non identificati;5;2;
2015;C1127;24;1;12;02;3;99900;99900 - Fattori investigati ma non identificati;5;2;
2015;C1127;24;2;22;14;2;99900;99900 - Fattori investigati ma non identificati;5;2;
2015;C1127;25;1;12;02;3;99900;99900 - Fattori investigati ma non identificati;5;2;
2015;C1127;26;1;12;02;3;99900;99900 - Fattori investigati ma non identificati;5;2;
2015;C1127;26;2;32;12;2;81003;81003 - Hedera helix;;;
2015;C1127;31;1;12;02;3;99900;99900 - Fattori investigati ma non identificati;5;2;
2015;C1127;31;2;22;14;2;99900;99900 - Fattori investigati ma non identificati;5;2;
2015;C1127;32;1;12;02;3;99900;99900 - Fattori investigati ma non identificati;5;2;
2015;C1127;32;2;22;14;2;99900;99900 - Fattori investigati ma non identificati;5;2;
2015;C1181;23;1;14;01;1;99900;99900 - Fattori investigati ma non identificati;10;2;
2015;C1181;23;2;14;03;1;99900;99900 - Fattori investigati ma non identificati;5;2;
2015;C1181;23;3;25;14;2;99900;99900 - Fattori investigati ma non identificati;10;2;
2015;C1181;23;4;32;12;2;81003;81003 - Hedera helix;;;
2015;C1181;24;1;14;01;1;99900;99900 - Fattori investigati ma non identificati;15;2;
2015;C1181;24;2;14;03;1;99900;99900 - Fattori investigati ma non identificati;5;2;
2015;C1181;24;3;25;14;2;99900;99900 - Fattori investigati ma non identificati;10;2;
2015;C1181;24;4;32;12;2;81003;81003 - Hedera helix;;;
2015;C1181;25;1;14;01;1;99900;99900 - Fattori investigati ma non identificati;5;2;
2015;C1181;25;2;25;14;2;99900;99900 - Fattori investigati ma non identificati;10;2;
2015;C1181;26;1;14;01;1;99900;99900 - Fattori investigati ma non identificati;10;2;
2015;C1181;26;2;14;03;1;99900;99900 - Fattori investigati ma non identificati;5;2;
2015;C1181;26;3;25;14;2;99900;99900 - Fattori investigati ma non identificati;10;2;
2015;C1181;27;1;14;03;1;99900;99900 - Fattori investigati ma non identificati;5;2;
2015;C1181;27;2;14;01;1;99900;99900 - Fattori investigati ma non identificati;10;2;
2015;C1181;27;3;25;14;2;99900;99900 - Fattori investigati ma non identificati;10;2;
2015;C1181;27;4;32;12;2;81003;81003 - Hedera helix;;;
2015;C1181;28;1;14;03;1;99900;99900 - Fattori investigati ma non identificati;10;2;
2015;C1181;28;2;14;01;1;99900;99900 - Fattori investigati ma non identificati;5;2;
2015;C1181;28;3;25;14;2;99900;99900 - Fattori investigati ma non identificati;5;2;
2015;C1181;28;4;34;12;2;81003;81003 - Hedera helix;;;
2015;C1181;31;1;14;01;1;99900;99900 - Fattori investigati ma non identificati;5;2;
2015;C1181;31;2;14;03;1;99900;99900 - Fattori investigati ma non identificati;5;2;
2015;C1181;31;3;22;14;3;99900;99900 - Fattori investigati ma non identificati;10;2;
2015;C1181;32;1;14;01;1;99900;99900 - Fattori investigati ma non identificati;5;2;
2015;C1181;32;2;14;03;1;99900;99900 - Fattori investigati ma non identificati;10;2;
2015;C1181;32;3;25;14;1;99900;99900 - Fattori investigati ma non identificati;5;2;
2015;C1181;33;1;14;01;1;99900;99900 - Fattori investigati ma non identificati;5;2;
2015;C1181;33;2;14;03;1;99900;99900 - Fattori investigati ma non identificati;10;2;
2015;C1181;33;3;25;14;2;99900;99900 - Fattori investigati ma non identificati;5;2;
2015;C1181;33;4;34;12;2;81003;81003 - Hedera helix;;;
2015;C1181;34;1;14;01;1;99900;99900 - Fattori investigati ma non identificati;10;2;
2015;C1181;34;2;14;03;1;99900;99900 - Fattori investigati ma non identificati;10;2;
2015;C1181;34;3;25;14;2;99900;99900 - Fattori investigati ma non identificati;10;2;
2015;C1181;35;1;14;01;1;99900;99900 - Fattori investigati ma non identificati;10;2;
2015;C1181;35;2;14;03;1;99900;99900 - Fattori investigati ma non identificati;5;2;
2015;C1181;35;3;25;14;2;99900;99900 - Fattori investigati ma non identificati;5;2;
2015;C1181;35;4;32;12;2;81003;81003 - Hedera helix;;;
2015;C1181;36;1;14;01;1;99900;99900 - Fattori investigati ma non identificati;5;2;
2015;C1181;36;2;14;03;1;99900;99900 - Fattori investigati ma non identificati;5;2;
2015;C1181;36;3;25;14;2;99900;99900 - Fattori investigati ma non identificati;10;2;
2015;C1181;37;1;14;01;1;99900;99900 - Fattori investigati ma non identificati;10;2;
2015;C1181;37;2;14;03;1;99900;99900 - Fattori investigati ma non identificati;5;2;
2015;C1181;37;3;25;14;2;99900;99900 - Fattori investigati ma non identificati;10;2;
2015;C1181;38;1;14;01;1;99900;99900 - Fattori investigati ma non identificati;5;2;
2015;C1181;38;2;14;03;1;99900;99900 - Fattori investigati ma non identificati;5;2;
2015;C1181;38;3;25;14;1;99900;99900 - Fattori investigati ma non identificati;5;2;
2015;C1181;39;1;14;01;1;99900;99900 - Fattori investigati ma non identificati;10;2;
2015;C1181;39;2;14;03;1;99900;99900 - Fattori investigati ma non identificati;10;2;
2015;C1181;39;3;25;14;2;99900;99900 - Fattori investigati ma non identificati;10;2;
2015;C1181;40;1;14;01;1;99900;99900 - Fattori investigati ma non identificati;10;2;
2015;C1181;40;2;14;03;1;99900;99900 - Fattori investigati ma non identificati;5;2;
2015;C1181;40;3;25;14;2;99900;99900 - Fattori investigati ma non identificati;10;2;
2015;C1181;41;1;14;01;1;99900;99900 - Fattori investigati ma non identificati;10;2;
2015;C1181;41;2;14;03;1;99900;99900 - Fattori investigati ma non identificati;10;2;
2015;C1181;41;3;25;14;2;99900;99900 - Fattori investigati ma non identificati;10;2;
2015;C0417;14;5;23;14;3;30900;Cryphonectria parasitica = Endothia parasitica;10;2;
2015;C0417;15;1;13;03;1;99900;99900 - Fattori investigati ma non identificati;5;2;
2015;C0417;17;1;14;08;1;42600;42600 - Calore/colpo di calore;65;2;imbarcamento
2015;C0417;17;2;25;14;3;99900;99900 - Fattori investigati ma non identificati;10;2;
2015;C0417;17;3;14;02;1;99900;99900 - Fattori investigati ma non identificati;5;2;
2015;C0417;17;4;34;08;3;30900;Cryphonectria parasitica = Endothia parasitica;100;2;
2015;C0417;20;1;26;13;1;43100;43100 - Vento/uragano;100;2;
2015;C0417;20;2;13;03;1;99900;99900 - Fattori investigati ma non identificati;10;2;
2015;C0417;20;3;22;14;3;99900;99900 - Fattori investigati ma non identificati;5;2;
2015;C0417;21;1;13;03;1;99900;99900 - Fattori investigati ma non identificati;15;2;
2015;C0417;21;2;22;14;3;99900;99900 - Fattori investigati ma non identificati;5;2;
2015;C0417;22;1;13;03;1;99900;99900 - Fattori investigati ma non identificati;10;2;
2015;C0417;30;1;14;03;1;99900;99900 - Fattori investigati ma non identificati;10;2;
2015;C0417;30;2;14;08;1;42600;42600 - Calore/colpo di calore;30;2;
2015;C0417;30;3;25;14;3;30900;Cryphonectria parasitica = Endothia parasitica;10;2;
2015;C0417;30;4;34;08;3;30900;Cryphonectria parasitica = Endothia parasitica;100;2;
2015;C0417;33;1;14;08;1;42600;42600 - Calore/colpo di calore;60;2;imbarcamento
2015;C0417;33;2;22;14;3;99900;99900 - Fattori investigati ma non identificati;5;2;
2015;C0417;33;3;26;14;2;30900;Cryphonectria parasitica = Endothia parasitica;100;2;
2015;C0417;33;4;14;02;1;99900;99900 - Fattori investigati ma non identificati;5;2;
2015;C0417;33;5;31;08;3;30900;Cryphonectria parasitica = Endothia parasitica;100;2;
2015;C0417;34;1;13;03;1;99900;99900 - Fattori investigati ma non identificati;10;2;
2015;C0417;34;2;22;14;3;99900;99900 - Fattori investigati ma non identificati;5;2;
2015;C0417;35;1;13;03;1;99900;99900 - Fattori investigati ma non identificati;10;2;
2015;C0417;35;2;13;01;3;99900;99900 - Fattori investigati ma non identificati;10;2;
2015;C0417;35;3;22;14;3;99900;99900 - Fattori investigati ma non identificati;5;2;
2015;C0417;41;3;22;14;3;99900;99900 - Fattori investigati ma non identificati;5;2;
2015;C0417;41;4;34;08;3;30900;Cryphonectria parasitica = Endothia parasitica;80;2;
2015;C0417;38;1;14;08;1;42600;42600 - Calore/colpo di calore;20;2;
2015;C0417;38;2;14;03;1;99900;99900 - Fattori investigati ma non identificati;5;2;
2015;C0417;38;3;22;14;3;99900;99900 - Fattori investigati ma non identificati;5;2;
2015;C0417;38;4;34;08;3;30900;Cryphonectria parasitica = Endothia parasitica;100;2;
2015;C0417;39;1;13;03;1;99900;99900 - Fattori investigati ma non identificati;10;2;
2015;C0417;40;1;14;08;1;42600;42600 - Calore/colpo di calore;20;2;
2015;C0417;40;2;26;14;1;30900;Cryphonectria parasitica = Endothia parasitica;25;2;
2015;C0417;40;3;25;14;3;99900;99900 - Fattori investigati ma non identificati;10;2;
2015;C0417;40;4;34;08;3;30900;Cryphonectria parasitica = Endothia parasitica;100;2;
2015;C0417;40;5;33;20;3;30400;- Non identificato -;30;2;
2015;C0417;41;5;14;08;1;42600;42600 - Calore/colpo di calore;30;2;imbarcamento
2015;C0417;41;6;14;02;1;99900;99900 - Fattori investigati ma non identificati;5;2;
2015;C0417;42;1;14;08;1;42600;42600 - Calore/colpo di calore;20;2;
2015;C0417;42;2;32;08;3;30900;Cryphonectria parasitica = Endothia parasitica;100;2;
2015;C0417;44;1;14;08;1;42600;42600 - Calore/colpo di calore;15;2;
2015;C0442;1;1;14;01;1;21000;- Non identificato -;5;2;
2015;C0442;1;2;26;14;3;27000;- Non identificato -;25;2;dryocosmus
2015;C0442;1;3;34;08;3;30900;Cryphonectria parasitica = Endothia parasitica;100;2;
2015;C0442;1;4;33;20;3;30400;- Non identificato -;25;2;
2015;C0442;4;1;14;08;1;42600;42600 - Calore/colpo di calore;25;2;
2015;C0442;4;2;26;14;3;30900;Cryphonectria parasitica = Endothia parasitica;100;2;
2015;C0442;4;3;25;14;3;30900;Cryphonectria parasitica = Endothia parasitica;5;2;
2015;C0442;4;4;22;14;3;27000;- Non identificato -;10;2;dryocosmus
2015;C0442;4;5;34;08;3;30900;Cryphonectria parasitica = Endothia parasitica;25;2;
2015;C0442;4;6;33;20;3;30400;- Non identificato -;20;2;
2015;C0442;6;1;14;08;1;42600;42600 - Calore/colpo di calore;25;2;imbarcamento
2015;C0442;6;2;14;08;1;27000;- Non identificato -;10;2;dryocosmus
2015;C0442;6;3;22;14;3;99900;99900 - Fattori investigati ma non identificati;10;2;
2015;C0442;6;4;22;14;3;99900;99900 - Fattori investigati ma non identificati;5;2;
2015;C0442;6;5;34;08;3;30900;Cryphonectria parasitica = Endothia parasitica;30;2;
2015;C0442;6;6;33;20;3;30400;- Non identificato -;20;2;
2015;C0442;10;1;14;08;1;42600;42600 - Calore/colpo di calore;15;2;
2015;C0442;10;2;22;14;3;99900;99900 - Fattori investigati ma non identificati;5;2;
2015;C0442;11;1;26;14;3;30900;Cryphonectria parasitica = Endothia parasitica;100;2;
2015;C0442;11;2;14;08;1;27000;- Non identificato -;10;2;dryocosmus
2015;C0442;11;3;22;14;3;27000;- Non identificato -;10;2;dryocosmus
2015;C0442;11;4;14;02;1;99900;99900 - Fattori investigati ma non identificati;10;2;
2015;C0442;11;5;34;08;3;30900;- Non identificato -;30;2;
2015;C0442;11;6;33;20;3;30400;- Non identificato -;15;2;
2015;C0442;16;1;14;01;1;21000;- Non identificato -;5;2;
2015;C0442;16;2;26;14;3;30900;Cryphonectria parasitica = Endothia parasitica;100;2;
2015;C0442;16;3;14;08;1;27000;- Non identificato -;5;2;
2015;C0442;16;4;22;14;3;27000;- Non identificato -;5;2;dryocosmus
2015;C0442;16;5;34;08;3;30900;Cryphonectria parasitica = Endothia parasitica;40;2;
2015;C0442;16;6;33;20;3;30400;- Non identificato -;15;2;
2015;C0442;20;1;14;01;1;21000;- Non identificato -;5;2;
2015;C0442;20;2;14;08;1;27000;- Non identificato -;5;2;dryocosmus
2015;C0442;20;3;22;14;3;99900;99900 - Fattori investigati ma non identificati;5;2;
2015;C0442;20;4;34;08;3;30900;Cryphonectria parasitica = Endothia parasitica;30;2;
2015;C0442;20;5;33;20;3;30400;- Non identificato -;15;2;
2015;C0442;24;1;26;14;2;30900;Cryphonectria parasitica = Endothia parasitica;100;2;
2015;C0442;24;2;25;14;3;30900;Cryphonectria parasitica = Endothia parasitica;20;2;
2015;C0442;24;3;14;08;1;27000;- Non identificato -;5;2;dryocosmus
2015;C0442;24;4;14;08;1;42600;42600 - Calore/colpo di calore;20;2;imbarcamento
2015;C0442;24;5;34;08;3;30900;Cryphonectria parasitica = Endothia parasitica;35;2;
2015;C0442;26;1;26;14;3;30900;Cryphonectria parasitica = Endothia parasitica;100;2;
2015;C0442;26;2;34;08;3;30900;Cryphonectria parasitica = Endothia parasitica;75;2;
2015;C0442;26;3;14;01;1;27000;- Non identificato -;10;2;
2015;C0442;27;1;14;08;1;27000;- Non identificato -;10;2;dryocosmus
2015;C0442;27;2;22;14;3;27000;- Non identificato -;10;2;dryocosmus
2015;C0442;27;3;26;14;3;30900;Cryphonectria parasitica = Endothia parasitica;100;2;
2015;C0442;27;4;14;08;1;42600;42600 - Calore/colpo di calore;15;2;imbarcamento
2015;C0442;27;5;34;08;3;30900;Cryphonectria parasitica = Endothia parasitica;100;2;
2015;C0442;27;6;33;20;3;30400;- Non identificato -;30;2;
2015;C0442;29;1;26;14;3;30900;Cryphonectria parasitica = Endothia parasitica;100;2;
2015;C0442;29;2;14;08;1;27000;- Non identificato -;10;2;dryocosmus
2015;C0442;29;3;14;01;1;21000;- Non identificato -;5;2;
2015;C0442;29;4;22;14;3;27000;- Non identificato -;5;2;dryocosmus
2015;C0442;29;5;34;08;3;30900;Cryphonectria parasitica = Endothia parasitica;20;2;
2015;C0442;31;1;22;14;3;22000;Coroebus florentinus;10;2;
2015;C0442;31;2;14;01;1;21000;- Non identificato -;5;2;
2015;C0442;32;1;26;14;3;99900;99900 - Fattori investigati ma non identificati;100;2;
2015;C0442;32;2;14;01;1;21000;- Non identificato -;5;2;
2015;C0442;33;1;14;02;1;99900;99900 - Fattori investigati ma non identificati;15;2;
2015;C0442;33;2;14;08;1;27000;- Non identificato -;5;2;dryocosmus
2015;C0442;33;3;22;14;3;27000;- Non identificato -;5;2;dryocosmus
2015;C0442;33;4;34;08;3;30900;Cryphonectria parasitica = Endothia parasitica;30;2;
2015;C0442;34;1;26;14;2;30900;Cryphonectria parasitica = Endothia parasitica;100;2;
2015;C0442;34;2;14;08;1;42600;42600 - Calore/colpo di calore;25;2;imbarcamento
2015;C0442;34;3;14;08;1;27000;- Non identificato -;5;2;dryocosmus
2015;C0442;34;4;23;14;3;30900;Cryphonectria parasitica = Endothia parasitica;20;2;
2015;C0442;34;5;34;08;3;30900;Cryphonectria parasitica = Endothia parasitica;15;2;
2015;C0442;36;1;26;14;1;30900;Cryphonectria parasitica = Endothia parasitica;100;2;
2015;C0442;36;2;22;14;3;27000;- Non identificato -;15;2;dryocosmus
2015;C0442;36;3;14;08;1;27000;- Non identificato -;5;2;dryocosmus
2015;C0442;36;4;34;08;3;30900;Cryphonectria parasitica = Endothia parasitica;25;2;
2015;C0442;41;1;32;08;3;30900;Cryphonectria parasitica = Endothia parasitica;25;2;
2015;C0442;41;2;14;01;1;21000;- Non identificato -;5;2;
2015;C0442;41;3;14;08;1;27000;- Non identificato -;5;2;dryocosmus
2015;C0442;42;1;04;;1;50000;50000 - Azione diretta dell'uomo;;;
2015;C0442;45;1;26;14;3;30900;Cryphonectria parasitica = Endothia parasitica;45;2;
2015;C0442;45;2;22;14;3;27000;- Non identificato -;5;2;dryocosmus
2015;C0442;45;3;14;08;1;27000;- Non identificato -;10;2;dryocosmus
2015;C0442;45;4;34;08;3;30900;Cryphonectria parasitica = Endothia parasitica;80;2;
2015;C0442;45;5;33;20;3;30400;- Non identificato -;20;2;
2015;C0442;47;1;26;14;3;30900;Cryphonectria parasitica = Endothia parasitica;15;2;
2015;C0442;47;2;14;08;1;27000;- Non identificato -;5;2;
2015;C0442;47;3;22;14;3;99900;99900 - Fattori investigati ma non identificati;5;2;
2015;C0442;47;4;34;08;3;30900;Cryphonectria parasitica = Endothia parasitica;20;2;
2015;C0442;48;1;14;08;1;27000;- Non identificato -;5;2;dryocosmus
2015;C0442;48;2;32;08;3;30900;Cryphonectria parasitica = Endothia parasitica;10;2;
2015;C0442;49;1;33;08;3;30900;Cryphonectria parasitica = Endothia parasitica;35;2;
2015;C0442;49;2;14;08;1;27000;- Non identificato -;5;2;dryocosmus
2015;C0442;49;3;22;14;1;27000;- Non identificato -;5;2;dryocosmus
2015;C0442;50;1;14;08;1;27000;- Non identificato -;5;2;dryocosmus
2015;C0442;50;2;22;14;1;99900;99900 - Fattori investigati ma non identificati;10;2;
2015;C0442;50;3;34;08;3;30900;Cryphonectria parasitica = Endothia parasitica;25;2;
2015;C0442;51;1;14;08;1;27000;- Non identificato -;5;2;dryocosmus
2015;C0442;51;2;34;08;3;30900;Cryphonectria parasitica = Endothia parasitica;25;2;
2015;C0442;52;1;14;08;1;27000;- Non identificato -;5;2;dryocosmus
2015;C0442;52;2;22;14;3;99900;99900 - Fattori investigati ma non identificati;10;2;
2015;C0442;52;3;34;08;3;30900;Cryphonectria parasitica = Endothia parasitica;20;2;
2015;C0442;53;1;14;08;1;27000;- Non identificato -;10;2;dryocosmus
2015;C0442;53;2;22;14;3;99900;99900 - Fattori investigati ma non identificati;20;2;
2015;C0442;53;3;34;08;3;30900;Cryphonectria parasitica = Endothia parasitica;80;2;
2015;C0442;54;1;14;08;1;27000;- Non identificato -;10;2;dryocosmus
2015;C0442;54;2;33;08;3;30900;Cryphonectria parasitica = Endothia parasitica;60;2;
2015;C0442;55;1;14;08;1;27000;- Non identificato -;5;2;dryocosmus
2015;C0442;55;2;34;08;3;30900;Cryphonectria parasitica = Endothia parasitica;100;2;
2015;C0442;56;1;14;08;1;27000;- Non identificato -;5;2;
2015;C0442;56;2;22;14;3;99900;99900 - Fattori investigati ma non identificati;5;2;
2015;C0442;56;3;34;08;3;30900;Cryphonectria parasitica = Endothia parasitica;100;2;
2015;C0442;57;1;14;08;1;27000;- Non identificato -;10;2;
2015;C0442;57;2;22;14;3;30900;Cryphonectria parasitica = Endothia parasitica;10;2;
2015;C0442;57;3;34;08;3;30900;Cryphonectria parasitica = Endothia parasitica;25;2;
2015;C0442;58;1;14;08;1;27000;- Non identificato -;10;2;
2015;C0442;58;2;34;08;3;30900;- Non identificato -;65;2;
2015;C0442;58;3;22;14;3;99900;99900 - Fattori investigati ma non identificati;5;2;
2015;C0475;27;3;14;03;1;22000;Coroebus florentinus;5;2;
2015;C0475;28;1;22;14;3;22000;Coroebus florentinus;5;2;
2015;C0475;27;4;32;08;3;30900;- Non identificato -;10;2;
2015;C0475;29;1;25;14;3;22000;Coroebus florentinus;5;2;
2015;C0475;30;1;22;14;3;99900;99900 - Fattori investigati ma non identificati;5;2;
2015;C0475;32;1;22;14;3;22000;Coroebus florentinus;5;2;
2015;C0475;33;1;14;08;1;42600;42600 - Calore/colpo di calore;10;2;imbarcamento
2015;C0475;33;2;14;02;1;42600;42600 - Calore/colpo di calore;10;2;
2015;C0475;34;1;14;08;1;42600;42600 - Calore/colpo di calore;10;2;imbarcamento
2015;C0475;35;1;14;02;1;42600;42600 - Calore/colpo di calore;10;2;
2015;C0475;35;2;14;08;1;42600;42600 - Calore/colpo di calore;10;2;imbarcamento
2015;C0475;36;1;14;08;1;42600;42600 - Calore/colpo di calore;10;2;imbarcamento
2015;C0475;36;2;14;02;1;42600;42600 - Calore/colpo di calore;10;2;
2015;C0475;37;1;00;;;;;;;
2015;C0475;38;1;23;14;1;30900;- Non identificato -;10;2;
2015;C0475;38;2;23;08;3;30900;- Non identificato -;5;2;
2015;C0475;39;1;00;;;;;;;
2015;C0475;40;1;22;14;3;22000;Coroebus florentinus;5;2;
2015;C0475;41;1;14;03;1;30600;Apiognomonia quercina;5;2;
2015;C0475;41;2;22;14;3;99900;99900 - Fattori investigati ma non identificati;5;2;
2015;C0475;42;1;22;14;3;99900;99900 - Fattori investigati ma non identificati;10;2;
2015;C0475;44;1;14;08;1;42600;42600 - Calore/colpo di calore;25;2;imbarcamento
2015;C0475;44;2;14;02;2;42600;42600 - Calore/colpo di calore;5;2;
2015;C0475;45;1;14;08;1;42600;42600 - Calore/colpo di calore;15;2;
2015;C0475;46;1;14;08;1;42600;42600 - Calore/colpo di calore;20;2;imbarcamento
2015;C0475;46;2;22;14;1;99900;99900 - Fattori investigati ma non identificati;10;2;
2015;C0475;47;1;26;14;3;99900;99900 - Fattori investigati ma non identificati;100;2;
2015;C0475;47;2;22;14;3;99900;99900 - Fattori investigati ma non identificati;5;2;
2015;C0475;48;1;22;14;3;99900;99900 - Fattori investigati ma non identificati;5;2;
2015;C0476;1;2;14;01;1;21000;- Non identificato -;5;2;
2015;C0476;1;3;32;08;3;30900;- Non identificato -;10;2;
2015;C0476;2;1;14;08;1;42600;42600 - Calore/colpo di calore;5;2;imbarcamento
2015;C0476;5;1;14;08;1;42600;42600 - Calore/colpo di calore;15;2;imbarcamento
2015;C0476;5;2;22;14;3;99900;99900 - Fattori investigati ma non identificati;5;2;
2015;C0476;5;3;32;12;3;81003;81003 - Hedera helix;;;
2015;C0476;6;1;14;06;1;99900;99900 - Fattori investigati ma non identificati;15;2;
2015;C0476;7;1;14;06;1;99900;99900 - Fattori investigati ma non identificati;40;2;
2015;C0476;7;2;22;14;1;99900;99900 - Fattori investigati ma non identificati;5;2;
2015;C0476;8;1;25;14;3;30900;Cryphonectria parasitica = Endothia parasitica;85;2;
2015;C0476;8;2;34;08;3;30900;Cryphonectria parasitica = Endothia parasitica;85;2;
2015;C0476;8;3;14;08;1;27000;- Non identificato -;20;2;dryocosmus
2015;C0476;10;1;14;01;1;99900;99900 - Fattori investigati ma non identificati;5;2;
2015;C0476;11;1;14;08;1;42600;42600 - Calore/colpo di calore;10;2;imbarcamento
2015;C0476;12;1;14;03;1;99900;99900 - Fattori investigati ma non identificati;10;2;
2015;C0476;12;2;22;14;1;99900;99900 - Fattori investigati ma non identificati;5;2;
2015;C0476;12;3;14;01;1;99900;99900 - Fattori investigati ma non identificati;5;2;
2015;C0476;13;1;14;03;1;99900;99900 - Fattori investigati ma non identificati;100;2;
2015;C0476;13;2;26;14;3;99900;99900 - Fattori investigati ma non identificati;100;2;
2015;C0476;13;3;25;14;3;99900;99900 - Fattori investigati ma non identificati;25;2;
2015;C0476;14;1;23;14;3;22000;Coroebus florentinus;15;2;
2015;C0476;14;2;14;03;1;99900;99900 - Fattori investigati ma non identificati;5;2;
2015;C0476;15;1;34;08;3;30900;Cryphonectria parasitica = Endothia parasitica;95;2;
2015;C0476;15;2;25;14;3;30900;Cryphonectria parasitica = Endothia parasitica;50;2;
2015;C0476;15;3;14;03;1;30900;Cryphonectria parasitica = Endothia parasitica;20;2;
2015;C0476;15;4;14;08;1;27000;- Non identificato -;10;2;dryocosmus
2015;C0476;20;1;22;14;1;99900;99900 - Fattori investigati ma non identificati;5;2;
2015;C0476;20;2;14;01;1;21000;- Non identificato -;5;2;
2015;C0476;21;1;14;08;1;42600;42600 - Calore/colpo di calore;5;2;imbarcamento
2015;C0476;22;1;25;14;3;99900;99900 - Fattori investigati ma non identificati;5;2;
2015;C0476;32;1;14;08;1;42600;42600 - Calore/colpo di calore;5;2;
2015;C0476;5;4;31;17;3;99900;99900 - Fattori investigati ma non identificati;50;2;scortecciamento
2015;C0476;33;1;14;08;1;42600;42600 - Calore/colpo di calore;5;2;imbarcamento
2015;C0476;35;1;14;08;1;42600;42600 - Calore/colpo di calore;5;2;imbarcamento
2015;C0476;36;1;22;14;1;99900;99900 - Fattori investigati ma non identificati;10;2;
2015;C0476;36;2;14;06;1;99900;99900 - Fattori investigati ma non identificati;50;2;
2015;C0476;37;1;22;14;1;99900;99900 - Fattori investigati ma non identificati;5;2;
2015;C0476;37;2;14;03;1;99900;99900 - Fattori investigati ma non identificati;5;2;
2015;C0476;37;3;14;01;1;21000;- Non identificato -;5;2;
2015;C0476;38;1;00;;;;;;;
2015;C0476;40;1;22;14;1;99900;99900 - Fattori investigati ma non identificati;5;2;
2015;C0476;40;2;14;01;1;21000;- Non identificato -;5;2;
2015;C0476;45;1;14;06;1;99900;99900 - Fattori investigati ma non identificati;30;2;
2015;C0476;45;2;32;17;3;50000;50000 - Azione diretta dell'uomo;10;2;
2015;C0476;46;1;32;12;3;81003;81003 - Hedera helix;;;
2015;C0476;47;1;14;08;1;42600;42600 - Calore/colpo di calore;5;2;imbarcamento
2015;C0476;47;2;32;12;3;81003;81003 - Hedera helix;;;
2015;C0476;48;1;14;06;1;99900;99900 - Fattori investigati ma non identificati;50;2;
2015;C1190;3;1;22;14;1;99900;99900 - Fattori investigati ma non identificati;5;2;
2015;C1190;8;1;26;14;1;99900;99900 - Fattori investigati ma non identificati;70;2;
2015;C1190;8;2;25;14;1;99900;99900 - Fattori investigati ma non identificati;10;2;
2015;C1190;8;3;14;02;1;99900;99900 - Fattori investigati ma non identificati;5;2;
2015;C1190;8;4;14;03;1;99900;99900 - Fattori investigati ma non identificati;5;2;
2015;C1190;15;1;25;14;1;99900;99900 - Fattori investigati ma non identificati;10;2;
2015;C1190;15;2;14;03;1;99900;99900 - Fattori investigati ma non identificati;5;2;
2015;C1190;42;1;14;03;1;99900;99900 - Fattori investigati ma non identificati;5;2;
2015;C1190;42;2;22;14;1;99900;99900 - Fattori investigati ma non identificati;5;2;
2015;C1190;12;1;22;14;1;99900;99900 - Fattori investigati ma non identificati;5;2;
2015;C1190;9;1;14;03;1;40000;40000 - Agenti abiotici;70;2;
2015;C1190;9;2;34;12;3;81003;81003 - Hedera helix;;;
2015;C1190;5;1;14;03;1;40000;40000 - Agenti abiotici;65;2;
2015;C1190;5;2;14;08;1;42600;42600 - Calore/colpo di calore;80;2;
2015;C1190;6;1;14;03;1;40000;40000 - Agenti abiotici;85;2;
2015;C1190;6;2;14;08;1;42600;42600 - Calore/colpo di calore;70;2;
2015;C1190;10;1;32;12;3;81003;81003 - Hedera helix;;;
2015;C1190;27;1;22;14;1;99900;99900 - Fattori investigati ma non identificati;5;2;
2015;C1190;27;2;14;08;1;42600;42600 - Calore/colpo di calore;90;2;imbarcamento
2015;C1190;28;1;22;14;1;99900;99900 - Fattori investigati ma non identificati;5;2;
2015;C1190;28;2;14;03;1;40000;40000 - Agenti abiotici;10;2;
2015;C1190;28;3;14;08;1;42600;42600 - Calore/colpo di calore;75;2;imbarcamento
2015;C1190;33;1;14;02;1;99900;99900 - Fattori investigati ma non identificati;10;2;
2015;C1190;33;2;14;01;1;21000;Tortrix viridana;5;2;
2015;C1190;35;1;34;20;3;30900;- Non identificato -;;1;
2015;C1190;35;2;14;02;1;99900;99900 - Fattori investigati ma non identificati;10;2;
2015;C1190;35;3;22;14;1;99900;99900 - Fattori investigati ma non identificati;5;2;
2015;C1190;40;1;14;02;1;30900;- Non identificato -;15;2;
2015;C1190;40;2;14;03;1;30900;- Non identificato -;5;2;
2015;C1190;40;3;22;14;1;99900;99900 - Fattori investigati ma non identificati;5;2;
2015;C1122;1;1;11;02;1;99900;99900 - Fattori investigati ma non identificati;10;2;
2015;C1122;1;2;12;02;2;99900;99900 - Fattori investigati ma non identificati;5;2;
2015;C1122;1;3;21;14;2;99900;99900 - Fattori investigati ma non identificati;5;2;
2015;C1122;2;1;11;02;2;99900;99900 - Fattori investigati ma non identificati;5;2;
2015;C1122;4;1;11;02;1;99900;99900 - Fattori investigati ma non identificati;10;2;
2015;C1122;4;2;12;02;2;99900;99900 - Fattori investigati ma non identificati;10;2;
2015;C1122;4;3;21;14;3;99900;99900 - Fattori investigati ma non identificati;5;2;
2015;C1122;5;1;11;02;1;99900;99900 - Fattori investigati ma non identificati;5;2;
2015;C1122;5;2;21;14;1;99900;99900 - Fattori investigati ma non identificati;5;2;
2015;C1122;7;1;11;02;2;99900;99900 - Fattori investigati ma non identificati;5;2;
2015;C1122;22;1;11;02;1;99900;99900 - Fattori investigati ma non identificati;10;2;
2015;C1122;22;2;12;02;2;99900;99900 - Fattori investigati ma non identificati;5;2;
2015;C1122;22;3;21;14;1;99900;99900 - Fattori investigati ma non identificati;5;2;
2015;C1122;23;1;11;02;2;99900;99900 - Fattori investigati ma non identificati;5;2;
2015;C1122;23;2;12;02;3;99900;99900 - Fattori investigati ma non identificati;5;2;
2015;C1122;23;3;21;14;1;99900;99900 - Fattori investigati ma non identificati;5;2;
2015;C1122;24;1;11;02;1;99900;99900 - Fattori investigati ma non identificati;5;2;
2015;C1122;24;2;12;02;2;99900;99900 - Fattori investigati ma non identificati;5;2;
2015;C1122;25;1;11;02;1;99900;99900 - Fattori investigati ma non identificati;5;2;
2015;C1122;26;1;11;02;1;99900;99900 - Fattori investigati ma non identificati;5;2;
2015;C1122;26;2;21;14;1;99900;99900 - Fattori investigati ma non identificati;5;2;
2015;C1122;27;1;11;02;1;99900;99900 - Fattori investigati ma non identificati;5;2;
2015;C1122;27;2;21;14;3;99900;99900 - Fattori investigati ma non identificati;5;2;
2015;C1122;33;1;11;02;1;99900;99900 - Fattori investigati ma non identificati;5;2;
2015;C1122;33;2;21;14;1;99900;99900 - Fattori investigati ma non identificati;5;2;
2015;C1122;35;1;12;02;3;99900;99900 - Fattori investigati ma non identificati;5;2;
2015;C1122;36;1;11;02;1;99900;99900 - Fattori investigati ma non identificati;5;2;
2015;C1122;36;2;12;02;2;99900;99900 - Fattori investigati ma non identificati;5;2;
2015;C1122;37;1;11;02;1;99900;99900 - Fattori investigati ma non identificati;10;2;
2015;C1122;37;2;12;02;2;99900;99900 - Fattori investigati ma non identificati;5;2;
2015;C2005;1;1;13;03;3;30100;- Non identificato -;15;2;ipotetico attacco da nemacyclus minor???
2015;C2005;1;2;31;17;1;43100;43100 - Vento/uragano;5;2;
2015;C2005;4;1;04;;1;99900;99900 - Fattori investigati ma non identificati;;;
2015;C2005;5;1;33;08;3;30900;Cryphonectria parasitica = Endothia parasitica;30;2;
2015;C2005;5;2;25;14;3;27000;- Non identificato -;60;2;dryocosmus
2015;C2005;5;3;14;08;1;42600;42600 - Calore/colpo di calore;5;2;
2015;C2005;5;4;14;02;1;99900;99900 - Fattori investigati ma non identificati;5;2;
2015;C2005;5;5;14;01;1;42500;42500 - Grandine;5;2;
2015;C2005;6;1;04;;1;99900;99900 - Fattori investigati ma non identificati;;;
2015;C2005;8;1;23;14;3;99900;99900 - Fattori investigati ma non identificati;5;2;
2015;C2005;8;2;14;02;1;99900;99900 - Fattori investigati ma non identificati;5;2;
2015;C2005;8;3;14;08;1;42600;42600 - Calore/colpo di calore;5;2;
2015;C2005;8;4;14;01;1;21000;- Non identificato -;5;2;
2015;C2005;8;5;14;01;1;42500;42500 - Grandine;5;2;
2015;C2005;9;1;13;03;1;30100;- Non identificato -;10;2;nemacyclus minor??
2015;C2005;9;2;22;14;3;99900;99900 - Fattori investigati ma non identificati;5;2;
2015;C2005;11;1;33;08;3;30900;Cryphonectria parasitica = Endothia parasitica;15;2;
2015;C2005;11;2;14;08;1;42600;42600 - Calore/colpo di calore;10;2;
2015;C2005;11;3;14;08;3;27000;- Non identificato -;70;2;
2015;C2005;11;4;14;01;1;42500;42500 - Grandine;10;2;
2015;C2005;12;1;13;03;3;30100;- Non identificato -;15;2;nemacyclus minor
2015;C2005;12;2;22;14;3;99900;99900 - Fattori investigati ma non identificati;5;2;
2015;C2005;13;1;26;14;3;99900;99900 - Fattori investigati ma non identificati;100;2;
2015;C2005;13;2;14;08;3;27000;- Non identificato -;75;2;dryocosmus
2015;C2005;13;3;14;01;1;42500;42500 - Grandine;5;2;
2015;C2005;13;4;14;08;1;42600;42600 - Calore/colpo di calore;5;2;
2015;C2005;13;5;32;08;3;30900;Cryphonectria parasitica = Endothia parasitica;10;2;
2015;C2005;14;1;13;03;3;30100;- Non identificato -;15;2;nemacyclus minor
2015;C2005;14;2;23;14;3;99900;99900 - Fattori investigati ma non identificati;10;2;
2015;C2005;15;1;14;08;3;27000;- Non identificato -;50;2;dryocosmus
2015;C2005;15;2;14;01;1;21000;- Non identificato -;5;2;
2015;C2005;15;3;14;01;1;42500;42500 - Grandine;5;2;
2015;C2005;15;4;32;08;3;30900;Cryphonectria parasitica = Endothia parasitica;10;2;
2015;C2005;17;1;22;14;3;99900;99900 - Fattori investigati ma non identificati;5;2;
2015;C2005;17;2;14;01;1;42500;42500 - Grandine;5;2;
2015;C2005;17;3;14;01;1;21000;- Non identificato -;5;2;
2015;C2005;17;4;32;17;3;85000;85000 - Competizione;10;2;
2015;C2005;20;1;25;14;3;99900;99900 - Fattori investigati ma non identificati;10;2;
2015;C2005;20;2;14;01;1;21000;- Non identificato -;5;2;
2015;C2005;20;3;14;01;1;42500;42500 - Grandine;5;2;
2015;C2005;21;1;14;08;3;27000;- Non identificato -;45;2;dryocosmus
2015;C2005;21;2;32;08;3;30900;Cryphonectria parasitica = Endothia parasitica;15;2;
2015;C2005;21;3;14;08;1;42600;42600 - Calore/colpo di calore;5;2;
2015;C2005;21;4;14;01;1;21000;- Non identificato -;5;2;
2015;C2005;21;5;14;01;1;42500;42500 - Grandine;5;2;
2015;C2005;23;1;14;01;1;42500;42500 - Grandine;5;2;
2015;C2005;23;2;22;14;3;99900;99900 - Fattori investigati ma non identificati;5;2;
2015;C2005;22;1;14;01;1;42500;42500 - Grandine;5;2;
2015;C2005;22;2;14;08;1;27000;- Non identificato -;30;2;dryocosmus
2015;C2005;22;3;14;08;1;42600;42600 - Calore/colpo di calore;5;2;
2015;C2005;24;1;14;01;1;42500;42500 - Grandine;5;2;
2015;C2005;24;2;14;02;1;99900;99900 - Fattori investigati ma non identificati;5;2;
2015;C2005;24;3;22;14;3;99900;99900 - Fattori investigati ma non identificati;5;2;
2015;C2005;24;4;32;12;3;81003;81003 - Hedera helix;;;
2015;C2005;32;1;14;01;1;21000;- Non identificato -;5;2;
2015;C2005;35;1;14;01;1;42500;42500 - Grandine;5;2;
2015;C2005;36;1;14;01;1;42500;42500 - Grandine;5;2;
2015;C2005;36;2;22;14;3;99900;99900 - Fattori investigati ma non identificati;5;2;
2015;C2005;36;3;14;02;1;99900;99900 - Fattori investigati ma non identificati;5;2;
2015;C2005;37;1;14;01;1;42500;42500 - Grandine;5;2;
2015;C2005;37;2;14;01;1;21000;- Non identificato -;5;2;
2015;C2005;38;1;14;01;1;42500;42500 - Grandine;5;2;
2015;C2005;38;2;14;02;1;99900;99900 - Fattori investigati ma non identificati;5;2;
2015;C2005;39;1;14;01;1;42500;42500 - Grandine;5;2;
2015;C2005;39;2;14;02;1;99900;99900 - Fattori investigati ma non identificati;5;2;
2015;C2005;40;1;14;06;1;42200;42200 - Siccità/aridità;50;2;
2015;C2005;40;2;14;08;1;42200;42200 - Siccità/aridità;50;2;
2015;C2005;41;1;14;01;1;21000;- Non identificato -;5;2;
2015;C2005;41;2;14;08;1;27000;- Non identificato -;40;2;dryocosmus
2015;C2005;42;1;22;14;3;99900;99900 - Fattori investigati ma non identificati;5;2;
2015;C2005;42;2;14;01;1;42500;42500 - Grandine;5;2;
2015;C2005;43;1;14;01;1;42500;42500 - Grandine;5;2;
2015;C2005;43;2;32;12;3;81003;81003 - Hedera helix;;;
2015;C2005;43;3;14;02;1;99900;99900 - Fattori investigati ma non identificati;5;2;
2015;C2005;44;1;14;01;1;42500;42500 - Grandine;5;2;
2015;C2005;44;2;14;02;1;99900;99900 - Fattori investigati ma non identificati;5;2;
2015;C2005;45;1;14;02;1;99900;99900 - Fattori investigati ma non identificati;5;2;
2015;C2005;45;2;14;01;1;42500;42500 - Grandine;5;2;
2015;C2005;46;1;14;01;1;42500;42500 - Grandine;5;2;
2015;C2005;46;2;22;14;3;99900;99900 - Fattori investigati ma non identificati;5;2;
2015;C2005;48;1;14;01;1;42500;42500 - Grandine;5;2;
2015;C2005;48;2;22;14;3;99900;99900 - Fattori investigati ma non identificati;5;2;
2015;C2005;49;1;14;08;1;27000;- Non identificato -;30;2;
2015;C2005;49;2;22;14;3;99900;99900 - Fattori investigati ma non identificati;10;2;
2015;C2005;49;3;32;08;3;30900;Cryphonectria parasitica = Endothia parasitica;25;2;
2015;C2005;49;4;14;01;1;42500;42500 - Grandine;5;2;
2015;C2005;50;1;14;06;1;42200;42200 - Siccità/aridità;10;2;
2015;C2005;51;1;33;08;3;30900;- Non identificato -;50;2;
2015;C2005;51;2;14;02;1;99900;99900 - Fattori investigati ma non identificati;5;2;
2015;C2005;51;3;14;01;1;42500;42500 - Grandine;5;2;
2015;C2005;52;1;14;01;1;42500;42500 - Grandine;5;2;
2015;C2005;52;2;14;02;1;99900;99900 - Fattori investigati ma non identificati;5;2;
2015;C2005;53;1;14;01;1;42500;42500 - Grandine;5;2;
2015;C2005;54;1;14;01;1;42500;42500 - Grandine;5;2;
2015;C2005;54;2;22;14;3;99900;99900 - Fattori investigati ma non identificati;5;2;
2015;C2005;55;1;14;08;1;27000;- Non identificato -;40;2;dryocosmus
2015;C2005;55;2;14;08;1;42200;42200 - Siccità/aridità;25;2;
2015;C2005;55;3;22;14;3;99900;99900 - Fattori investigati ma non identificati;5;2;
2015;C2005;55;4;32;08;3;30900;Cryphonectria parasitica = Endothia parasitica;25;2;
2015;C2005;56;1;22;10;3;27000;- Non identificato -;;;
2015;C2005;56;2;14;01;1;42500;42500 - Grandine;5;2;
2015;C2005;56;3;22;14;3;99900;99900 - Fattori investigati ma non identificati;5;2;
2015;C2005;57;1;14;01;1;42500;42500 - Grandine;5;2;
2015;C2005;57;2;22;14;3;99900;99900 - Fattori investigati ma non identificati;5;2;
2015;C2005;57;3;32;08;3;30900;Cryphonectria parasitica = Endothia parasitica;80;2;
2015;C2005;58;1;14;01;1;42500;42500 - Grandine;5;2;
2015;C2005;58;2;14;08;1;27000;- Non identificato -;35;2;dryocosmus
2015;C2005;58;3;32;08;3;30900;Cryphonectria parasitica = Endothia parasitica;30;2;
2015;C2005;59;1;14;01;1;42500;42500 - Grandine;5;2;
2015;C2005;59;2;14;08;1;27000;- Non identificato -;5;2;
2015;C2005;60;1;14;08;1;27000;- Non identificato -;15;2;
2015;C2005;60;2;25;14;3;99900;99900 - Fattori investigati ma non identificati;50;2;
2015;C2005;60;3;32;08;3;30900;Cryphonectria parasitica = Endothia parasitica;45;2;
2015;C2005;61;1;14;01;1;42500;42500 - Grandine;5;2;
2015;C2005;61;2;14;01;1;21000;- Non identificato -;5;2;
2015;C2005;62;1;14;01;1;42500;42500 - Grandine;5;2;
2015;C2005;63;1;14;02;1;42200;42200 - Siccità/aridità;10;2;
2015;C2005;64;1;14;08;3;27000;- Non identificato -;15;2;
2015;C2005;64;2;32;08;3;30900;Cryphonectria parasitica = Endothia parasitica;50;2;
2015;C2005;65;1;25;14;3;27000;- Non identificato -;50;2;
2015;C2005;65;2;14;01;1;27000;- Non identificato -;15;2;dryocosmus
2015;C2005;65;3;14;01;1;42500;42500 - Grandine;10;2;
2015;C2005;66;1;14;08;1;27000;- Non identificato -;10;2;
2015;C2005;66;2;26;14;3;30900;Cryphonectria parasitica = Endothia parasitica;100;2;
2015;C2005;68;1;13;03;3;30100;- Non identificato -;15;2;
2015;C2005;68;2;25;14;3;99900;99900 - Fattori investigati ma non identificati;5;2;
2015;C2005;69;1;13;03;3;30100;- Non identificato -;20;2;
2015;C2005;69;2;22;14;3;99900;99900 - Fattori investigati ma non identificati;5;2;
2015;C2005;71;1;14;08;1;42200;42200 - Siccità/aridità;15;2;
2015;C2005;70;1;14;01;1;42500;42500 - Grandine;5;2;
2015;C0155;4;2;34;08;2;31000;31000 - Deformazioni;20;2;
2015;C0155;4;1;13;01;1;99900;99900 - Fattori investigati ma non identificati;20;2;
2015;C0185;48;1;14;02;1;99900;99900 - Fattori investigati ma non identificati;60;2;
2015;C0185;48;2;31;09;2;99900;99900 - Fattori investigati ma non identificati;80;2;
2015;C2026;1;1;00;;;;;;;
2015;C2026;8;1;00;;;;;;;
2015;C2026;21;1;14;03;1;99900;99900 - Fattori investigati ma non identificati;25;2;
2015;C2026;38;1;00;;;;;;;
2015;C2026;58;1;00;;;;;;;
2015;C2026;57;1;00;;;;;;;
2015;C2026;56;1;14;04;1;99900;99900 - Fattori investigati ma non identificati;;1;
2015;C2026;51;1;00;;;;;;;
2015;C2026;13;1;14;10;3;27000;- Non identificato -;;;
2015;C2026;10;1;23;13;1;99900;99900 - Fattori investigati ma non identificati;5;2;
2015;C2026;10;2;14;10;1;27000;- Non identificato -;;;
2015;C2026;15;1;14;10;1;27000;- Non identificato -;;;
2015;C2026;20;1;14;10;3;27000;- Non identificato -;;;
2015;C2026;24;1;00;;;;;;;
2015;C2026;27;1;00;;;;;;;
2015;C2026;31;1;00;;;;;;;
2015;C2026;34;1;00;;;;;;;
2015;C2026;36;1;14;10;3;27000;- Non identificato -;;;
2015;C2026;45;1;14;04;1;99900;99900 - Fattori investigati ma non identificati;10;2;
2015;C2026;48;1;00;;;;;;;
2015;C2026;49;1;00;;;;;;;
2015;C2026;50;1;00;;;;;;;
2015;C2026;52;1;14;10;1;27000;- Non identificato -;;;
2015;C2026;53;1;00;;;;;;;
2015;C2026;54;1;14;04;1;99900;99900 - Fattori investigati ma non identificati;5;2;
2015;C2026;55;1;00;;;;;;;
2015;C0128;40;1;14;10;1;99900;99900 - Fattori investigati ma non identificati;;;
2015;C0901;34;1;22;14;1;99900;99900 - Fattori investigati ma non identificati;10;2;
2015;C0901;34;2;34;12;2;81003;81003 - Hedera helix;;;
2015;C0901;35;1;22;14;1;99900;99900 - Fattori investigati ma non identificati;5;2;
2015;C0901;35;2;14;03;1;99900;99900 - Fattori investigati ma non identificati;10;2;
2015;C0901;32;2;34;12;2;81003;81003 - Hedera helix;;;
2015;C0901;1;1;14;03;1;99900;99900 - Fattori investigati ma non identificati;10;2;
2015;C0901;1;2;34;12;3;81003;81003 - Hedera helix;;;
2015;C0901;33;2;14;01;1;21000;- Non identificato -;5;2;
2015;C0901;32;1;22;14;1;99900;99900 - Fattori investigati ma non identificati;5;2;
2015;C0901;33;1;22;14;1;99900;99900 - Fattori investigati ma non identificati;10;2;
2015;C0901;31;3;34;12;2;81003;81003 - Hedera helix;;;
2015;C0901;31;2;22;14;1;99900;99900 - Fattori investigati ma non identificati;5;2;
2015;C0901;31;1;14;01;1;21000;- Non identificato -;5;2;
2015;C0901;30;2;32;12;3;81003;81003 - Hedera helix;;;
2015;C0901;30;3;14;01;1;99900;99900 - Fattori investigati ma non identificati;20;2;
2015;C0901;30;1;14;03;1;99900;99900 - Fattori investigati ma non identificati;80;2;
2015;C0901;11;2;34;12;3;81003;81003 - Hedera helix;;;
2015;C0901;11;3;22;14;2;99900;99900 - Fattori investigati ma non identificati;5;2;
2015;C0901;4;2;22;14;2;99900;99900 - Fattori investigati ma non identificati;5;2;
2015;C0901;11;1;14;03;1;99900;99900 - Fattori investigati ma non identificati;5;2;
2015;C0962;1;1;23;14;2;99900;99900 - Fattori investigati ma non identificati;20;2;
2015;C0962;1;2;32;11;2;30000;30000 - Funghi;;;
2015;C0962;2;1;14;01;1;21000;- Non identificato -;5;2;
2015;C0962;3;1;14;01;1;21000;- Non identificato -;5;2;
2015;C0962;6;1;14;01;1;99900;99900 - Fattori investigati ma non identificati;5;2;
2015;C0962;17;1;22;14;2;99900;99900 - Fattori investigati ma non identificati;5;2;
2015;C0962;17;2;14;01;1;21000;- Non identificato -;10;2;
2015;C0962;32;1;14;01;1;99900;99900 - Fattori investigati ma non identificati;5;2;
2015;C0962;35;1;14;01;1;21000;- Non identificato -;5;2;
2015;C0962;36;1;14;01;1;21000;- Non identificato -;5;2;
2015;C0962;37;1;14;01;1;21000;- Non identificato -;5;2;
2015;C0962;37;2;22;14;1;99900;99900 - Fattori investigati ma non identificati;5;2;
2015;C0962;38;1;14;01;1;21000;- Non identificato -;5;2;
2015;C0962;39;1;14;01;1;21000;- Non identificato -;5;2;
2015;C0962;40;1;00;;;;;;;
2015;C0962;41;1;14;01;1;21000;- Non identificato -;5;2;
2015;C0962;42;1;00;;;;;;;
2015;C0962;43;1;00;;;;;;;
2015;C0962;44;1;14;01;1;21000;- Non identificato -;5;2;
2015;C0962;45;1;14;01;1;21000;- Non identificato -;5;2;
2015;C0962;46;1;22;14;1;99900;99900 - Fattori investigati ma non identificati;5;2;
2015;C0962;46;2;14;01;1;21000;- Non identificato -;5;2;
2015;C0962;47;1;22;14;1;99900;99900 - Fattori investigati ma non identificati;5;2;
2015;C0962;48;1;22;14;1;99900;99900 - Fattori investigati ma non identificati;5;2;
2015;C0961;31;1;14;01;1;21000;- Non identificato -;10;2;
2015;C0961;31;2;22;14;1;99900;99900 - Fattori investigati ma non identificati;5;2;
2015;C0961;32;1;14;01;1;21000;- Non identificato -;5;2;
2015;C0961;32;2;22;14;1;99900;99900 - Fattori investigati ma non identificati;10;2;
2015;C0961;33;1;14;01;1;21000;- Non identificato -;10;2;
2015;C0961;33;2;22;14;1;99900;99900 - Fattori investigati ma non identificati;10;2;
2015;C0961;34;1;14;01;1;21000;- Non identificato -;10;2;
2015;C0961;34;2;22;14;1;99900;99900 - Fattori investigati ma non identificati;5;2;
2015;C0961;35;1;14;01;1;21000;- Non identificato -;10;2;
2015;C0961;36;1;14;01;1;21000;- Non identificato -;5;2;
2015;C0961;36;2;22;14;1;99900;99900 - Fattori investigati ma non identificati;5;2;
2015;C0961;38;1;14;01;1;21000;- Non identificato -;5;2;
2015;C0961;38;2;22;14;1;99900;99900 - Fattori investigati ma non identificati;5;2;
2015;C0961;39;1;14;01;1;21000;- Non identificato -;5;2;
2015;C0961;39;2;22;14;1;99900;99900 - Fattori investigati ma non identificati;5;2;
2015;C0961;40;1;14;01;1;21000;- Non identificato -;10;2;
2015;C0961;41;1;22;14;1;99900;99900 - Fattori investigati ma non identificati;10;2;
2015;C0961;41;2;14;01;1;21000;- Non identificato -;5;2;
2015;C0961;42;1;14;01;1;21000;- Non identificato -;5;2;
2015;C0961;42;2;22;14;1;99900;99900 - Fattori investigati ma non identificati;5;2;
2015;C0961;43;1;14;01;1;21000;- Non identificato -;5;2;
2015;C0961;43;2;22;14;1;99900;99900 - Fattori investigati ma non identificati;5;2;
2015;C0961;44;1;14;01;1;21000;- Non identificato -;5;2;
2015;C0961;45;1;14;01;1;21000;- Non identificato -;5;2;
2015;C0961;45;2;22;14;1;99900;99900 - Fattori investigati ma non identificati;5;2;
2015;C0961;46;1;14;01;1;21000;- Non identificato -;5;2;
2015;C0961;46;2;22;01;1;99900;99900 - Fattori investigati ma non identificati;5;2;
2015;C0961;47;1;14;01;1;99900;99900 - Fattori investigati ma non identificati;5;2;
2015;C0961;48;1;14;01;1;21000;- Non identificato -;5;2;
2015;C0961;48;2;22;14;1;99900;99900 - Fattori investigati ma non identificati;5;2;
2015;C0961;49;1;14;01;1;21000;- Non identificato -;5;2;
2015;C0961;49;2;22;14;1;99900;99900 - Fattori investigati ma non identificati;10;2;
2015;C0961;50;1;14;01;1;21000;- Non identificato -;5;2;
2015;C0961;50;2;22;14;1;99900;99900 - Fattori investigati ma non identificati;5;2;
2015;C0961;51;1;14;01;1;21000;- Non identificato -;5;2;
2015;C0961;52;1;14;01;1;21000;- Non identificato -;5;2;
2015;C0961;53;1;14;01;1;21000;- Non identificato -;5;2;
2015;C0961;53;2;22;14;1;99900;99900 - Fattori investigati ma non identificati;5;2;
2015;C0961;54;1;14;01;1;21000;- Non identificato -;5;2;
2015;C0961;55;1;14;01;1;21000;- Non identificato -;5;2;
2015;C0961;55;2;22;14;1;99900;99900 - Fattori investigati ma non identificati;10;2;
2015;C0961;56;1;14;01;1;21000;- Non identificato -;5;2;
2015;C0961;57;1;14;01;1;21000;- Non identificato -;5;2;
2015;C0961;58;1;14;01;1;21000;- Non identificato -;5;2;
2015;C0961;59;1;14;01;1;21000;- Non identificato -;5;2;
2015;C0961;60;1;14;01;1;21000;- Non identificato -;5;2;
2015;C0961;61;1;14;01;1;21000;- Non identificato -;5;2;
2015;C0961;62;1;14;01;1;21000;- Non identificato -;5;2;
2015;C0961;62;2;22;01;1;99900;99900 - Fattori investigati ma non identificati;5;2;
2015;C0961;63;1;14;01;1;21000;- Non identificato -;5;2;
2015;C0961;63;2;22;14;1;99900;99900 - Fattori investigati ma non identificati;5;2;
2015;C0961;64;1;14;01;1;21000;- Non identificato -;5;2;
2015;C0961;64;2;22;14;1;99900;99900 - Fattori investigati ma non identificati;5;2;
2015;C0961;65;1;14;01;1;21000;- Non identificato -;5;2;
2015;C0961;66;1;14;01;1;21000;- Non identificato -;5;2;
2015;C0961;66;2;22;14;1;99900;99900 - Fattori investigati ma non identificati;10;2;
2015;C0961;67;1;14;01;1;21000;- Non identificato -;5;2;
2015;C0961;68;1;14;01;1;21000;- Non identificato -;5;2;
2015;C0961;68;2;22;14;1;99900;99900 - Fattori investigati ma non identificati;10;2;
2015;C0961;69;1;14;01;1;21000;- Non identificato -;5;2;
2015;C0961;69;2;22;14;1;99900;99900 - Fattori investigati ma non identificati;10;2;
2015;C0961;70;1;14;01;1;21000;- Non identificato -;5;2;
2015;C0961;70;2;22;14;1;99900;99900 - Fattori investigati ma non identificati;10;2;
2015;C0961;71;1;14;01;1;21000;- Non identificato -;5;2;
2015;C0961;71;2;22;14;1;99900;99900 - Fattori investigati ma non identificati;10;2;
2015;C0961;72;1;14;01;1;21000;- Non identificato -;5;2;
2015;C0961;72;2;22;14;1;99900;99900 - Fattori investigati ma non identificati;15;2;
2015;C0961;1;1;14;01;1;21000;- Non identificato -;5;2;
2015;C0961;1;2;22;14;1;99900;99900 - Fattori investigati ma non identificati;5;2;
2015;C0961;2;1;14;01;1;21000;- Non identificato -;5;2;
2015;C0961;3;1;14;01;1;21000;- Non identificato -;5;2;
2015;C0961;3;2;22;14;1;99900;99900 - Fattori investigati ma non identificati;5;2;
2015;C0961;4;1;14;01;1;21000;- Non identificato -;5;2;
2015;C0961;4;2;22;14;1;99900;99900 - Fattori investigati ma non identificati;10;2;
2015;C0961;5;1;14;01;1;21000;- Non identificato -;5;2;
2015;C0961;6;1;14;01;1;21000;- Non identificato -;5;2;
2015;C0961;7;1;14;01;1;21000;- Non identificato -;5;2;
2015;C0961;8;1;14;01;1;21000;- Non identificato -;5;2;
2015;C0961;9;1;14;01;1;21000;- Non identificato -;5;2;
2015;C0961;9;2;22;14;1;99900;99900 - Fattori investigati ma non identificati;5;2;
2015;C0961;10;1;14;01;1;21000;- Non identificato -;10;2;
2015;C0961;10;2;22;14;1;99900;99900 - Fattori investigati ma non identificati;5;2;
2015;C0961;11;1;14;01;1;21000;- Non identificato -;5;2;
2015;C0961;11;2;22;14;1;99900;99900 - Fattori investigati ma non identificati;5;2;
2015;C0961;12;1;14;01;1;21000;- Non identificato -;10;2;
2015;C0961;12;2;22;14;1;99900;99900 - Fattori investigati ma non identificati;5;2;
2015;C0961;14;1;14;01;1;21000;- Non identificato -;5;2;
2015;C0961;14;2;22;14;1;99900;99900 - Fattori investigati ma non identificati;5;2;
2015;C0961;16;1;14;01;1;21000;- Non identificato -;5;2;
2015;C0961;16;2;22;14;1;99900;99900 - Fattori investigati ma non identificati;5;2;
2015;C0961;30;1;14;01;1;21000;- Non identificato -;5;2;
2015;C0961;30;2;22;14;1;99900;99900 - Fattori investigati ma non identificati;10;2;
2015;C0943;3;1;22;14;1;99900;99900 - Fattori investigati ma non identificati;5;2;
2015;C0943;5;1;22;14;1;22000;Coroebus florentinus;10;2;
2015;C0943;25;1;14;01;1;21000;- Non identificato -;5;2;
2015;C0943;26;1;14;01;1;21000;- Non identificato -;5;2;
2015;C0943;27;1;14;01;1;21000;- Non identificato -;5;2;
2015;C0943;27;2;22;14;1;99900;99900 - Fattori investigati ma non identificati;10;2;
2015;C0943;28;1;14;01;1;21000;- Non identificato -;5;2;
2015;C0943;29;1;14;01;1;21000;- Non identificato -;5;2;
2015;C0943;30;1;14;01;1;21000;- Non identificato -;5;2;
2015;C0943;31;1;14;01;1;21000;- Non identificato -;5;2;
2015;C0943;31;2;22;14;1;99900;99900 - Fattori investigati ma non identificati;5;2;
2015;C0943;32;1;14;01;1;21000;- Non identificato -;5;2;
2015;C0943;32;2;22;14;1;99900;99900 - Fattori investigati ma non identificati;15;2;
2015;C0943;33;1;14;01;1;21000;- Non identificato -;5;2;
2015;C0943;34;1;14;01;1;21000;- Non identificato -;5;2;
2015;C0943;35;1;22;14;1;99900;99900 - Fattori investigati ma non identificati;5;2;
2015;C0943;36;1;22;14;1;99900;99900 - Fattori investigati ma non identificati;5;2;
2015;C0943;37;1;14;01;1;21000;- Non identificato -;5;2;
2015;C0943;38;1;14;01;1;21000;- Non identificato -;5;2;
2015;C0943;39;1;14;08;1;99900;99900 - Fattori investigati ma non identificati;10;2;
2015;C0943;39;2;33;17;2;99900;99900 - Fattori investigati ma non identificati;25;2;
2015;C0943;40;1;14;01;1;21000;- Non identificato -;5;2;
2015;C0943;41;1;14;08;1;99900;99900 - Fattori investigati ma non identificati;5;2;
2015;C0943;42;1;14;01;1;21000;- Non identificato -;5;2;
2015;C0943;43;1;14;01;1;21000;- Non identificato -;5;2;
2015;C0943;44;1;14;01;1;21000;- Non identificato -;5;2;
2015;C0943;45;1;14;01;1;21000;- Non identificato -;5;2;
2015;C0943;46;1;14;01;1;21000;- Non identificato -;5;2;
2015;C0943;47;1;22;14;1;99900;99900 - Fattori investigati ma non identificati;10;2;
2015;C0943;47;2;14;01;1;21000;- Non identificato -;5;2;
2015;C0901;4;1;34;12;2;81003;81003 - Hedera helix;;;
2015;C0128;45;1;14;10;1;99900;99900 - Fattori investigati ma non identificati;;;
2015;C0128;47;1;14;10;1;99900;99900 - Fattori investigati ma non identificati;;;
2015;C0128;41;1;00;;;;;;;
2015;C0128;7;1;00;;;;;;;
2015;C0128;39;1;22;14;1;99900;99900 - Fattori investigati ma non identificati;5;2;
2015;C0128;39;2;14;10;1;99900;99900 - Fattori investigati ma non identificati;;;
2015;C0128;43;1;00;;;;;;;
2015;C0157;2;1;00;;;;;;;
2015;C0157;6;1;00;;;;;;;
2015;C0157;22;1;00;;;;;;;
2015;C0157;23;1;00;;;;;;;
2015;C0157;24;1;00;;;;;;;
2015;C0157;25;1;00;;;;;;;
2015;C0158;1;1;14;10;1;26000;Rhynchaenus fagi;;;
2015;C0158;1;2;14;02;1;99900;99900 - Fattori investigati ma non identificati;5;2;
2015;C0158;2;1;00;;;;;;;
2015;C0158;3;1;14;10;1;26000;Rhynchaenus fagi;;;
2015;C0158;4;1;14;10;1;26000;Rhynchaenus fagi;;;
2015;C0158;5;1;14;10;1;26000;Rhynchaenus fagi;;;
2015;C0158;7;1;14;10;1;26000;Rhynchaenus fagi;;;
2015;C0158;10;1;14;10;1;26000;Rhynchaenus fagi;;;
2015;C0158;10;2;22;14;1;99900;99900 - Fattori investigati ma non identificati;5;2;
2015;C0158;11;1;14;10;1;26000;Rhynchaenus fagi;;;
2015;C0158;12;1;11;03;1;99900;99900 - Fattori investigati ma non identificati;15;2;
2015;C0158;13;1;14;10;1;26000;Rhynchaenus fagi;;;
2015;C0158;14;1;14;10;1;26000;Rhynchaenus fagi;;;
2015;C0158;15;1;14;10;1;26000;Rhynchaenus fagi;;;
2015;C0158;16;1;14;10;1;26000;Rhynchaenus fagi;;;
2015;C0158;24;1;14;10;1;26000;Rhynchaenus fagi;;;
2015;C0158;30;1;11;01;3;99900;99900 - Fattori investigati ma non identificati;40;2;
2015;C0160;1;1;12;01;1;99900;99900 - Fattori investigati ma non identificati;25;2;
2015;C0160;2;1;00;;;;;;;
2015;C0160;4;1;00;;;;;;;
2015;C0160;5;1;00;;;;;;;
2015;C0160;9;1;00;;;;;;;
2015;C0160;13;1;14;10;1;26000;Rhynchaenus fagi;;;
2015;C0160;15;1;14;10;1;26000;Rhynchaenus fagi;;;
2015;C0160;21;1;00;;;;;;;
2015;C0160;22;1;00;;;;;;;
2015;C0160;23;1;00;;;;;;;
2015;C0160;32;1;00;;;;;;;
2015;C0160;33;1;00;;;;;;;
2015;C0160;34;1;00;;;;;;;
2015;C0730;16;1;14;01;1;21000;Rhynchaenus fagi;10;2;
2015;C0730;16;2;14;08;1;99900;99900 - Fattori investigati ma non identificati;20;2;
2015;C0730;17;1;14;01;1;21000;Rhynchaenus fagi;5;2;
2015;C0730;17;2;14;08;1;99900;99900 - Fattori investigati ma non identificati;5;2;
2015;C0730;18;1;00;;;;;;;
2015;C0730;19;1;14;01;1;21000;Rhynchaenus fagi;15;2;
2015;C0730;19;2;22;14;2;99900;99900 - Fattori investigati ma non identificati;5;2;
2015;C0730;20;1;14;01;1;21000;Rhynchaenus fagi;10;2;
2015;C0730;20;2;22;14;3;99900;99900 - Fattori investigati ma non identificati;5;2;
2015;C0730;11;1;14;01;1;21000;- Non identificato -;5;2;
2015;C0730;10;1;14;01;1;21000;Rhynchaenus fagi;10;2;
2015;C0730;13;1;14;01;1;21000;Rhynchaenus fagi;10;2;
2015;C0730;8;1;14;01;1;21000;Rhynchaenus fagi;15;2;
2015;C0730;8;2;14;08;1;99900;99900 - Fattori investigati ma non identificati;20;2;
2015;C0730;9;1;14;01;1;21000;Rhynchaenus fagi;15;2;
2015;C0730;27;1;14;01;1;21000;Rhynchaenus fagi;10;2;
2015;C0730;37;1;14;01;1;21000;Rhynchaenus fagi;5;2;
2015;C0730;37;2;14;08;1;99900;99900 - Fattori investigati ma non identificati;10;2;
2015;C0730;36;1;14;01;1;21000;Rhynchaenus fagi;5;2;
2015;C0730;5;1;14;01;1;21000;- Non identificato -;5;2;
2015;C0730;41;1;14;01;1;21000;- Non identificato -;10;2;
2015;C0730;40;1;14;01;1;21000;- Non identificato -;5;2;
2015;C0730;42;1;14;01;1;21000;- Non identificato -;10;2;
2015;C0730;43;1;14;01;1;21000;- Non identificato -;10;2;
2015;C2044;1;1;14;03;1;30600;Apiognomonia quercina;5;2;
2015;C2044;2;1;14;03;1;30600;Apiognomonia quercina;5;2;
2015;C2044;2;2;14;02;1;99900;99900 - Fattori investigati ma non identificati;10;2;
2015;C2044;2;3;22;14;2;99900;99900 - Fattori investigati ma non identificati;5;2;
2015;C2044;7;1;14;03;1;30600;Apiognomonia quercina;10;2;
2015;C2044;7;2;22;14;2;99900;99900 - Fattori investigati ma non identificati;5;2;
2015;C2044;8;1;22;14;2;99900;99900 - Fattori investigati ma non identificati;5;2;
2015;C2044;4;1;25;14;3;99900;99900 - Fattori investigati ma non identificati;70;2;
2015;C2044;4;2;14;03;1;30600;Apiognomonia quercina;100;2;
2015;C2044;4;3;32;10;3;22000;- Non identificato -;;;
2015;C2044;4;4;33;10;3;22000;- Non identificato -;;;
2015;C2044;5;1;14;03;1;30600;Apiognomonia quercina;10;2;
2015;C2044;6;1;14;03;1;30600;Apiognomonia quercina;10;2;
2015;C2044;9;1;22;14;3;99900;99900 - Fattori investigati ma non identificati;5;2;
2015;C2044;10;1;14;03;1;30600;Apiognomonia quercina;5;2;
2015;C2044;10;2;22;14;2;99900;99900 - Fattori investigati ma non identificati;5;2;
2015;C2044;11;1;00;;;;;;;
2015;C2044;13;1;14;03;1;30600;Apiognomonia quercina;10;2;
2015;C2044;21;1;14;03;1;30600;Apiognomonia quercina;5;2;
2015;C2044;21;2;22;14;2;99900;99900 - Fattori investigati ma non identificati;5;2;
2015;C2044;25;1;14;01;1;21000;- Non identificato -;10;2;
2015;C2044;25;2;14;03;1;30600;Apiognomonia quercina;10;2;
2015;C2044;25;3;22;14;1;99900;99900 - Fattori investigati ma non identificati;5;2;
2015;C2044;26;1;14;03;1;30600;Apiognomonia quercina;5;2;
2015;C0749;1;1;14;03;1;30600;Apiognomonia quercina;5;2;
2015;C0749;1;2;14;01;1;21000;- Non identificato -;5;2;
2015;C0749;17;1;14;01;1;21000;- Non identificato -;5;2;
2015;C0749;17;2;14;03;1;30600;Apiognomonia quercina;5;2;
2015;C0749;31;1;14;01;1;21000;- Non identificato -;5;2;
2015;C0749;31;2;22;14;1;99900;99900 - Fattori investigati ma non identificati;15;2;
2015;C0749;32;1;14;01;1;21000;- Non identificato -;10;2;
2015;C0749;32;2;14;03;1;30600;Apiognomonia quercina;15;2;
2015;C0749;32;3;22;14;1;99900;99900 - Fattori investigati ma non identificati;5;2;
2015;C0749;34;1;14;01;1;21000;- Non identificato -;5;2;
2015;C0749;34;2;14;03;1;30600;Apiognomonia quercina;5;2;
2015;C0749;35;1;14;01;1;30600;Apiognomonia quercina;5;2;
2015;C0749;36;1;14;03;1;30600;Apiognomonia quercina;10;2;
2015;C0749;37;1;14;03;1;30600;Apiognomonia quercina;10;2;
2015;C0749;37;2;14;01;1;21000;- Non identificato -;5;2;
2015;C0749;37;3;22;14;1;99900;99900 - Fattori investigati ma non identificati;5;2;
2015;C0749;38;1;14;03;1;30600;Apiognomonia quercina;15;2;
2015;C0749;39;1;14;01;1;21000;- Non identificato -;5;2;
2015;C0749;39;2;14;03;1;30600;Apiognomonia quercina;10;2;
2015;C0749;40;1;14;01;1;21000;- Non identificato -;5;2;
2015;C0749;40;2;14;03;1;30600;Apiognomonia quercina;10;2;
2015;C0749;41;1;14;03;1;30600;Apiognomonia quercina;5;2;
2015;C0749;42;1;14;03;1;30600;Apiognomonia quercina;10;2;
2015;C0749;43;1;14;03;1;30600;Apiognomonia quercina;5;2;
2015;C0749;44;1;14;03;1;30600;Apiognomonia quercina;10;2;
2015;C0749;45;1;14;03;1;30600;Apiognomonia quercina;10;2;
2015;C0749;45;2;14;01;1;21000;- Non identificato -;5;2;
2015;C0749;46;1;14;03;1;30600;Apiognomonia quercina;5;2;
2015;C0749;47;1;14;03;1;30600;Apiognomonia quercina;10;2;
2015;C0749;47;2;14;01;1;21000;- Non identificato -;5;2;
2015;C0749;49;1;14;03;1;30600;Apiognomonia quercina;5;2;
2015;C0749;50;1;14;01;1;21000;- Non identificato -;5;2;
2015;C0749;50;2;14;03;1;30600;Apiognomonia quercina;10;2;
2015;C0749;51;1;14;01;1;21000;- Non identificato -;5;2;
2015;C0749;51;2;14;03;1;30600;Apiognomonia quercina;20;2;
2015;C0749;51;3;22;14;1;99900;99900 - Fattori investigati ma non identificati;5;2;
2015;C0749;52;1;24;14;3;99900;99900 - Fattori investigati ma non identificati;20;2;
2015;C0749;52;2;14;01;1;21000;- Non identificato -;5;2;
2015;C0749;52;3;14;03;1;30600;Apiognomonia quercina;20;2;
2015;C0749;53;1;14;03;1;30600;Apiognomonia quercina;10;2;
2015;C0749;54;1;14;03;1;30600;Apiognomonia quercina;10;2;
2015;C0749;55;1;14;03;1;30600;Apiognomonia quercina;5;2;
2015;C0749;56;1;14;03;1;30600;Apiognomonia quercina;10;2;
2015;C0749;57;1;14;03;1;30600;Apiognomonia quercina;10;2;
2015;C0749;58;1;14;03;1;30600;Apiognomonia quercina;10;2;
2015;C0452;45;2;22;14;3;99900;99900 - Fattori investigati ma non ide;10;2;
2015;C0452;45;1;14;01;1;99900;99900 - Fattori investigati ma non ide;20;2;
2015;C0452;43;2;14;03;1;99900;99900 - Fattori investigati ma non ide;5;2;
2015;C0452;43;1;14;01;1;99900;99900 - Fattori investigati ma non ide;10;2;
2015;C0452;12;3;22;14;3;99900;99900 - Fattori investigati ma non ide;10;2;
2015;C0452;12;2;14;04;1;99900;99900 - Fattori investigati ma non ide;20;2;
2015;C0452;12;1;14;01;1;99900;99900 - Fattori investigati ma non ide;20;2;
2015;C0452;11;2;23;14;3;99900;99900 - Fattori investigati ma non ide;10;2;
2015;C0452;13;2;25;14;3;99900;99900 - Fattori investigati ma non ide;40;2;
2015;C0452;11;1;14;01;1;99900;99900 - Fattori investigati ma non ide;40;2;
2015;C0452;13;3;14;03;1;99900;99900 - Fattori investigati ma non ide;70;2;
2015;C0452;13;1;14;01;1;99900;99900 - Fattori investigati ma non ide;10;2;
2015;C0452;14;1;25;01;1;42400;42400 - Gelo/gelate;;1;
2015;C0452;5;2;23;01;3;99900;99900 - Fattori investigati ma non ide;15;2;
2015;C0452;5;1;14;01;1;99900;99900 - Fattori investigati ma non ide;10;2;
2015;C0452;41;1;14;01;1;99900;99900 - Fattori investigati ma non ide;15;2;
2015;C0452;42;2;22;14;1;99900;99900 - Fattori investigati ma non ide;20;2;
2015;C0452;42;1;14;01;1;99900;99900 - Fattori investigati ma non ide;40;2;
2015;C0452;4;3;21;14;1;99900;99900 - Fattori investigati ma non ide;10;2;
2015;C0452;4;2;25;14;3;99900;99900 - Fattori investigati ma non ide;30;2;
2015;C0452;4;1;14;01;1;99900;99900 - Fattori investigati ma non ide;15;2;
2015;C0452;3;3;14;03;1;99900;99900 - Fattori investigati ma non ide;20;2;
2015;C0452;3;2;25;14;3;99900;99900 - Fattori investigati ma non ide;20;2;
2015;C0452;3;1;14;01;1;99900;99900 - Fattori investigati ma non ide;20;2;
2015;C0426;5;1;14;01;1;21000;- Non identificato -;5;2;
2015;C0426;5;2;22;14;3;99900;99900 - Fattori investigati ma non identificati;10;2;
2015;C0426;8;1;14;01;1;21000;- Non identificato -;5;2;
2015;C0426;8;2;14;03;1;99900;99900 - Fattori investigati ma non identificati;5;2;
2015;C0426;51;1;14;01;1;21000;- Non identificato -;5;2;
2015;C0426;51;2;14;03;1;99900;99900 - Fattori investigati ma non identificati;5;2;
2015;C0426;20;1;14;01;1;21000;- Non identificato -;5;2;
2015;C0426;20;2;14;03;1;99900;99900 - Fattori investigati ma non identificati;10;2;
2015;C0426;20;3;22;14;3;99900;99900 - Fattori investigati ma non identificati;10;2;
2015;C0426;22;1;14;01;1;21000;- Non identificato -;5;2;
2015;C0426;22;2;14;03;1;99900;99900 - Fattori investigati ma non identificati;15;2;
2015;C0426;21;1;14;01;1;21000;- Non identificato -;10;2;
2015;C0426;21;2;14;03;1;99900;99900 - Fattori investigati ma non identificati;10;2;
2015;C0426;7;1;14;01;1;21000;- Non identificato -;5;2;
2015;C0426;7;2;21;14;1;99900;99900 - Fattori investigati ma non identificati;5;2;
2015;C0426;31;1;14;01;1;21000;- Non identificato -;5;2;
2015;C0426;31;2;21;14;1;99900;99900 - Fattori investigati ma non identificati;5;2;
2015;C0426;14;1;14;01;1;21000;- Non identificato -;5;2;
2015;C0426;14;2;21;14;1;99900;99900 - Fattori investigati ma non identificati;5;2;
2015;C0426;16;1;14;01;1;21000;- Non identificato -;5;2;
2015;C0426;16;2;14;02;1;99900;99900 - Fattori investigati ma non identificati;5;2;
2015;C0426;35;1;14;01;1;21000;- Non identificato -;5;2;
2015;C0426;35;2;14;02;1;99900;99900 - Fattori investigati ma non identificati;5;2;
2015;C0426;35;3;21;14;1;99900;99900 - Fattori investigati ma non identificati;5;2;
2015;C0426;33;1;14;01;1;21000;- Non identificato -;5;2;
2015;C0426;33;2;21;14;1;99900;99900 - Fattori investigati ma non identificati;5;2;
2015;C0426;43;1;14;01;1;21000;- Non identificato -;10;2;
2015;C0426;34;1;14;01;1;21000;- Non identificato -;5;2;
2015;C0426;34;2;21;14;1;99900;99900 - Fattori investigati ma non identificati;5;2;
2015;C0426;36;1;14;01;1;21000;- Non identificato -;5;2;
2015;C0426;36;2;14;02;1;99900;99900 - Fattori investigati ma non identificati;5;2;
2015;C0426;36;3;14;08;1;99900;99900 - Fattori investigati ma non identificati;40;2;
2015;C0426;40;1;14;01;1;21000;- Non identificato -;5;2;
2015;C0426;40;2;14;03;1;99900;99900 - Fattori investigati ma non identificati;5;2;
2015;C0426;40;3;21;14;1;99900;99900 - Fattori investigati ma non identificati;5;2;
2015;C0426;44;1;14;01;1;21000;- Non identificato -;5;2;
2015;C0426;44;2;14;02;1;99900;99900 - Fattori investigati ma non identificati;5;2;
2015;C0426;47;1;14;01;1;21000;- Non identificato -;5;2;
2015;C0426;47;2;14;02;1;99900;99900 - Fattori investigati ma non identificati;5;2;
2015;C0426;48;1;14;01;1;21000;- Non identificato -;5;2;
2015;C0426;48;2;14;03;1;99900;99900 - Fattori investigati ma non identificati;5;2;
2015;C0426;48;3;21;14;1;99900;99900 - Fattori investigati ma non identificati;10;2;
2015;C0426;46;1;14;01;1;21000;- Non identificato -;5;2;
2015;C0426;45;1;14;01;1;21000;- Non identificato -;5;2;
2015;C0426;49;1;14;01;1;21000;- Non identificato -;10;2;
2015;C0426;49;2;14;02;1;99900;99900 - Fattori investigati ma non identificati;5;2;
2015;C0426;49;3;14;08;1;99900;99900 - Fattori investigati ma non identificati;40;2;
2015;C0426;49;4;34;12;3;81005;81005 - Clematis sp.;;;
2015;C0426;50;1;14;01;1;21000;- Non identificato -;10;2;
2015;C0426;50;2;14;02;1;99900;99900 - Fattori investigati ma non identificati;5;2;
2015;C0426;50;3;14;08;1;99900;99900 - Fattori investigati ma non identificati;40;2;
2015;C0426;50;4;34;12;3;81005;81005 - Clematis sp.;;;
2015;C0398;1;1;14;01;1;21000;- Non identificato -;5;2;
2015;C0398;1;2;14;03;1;99900;99900 - Fattori investigati ma non identificati;10;2;
2015;C0398;1;3;14;08;1;99900;99900 - Fattori investigati ma non identificati;40;2;
2015;C0398;2;1;14;08;1;99900;99900 - Fattori investigati ma non identificati;20;2;
2015;C0398;47;1;14;08;1;99900;99900 - Fattori investigati ma non identificati;20;2;
2015;C0398;47;2;14;01;1;21000;- Non identificato -;5;2;
2015;C0398;46;1;14;03;1;99900;99900 - Fattori investigati ma non identificati;5;2;
2015;C0398;46;2;14;08;1;99900;99900 - Fattori investigati ma non identificati;20;2;
2015;C0398;46;3;21;14;1;99900;99900 - Fattori investigati ma non identificati;5;2;
2015;C0398;32;1;14;03;1;99900;99900 - Fattori investigati ma non identificati;5;2;
2015;C0398;32;2;14;08;1;99900;99900 - Fattori investigati ma non identificati;80;2;
2015;C0398;33;1;14;03;1;99900;99900 - Fattori investigati ma non identificati;5;2;
2015;C0398;33;2;14;08;1;99900;99900 - Fattori investigati ma non identificati;80;2;
2015;C0398;34;1;14;03;1;99900;99900 - Fattori investigati ma non identificati;5;2;
2015;C0398;34;2;14;08;1;99900;99900 - Fattori investigati ma non identificati;20;2;
2015;C0398;30;1;14;02;1;99900;99900 - Fattori investigati ma non identificati;5;2;
2015;C0398;30;2;14;08;1;99900;99900 - Fattori investigati ma non identificati;40;2;
2015;C0398;30;3;25;14;3;99900;99900 - Fattori investigati ma non identificati;20;2;
2015;C0398;35;1;14;03;1;99900;99900 - Fattori investigati ma non identificati;5;2;
2015;C0398;35;2;14;01;1;21000;- Non identificato -;5;2;
2015;C0398;35;3;21;14;1;99900;99900 - Fattori investigati ma non identificati;5;2;
2015;C0398;36;1;14;08;1;99900;99900 - Fattori investigati ma non identificati;20;2;
2015;C0398;22;1;14;03;1;99900;99900 - Fattori investigati ma non identificati;5;2;
2015;C0398;22;2;14;08;1;99900;99900 - Fattori investigati ma non identificati;30;2;
2015;C0398;24;1;14;03;1;99900;99900 - Fattori investigati ma non identificati;10;2;
2015;C0398;24;2;14;06;1;99900;99900 - Fattori investigati ma non identificati;50;2;
2015;C0398;24;3;14;08;1;99900;99900 - Fattori investigati ma non identificati;80;2;
2015;C0398;28;1;14;03;1;99900;99900 - Fattori investigati ma non identificati;10;2;
2015;C0398;28;2;14;08;1;99900;99900 - Fattori investigati ma non identificati;20;2;
2015;C0398;25;1;14;03;1;99900;99900 - Fattori investigati ma non identificati;5;2;
2015;C0398;25;2;14;08;1;99900;99900 - Fattori investigati ma non identificati;60;2;
2015;C0398;27;1;14;03;1;99900;99900 - Fattori investigati ma non identificati;15;2;
2015;C0398;27;2;26;14;3;99900;99900 - Fattori investigati ma non identificati;80;2;
2015;C0398;38;1;14;08;1;99900;99900 - Fattori investigati ma non identificati;15;2;
2015;C0398;37;1;14;08;1;99900;99900 - Fattori investigati ma non identificati;30;2;
2015;C0398;26;1;14;03;1;99900;99900 - Fattori investigati ma non identificati;5;2;
2015;C0398;26;2;14;08;1;99900;99900 - Fattori investigati ma non identificati;20;2;
2015;C0398;26;3;21;14;1;99900;99900 - Fattori investigati ma non identificati;5;2;
2015;C0398;29;1;14;08;1;99900;99900 - Fattori investigati ma non identificati;20;2;
2015;C0398;39;1;14;03;1;99900;99900 - Fattori investigati ma non identificati;5;2;
2015;C0398;39;2;14;08;1;99900;99900 - Fattori investigati ma non identificati;10;2;
2015;C0398;40;1;14;03;1;99900;99900 - Fattori investigati ma non identificati;5;2;
2015;C0398;40;2;14;08;1;99900;99900 - Fattori investigati ma non identificati;20;2;
2015;C0398;41;1;14;08;1;99900;99900 - Fattori investigati ma non identificati;30;2;
2015;C0398;43;1;14;03;1;99900;99900 - Fattori investigati ma non identificati;15;2;
2015;C0398;43;2;14;08;1;99900;99900 - Fattori investigati ma non identificati;20;2;
2015;C0398;43;3;21;14;1;99900;99900 - Fattori investigati ma non identificati;5;2;
2015;C0398;42;1;14;03;1;99900;99900 - Fattori investigati ma non identificati;5;2;
2015;C0398;44;1;14;08;1;99900;99900 - Fattori investigati ma non identificati;20;2;
2015;C0398;44;2;21;14;1;99900;99900 - Fattori investigati ma non identificati;5;2;
2015;C0398;45;1;14;03;1;99900;99900 - Fattori investigati ma non identificati;5;2;
2015;C0398;45;2;14;08;1;99900;99900 - Fattori investigati ma non identificati;20;2;
2015;C0398;45;3;21;08;1;27000;Cynips quercus-tozae;5;2;
2015;C0399;39;1;14;03;1;99900;99900 - Fattori investigati ma non identificati;5;2;
2015;C0399;39;2;14;06;1;99900;99900 - Fattori investigati ma non identificati;80;2;
2015;C0399;39;3;21;14;1;99900;99900 - Fattori investigati ma non identificati;15;2;
2015;C0399;39;4;21;08;1;27000;Cynips quercus-tozae;5;2;
2015;C0399;40;1;14;03;1;99900;99900 - Fattori investigati ma non identificati;10;2;
2015;C0399;41;1;14;03;1;99900;99900 - Fattori investigati ma non identificati;20;2;
2015;C0399;41;2;14;06;1;99900;99900 - Fattori investigati ma non identificati;80;2;
2015;C0399;7;1;14;01;1;21000;- Non identificato -;5;2;
2015;C0399;7;2;21;14;1;99900;99900 - Fattori investigati ma non identificati;10;2;
2015;C0399;8;1;14;03;1;99900;99900 - Fattori investigati ma non identificati;5;2;
2015;C0399;8;2;25;14;3;99900;99900 - Fattori investigati ma non identificati;15;2;
2015;C0399;9;1;14;03;1;99900;99900 - Fattori investigati ma non identificati;5;2;
2015;C0399;9;2;21;14;1;99900;99900 - Fattori investigati ma non identificati;10;2;
2015;C0399;11;1;14;03;1;99900;99900 - Fattori investigati ma non identificati;10;2;
2015;C0399;11;2;21;08;1;27000;Cynips quercus-tozae;5;2;
2015;C0399;11;3;31;08;2;99900;99900 - Fattori investigati ma non identificati;5;2;
2015;C0399;12;1;14;03;1;99900;99900 - Fattori investigati ma non identificati;5;2;
2015;C0399;12;2;21;14;1;99900;99900 - Fattori investigati ma non identificati;5;2;
2015;C0399;38;1;14;03;1;99900;99900 - Fattori investigati ma non identificati;10;2;
2015;C0399;38;2;21;14;1;99900;99900 - Fattori investigati ma non identificati;5;2;
2015;C0423;3;1;14;03;1;99900;99900 - Fattori investigati ma non identificati;5;2;
2015;C0423;3;2;21;08;1;27000;Cynips caput-medusae;5;2;
2015;C0423;5;1;25;14;3;99900;99900 - Fattori investigati ma non identificati;20;2;
2015;C0423;5;2;14;03;1;99900;99900 - Fattori investigati ma non identificati;5;2;
2015;C0423;5;3;21;08;1;27000;Cynips caput-medusae;5;2;
2015;C0423;46;1;25;14;3;99900;99900 - Fattori investigati ma non identificati;40;2;
2015;C0423;46;2;14;03;1;99900;99900 - Fattori investigati ma non identificati;15;2;
2015;C0423;47;1;14;03;1;99900;99900 - Fattori investigati ma non identificati;5;2;
2015;C0423;47;2;14;01;1;21000;- Non identificato -;5;2;
2015;C0423;48;1;25;14;3;99900;99900 - Fattori investigati ma non identificati;20;2;
2015;C0423;48;2;14;03;1;99900;99900 - Fattori investigati ma non identificati;10;2;
2015;C0423;49;1;14;03;1;99900;99900 - Fattori investigati ma non identificati;10;2;
2015;C0423;49;2;21;14;1;99900;99900 - Fattori investigati ma non identificati;5;2;
2015;C0423;46;3;31;12;3;81005;81005 - Clematis sp.;;;
2015;C0423;48;3;31;12;3;81005;81005 - Clematis sp.;;;
2015;C0424;5;1;14;01;1;21000;Rhynchaenus fagi;10;2;mine fogliari con apice  necrotizzato
2015;C0424;5;2;14;08;1;99900;99900 - Fattori investigati ma non identificati;80;2;imbarcamento fogliare
2015;C0424;7;1;14;01;1;21000;Rhynchaenus fagi;5;2;
2015;C0424;7;2;14;03;1;99900;99900 - Fattori investigati ma non identificati;5;2;
2015;C0424;7;3;14;08;1;99900;99900 - Fattori investigati ma non identificati;60;2;
2015;C0424;15;1;14;03;1;26000;Rhynchaenus fagi;15;2;erosione fogliare
2015;C0424;15;2;14;08;1;99900;99900 - Fattori investigati ma non identificati;80;2;
2015;C0424;18;1;21;14;1;99900;99900 - Fattori investigati ma non identificati;5;2;
2015;C0424;18;2;14;01;1;21000;- Non identificato -;5;2;
2015;C0424;18;3;14;03;1;99900;99900 - Fattori investigati ma non identificati;5;2;
2015;C0424;18;4;14;08;1;99900;99900 - Fattori investigati ma non identificati;40;2;
2015;C0424;20;1;21;14;1;99900;99900 - Fattori investigati ma non identificati;5;2;
2015;C0424;20;2;14;01;1;21000;- Non identificato -;5;2;
2015;C0424;20;3;14;03;1;99900;99900 - Fattori investigati ma non identificati;5;2;
2015;C0424;21;1;14;01;1;21000;- Non identificato -;5;2;
2015;C0424;21;2;14;03;1;99900;99900 - Fattori investigati ma non identificati;5;2;
2015;C0424;21;3;14;08;1;99900;99900 - Fattori investigati ma non identificati;40;2;
2015;C0424;22;1;14;03;1;99900;99900 - Fattori investigati ma non identificati;10;2;
2015;C0424;22;2;14;01;1;99900;99900 - Fattori investigati ma non identificati;10;2;
2015;C0424;22;3;14;08;1;99900;99900 - Fattori investigati ma non identificati;60;2;
2015;C0424;23;1;21;14;1;99900;99900 - Fattori investigati ma non identificati;5;2;
2015;C0424;23;2;14;03;1;99900;99900 - Fattori investigati ma non identificati;10;2;
2015;C0424;23;3;14;08;1;99900;99900 - Fattori investigati ma non identificati;20;2;
2015;C0424;24;1;14;03;1;99900;99900 - Fattori investigati ma non identificati;10;2;
2015;C0424;24;2;14;01;1;21000;- Non identificato -;5;2;
2015;C0424;24;3;21;14;1;99900;99900 - Fattori investigati ma non identificati;5;2;
2015;C0424;24;4;14;08;1;99900;99900 - Fattori investigati ma non identificati;50;2;
2015;C0424;28;1;14;01;1;21000;- Non identificato -;5;2;
2015;C0424;28;2;14;08;1;99900;99900 - Fattori investigati ma non identificati;40;2;
2015;C0424;30;1;14;01;1;21000;- Non identificato -;10;2;
2015;C0424;30;2;14;03;1;99900;99900 - Fattori investigati ma non identificati;5;2;
2015;C0424;30;3;14;08;1;99900;99900 - Fattori investigati ma non identificati;30;2;
2015;C0424;31;1;14;01;1;21000;- Non identificato -;5;2;
2015;C0424;31;2;14;03;1;99900;99900 - Fattori investigati ma non identificati;5;2;
2015;C0424;31;3;14;08;1;99900;99900 - Fattori investigati ma non identificati;50;2;
2015;C0424;32;1;14;01;1;21000;- Non identificato -;15;2;
2015;C0424;33;1;14;01;1;21000;- Non identificato -;5;2;
2015;C0424;33;2;14;03;1;99900;99900 - Fattori investigati ma non identificati;15;2;
2015;C0424;33;3;14;08;1;99900;99900 - Fattori investigati ma non identificati;60;2;
2015;C0424;34;1;14;01;1;21000;- Non identificato -;5;2;
2015;C0424;34;2;14;03;1;99900;99900 - Fattori investigati ma non identificati;15;2;
2015;C0424;34;3;14;08;1;99900;99900 - Fattori investigati ma non identificati;60;2;
2015;C0424;37;1;14;03;1;99900;99900 - Fattori investigati ma non identificati;5;2;
2015;C0424;37;2;14;08;1;99900;99900 - Fattori investigati ma non identificati;60;2;
2015;C0424;38;1;14;03;1;99900;99900 - Fattori investigati ma non identificati;10;2;
2015;C0424;38;2;14;08;1;99900;99900 - Fattori investigati ma non identificati;80;2;
2015;C0424;38;3;21;14;1;99900;99900 - Fattori investigati ma non identificati;5;2;
2015;C0424;40;1;14;01;1;21000;- Non identificato -;5;2;
2015;C0424;40;2;14;03;1;99900;99900 - Fattori investigati ma non identificati;5;2;
2015;C0424;40;3;14;08;1;99900;99900 - Fattori investigati ma non identificati;20;2;
2015;C0424;42;1;14;01;1;99900;99900 - Fattori investigati ma non identificati;5;2;
2015;C0424;42;2;14;03;1;99900;99900 - Fattori investigati ma non identificati;5;2;
2015;C0424;42;3;14;08;1;99900;99900 - Fattori investigati ma non identificati;40;2;
2015;C0424;43;1;14;01;1;21000;- Non identificato -;5;2;
2015;C0424;43;2;14;03;1;99900;99900 - Fattori investigati ma non identificati;5;2;
2015;C0424;43;3;14;08;1;99900;99900 - Fattori investigati ma non identificati;20;2;
2015;C0424;43;4;21;14;1;99900;99900 - Fattori investigati ma non identificati;5;2;
2015;C0424;40;4;32;17;2;99900;99900 - Fattori investigati ma non identificati;;1;
2015;C0448;24;1;14;01;1;21000;- Non identificato -;5;2;
2015;C0448;24;2;14;03;1;99900;99900 - Fattori investigati ma non identificati;5;2;
2015;C0448;24;3;14;08;1;99900;99900 - Fattori investigati ma non identificati;40;2;
2015;C0448;24;4;22;14;3;99900;99900 - Fattori investigati ma non identificati;20;2;
2015;C0448;44;1;14;01;1;21000;- Non identificato -;5;2;
2015;C0448;44;2;14;03;1;99900;99900 - Fattori investigati ma non identificati;5;2;
2015;C0448;44;3;14;08;1;99900;99900 - Fattori investigati ma non identificati;60;2;
2015;C0448;43;1;14;01;1;21000;- Non identificato -;5;2;
2015;C0448;43;2;14;03;1;99900;99900 - Fattori investigati ma non identificati;5;2;
2015;C0448;43;3;14;08;1;99900;99900 - Fattori investigati ma non identificati;60;2;
2015;C0448;42;1;14;01;1;21000;- Non identificato -;5;2;
2015;C0448;42;2;14;03;1;99900;99900 - Fattori investigati ma non identificati;5;2;
2015;C0448;42;3;14;08;1;99900;99900 - Fattori investigati ma non identificati;5;2;
2015;C0448;40;1;14;01;1;21000;- Non identificato -;15;2;
2015;C0448;40;2;14;03;1;99900;99900 - Fattori investigati ma non identificati;5;2;
2015;C0448;40;3;14;08;1;99900;99900 - Fattori investigati ma non identificati;50;2;
2015;C0448;38;1;14;01;1;21000;- Non identificato -;5;2;
2015;C0448;38;2;14;03;1;99900;99900 - Fattori investigati ma non identificati;5;2;
2015;C0448;38;3;14;08;1;99900;99900 - Fattori investigati ma non identificati;50;2;
2015;C0448;37;1;14;01;1;21000;- Non identificato -;10;2;
2015;C0448;37;2;14;03;1;99900;99900 - Fattori investigati ma non identificati;5;2;
2015;C0448;37;3;14;08;1;99900;99900 - Fattori investigati ma non identificati;50;2;
2015;C0448;35;1;14;01;1;21000;- Non identificato -;5;2;
2015;C0448;35;2;21;14;1;99900;99900 - Fattori investigati ma non identificati;5;2;
2015;C0448;29;1;14;01;1;21000;- Non identificato -;5;2;
2015;C0448;29;2;14;08;1;99900;99900 - Fattori investigati ma non identificati;40;2;
2015;C0448;39;1;14;08;1;99900;99900 - Fattori investigati ma non identificati;60;2;
2015;C0448;25;1;14;08;1;99900;99900 - Fattori investigati ma non identificati;40;2;
2015;C0448;27;1;14;08;1;99900;99900 - Fattori investigati ma non identificati;30;2;
2015;C0448;28;1;14;08;1;99900;99900 - Fattori investigati ma non identificati;30;2;
2015;C0448;26;1;14;03;1;99900;99900 - Fattori investigati ma non identificati;5;2;
2015;C0448;26;2;22;14;2;99900;99900 - Fattori investigati ma non identificati;5;2;
2015;C0448;34;1;14;03;1;99900;99900 - Fattori investigati ma non identificati;5;2;
2015;C0448;34;2;21;14;1;99900;99900 - Fattori investigati ma non identificati;5;2;
2015;C0884;2;1;14;04;1;99900;99900 - Fattori investigati ma non identificati;5;2;
2015;C0884;2;2;23;14;2;99900;99900 - Fattori investigati ma non identificati;5;2;
2015;C0884;3;1;14;01;1;21000;- Non identificato -;5;2;
2015;C0884;3;2;14;04;1;99900;99900 - Fattori investigati ma non identificati;5;2;
2015;C0884;3;3;23;14;2;99900;99900 - Fattori investigati ma non identificati;5;2;
2015;C0884;3;4;31;12;3;81003;81003 - Hedera helix;;;
2015;C0884;10;1;14;04;1;99900;99900 - Fattori investigati ma non identificati;5;2;
2015;C0884;11;1;14;01;1;21000;- Non identificato -;5;2;
2015;C0884;11;2;14;04;1;99900;99900 - Fattori investigati ma non identificati;5;2;
2015;C0884;11;3;22;14;2;99900;99900 - Fattori investigati ma non identificati;5;2;
2015;C0884;12;1;14;01;1;21000;- Non identificato -;5;2;
2015;C0884;12;2;23;14;2;99900;99900 - Fattori investigati ma non identificati;5;2;
2015;C0884;13;1;14;01;1;21000;- Non identificato -;5;2;
2015;C0884;13;2;14;04;1;99900;99900 - Fattori investigati ma non identificati;5;2;
2015;C0884;13;3;22;14;2;99900;99900 - Fattori investigati ma non identificati;5;2;
2015;C0884;15;1;14;04;1;99900;99900 - Fattori investigati ma non identificati;5;2;
2015;C0884;15;2;22;14;2;99900;99900 - Fattori investigati ma non identificati;5;2;
2015;C0884;15;3;31;12;3;81003;81003 - Hedera helix;;;
2015;C0884;16;1;14;01;1;21000;- Non identificato -;5;2;
2015;C0884;16;2;14;04;1;99900;99900 - Fattori investigati ma non identificati;10;2;
2015;C0884;16;3;25;14;2;99900;99900 - Fattori investigati ma non identificati;15;2;
2015;C0884;17;1;14;01;1;21000;- Non identificato -;5;2;
2015;C0884;17;2;14;04;1;99900;99900 - Fattori investigati ma non identificati;5;2;
2015;C0884;17;3;22;14;2;99900;99900 - Fattori investigati ma non identificati;5;2;
2015;C0884;18;1;14;01;1;21000;- Non identificato -;5;2;
2015;C0884;18;2;14;04;1;99900;99900 - Fattori investigati ma non identificati;5;2;
2015;C0884;18;3;22;14;2;99900;99900 - Fattori investigati ma non identificati;5;2;
2015;C0884;19;1;14;01;1;21000;- Non identificato -;5;2;
2015;C0884;19;2;14;04;1;99900;99900 - Fattori investigati ma non identificati;5;2;
2015;C0884;20;1;14;01;1;21000;- Non identificato -;5;2;
2015;C0884;20;2;22;14;2;99900;99900 - Fattori investigati ma non identificati;5;2;
2015;C0884;21;1;14;01;1;21000;- Non identificato -;5;2;
2015;C0884;21;2;14;04;1;99900;99900 - Fattori investigati ma non identificati;5;2;
2015;C0884;21;3;23;14;2;99900;99900 - Fattori investigati ma non identificati;5;2;
2015;C0884;22;1;14;04;1;99900;99900 - Fattori investigati ma non identificati;5;2;
2015;C0884;22;2;23;14;2;99900;99900 - Fattori investigati ma non identificati;5;2;
2015;C0884;23;1;14;01;1;21000;- Non identificato -;5;2;
2015;C0884;23;2;14;04;1;99900;99900 - Fattori investigati ma non identificati;5;2;
2015;C0884;25;1;14;01;1;21000;- Non identificato -;5;2;
2015;C0884;26;1;14;01;1;21000;- Non identificato -;5;2;
2015;C0884;26;2;14;04;1;99900;99900 - Fattori investigati ma non identificati;5;2;
2015;C0884;27;1;14;01;1;21000;- Non identificato -;5;2;
2015;C0884;27;2;22;14;1;99900;99900 - Fattori investigati ma non identificati;5;2;
2015;C0884;43;1;14;01;1;21000;- Non identificato -;5;2;
2015;C0884;43;2;22;14;2;99900;99900 - Fattori investigati ma non identificati;5;2;
2015;C0884;43;3;31;12;3;81003;81003 - Hedera helix;;;
2015;C0884;44;1;14;01;1;21000;- Non identificato -;5;2;
2015;C0884;44;2;14;04;1;99900;99900 - Fattori investigati ma non identificati;5;2;
2015;C0884;44;3;23;14;2;99900;99900 - Fattori investigati ma non identificati;5;2;
2015;C0884;45;1;14;01;1;21000;- Non identificato -;5;2;
2015;C0884;45;2;32;17;2;99900;99900 - Fattori investigati ma non identificati;5;2;
2015;C0884;46;1;14;01;1;21000;- Non identificato -;5;2;
2015;C0884;46;2;14;04;1;99900;99900 - Fattori investigati ma non identificati;5;2;
2015;C0884;46;3;22;14;2;99900;99900 - Fattori investigati ma non identificati;5;2;
2015;C0723;3;1;14;01;1;21000;- Non identificato -;5;2;
2015;C0723;3;2;21;14;1;99900;99900 - Fattori investigati ma non identificati;5;2;
2015;C0723;3;3;32;12;3;81003;81003 - Hedera helix;;;
2015;C0723;12;1;14;01;1;21000;- Non identificato -;5;2;
2015;C0723;12;2;21;14;1;99900;99900 - Fattori investigati ma non identificati;5;2;
2015;C0723;13;1;14;01;1;21000;- Non identificato -;10;2;
2015;C0723;19;1;14;01;1;21000;- Non identificato -;10;2;
2015;C0723;19;2;14;08;1;42600;42600 - Calore/colpo di calore;10;2;
2015;C0723;19;3;25;14;2;99900;99900 - Fattori investigati ma non identificati;5;2;
2015;C0723;22;1;14;01;1;21000;- Non identificato -;10;2;
2015;C0723;22;2;25;14;2;99900;99900 - Fattori investigati ma non identificati;5;2;
2015;C0723;23;1;14;01;1;21000;- Non identificato -;10;2;
2015;C0723;23;2;21;14;1;99900;99900 - Fattori investigati ma non identificati;5;2;
2015;C0723;28;1;14;01;1;21000;- Non identificato -;10;2;
2015;C0723;28;2;14;08;1;99900;99900 - Fattori investigati ma non identificati;5;2;
2015;C0723;34;1;14;01;1;21000;- Non identificato -;10;2;
2015;C0723;34;2;14;06;1;99900;99900 - Fattori investigati ma non identificati;5;2;
2015;C0723;34;3;22;14;2;99900;99900 - Fattori investigati ma non identificati;5;2;
2015;C0723;35;1;14;01;1;21000;- Non identificato -;5;2;
2015;C0723;35;2;22;14;1;99900;99900 - Fattori investigati ma non identificati;5;2;
2015;C0723;37;1;00;;;;;;;
2015;C0723;38;1;14;01;1;21000;- Non identificato -;10;2;
2015;C0723;38;2;14;08;1;42600;42600 - Calore/colpo di calore;5;2;
2015;C0723;40;1;14;01;1;21000;- Non identificato -;10;2;
2015;C0723;40;2;21;14;1;99900;99900 - Fattori investigati ma non identificati;5;2;
2015;C0723;42;1;14;01;1;21000;- Non identificato -;5;2;
2015;C0723;42;2;22;14;2;99900;99900 - Fattori investigati ma non identificati;10;2;
2015;C0723;43;1;14;01;1;21000;- Non identificato -;5;2;
2015;C0723;43;2;21;14;1;99900;99900 - Fattori investigati ma non identificati;10;2;
2015;C0723;43;3;32;12;3;99900;99900 - Fattori investigati ma non identificati;;;
2015;C0723;45;1;14;01;1;21000;- Non identificato -;10;2;
2015;C0723;45;2;21;14;1;99900;99900 - Fattori investigati ma non identificati;5;2;
2015;C0723;45;3;14;08;1;42600;42600 - Calore/colpo di calore;5;2;
2015;C0723;56;1;00;;;;;;;
2015;C0723;57;1;14;01;1;21000;- Non identificato -;10;2;
2015;C0723;57;2;14;08;1;42600;42600 - Calore/colpo di calore;5;2;
2015;C0723;58;1;00;;;;;;;
2015;C0723;59;1;14;01;1;21000;- Non identificato -;10;2;
2015;C0723;59;2;14;08;1;42600;42600 - Calore/colpo di calore;5;2;
2015;C0723;60;1;00;;;;;;;
2015;C0723;61;1;14;01;1;21000;- Non identificato -;10;2;
2015;C0723;61;2;22;14;2;99900;99900 - Fattori investigati ma non identificati;5;2;
2015;C0723;62;1;14;01;1;21000;- Non identificato -;10;2;
2015;C0723;62;2;21;14;1;99900;99900 - Fattori investigati ma non identificati;5;2;
2015;C0723;63;1;14;01;1;21000;- Non identificato -;10;2;
2015;C0723;63;2;14;08;1;42600;42600 - Calore/colpo di calore;5;2;
2015;C0723;64;1;14;01;1;21000;- Non identificato -;10;2;
2015;C0723;64;2;14;08;1;42600;42600 - Calore/colpo di calore;10;2;
2015;C0741;1;1;32;12;3;81003;81003 - Hedera helix;;;
2015;C0741;3;1;14;03;1;42200;42200 - Siccità/aridità;5;2;
2015;C0741;5;1;14;03;1;42200;42200 - Siccità/aridità;5;2;
2015;C0741;5;2;22;14;2;99900;99900 - Fattori investigati ma non identificati;5;2;
2015;C0741;6;1;14;03;1;42200;42200 - Siccità/aridità;5;2;
2015;C0741;6;2;22;14;2;99900;99900 - Fattori investigati ma non identificati;5;2;
2015;C0741;7;1;14;03;1;42200;42200 - Siccità/aridità;5;2;
2015;C0741;7;2;22;14;2;99900;99900 - Fattori investigati ma non identificati;5;2;
2015;C0741;7;3;32;12;3;81003;81003 - Hedera helix;;;
2015;C0741;8;1;14;03;1;42200;42200 - Siccità/aridità;5;2;
2015;C0741;8;2;22;14;2;99900;99900 - Fattori investigati ma non identificati;5;2;
2015;C0741;8;3;32;12;3;81003;81003 - Hedera helix;;;
2015;C0741;9;1;22;14;2;99900;99900 - Fattori investigati ma non identificati;5;2;
2015;C0741;9;2;32;12;3;81003;81003 - Hedera helix;;;
2015;C0741;10;1;22;14;2;99900;99900 - Fattori investigati ma non identificati;5;2;
2015;C0741;11;1;14;03;1;42200;42200 - Siccità/aridità;5;2;
2015;C0741;11;2;22;14;2;99900;99900 - Fattori investigati ma non identificati;5;2;
2015;C0741;12;1;14;03;1;42200;42200 - Siccità/aridità;10;2;
2015;C0741;12;2;22;14;2;99900;99900 - Fattori investigati ma non identificati;5;2;
2015;C0741;13;1;14;03;1;42200;42200 - Siccità/aridità;5;2;
2015;C0741;13;2;22;14;2;99900;99900 - Fattori investigati ma non identificati;5;2;
2015;C0741;13;3;32;12;3;81003;81003 - Hedera helix;;;
2015;C0741;14;1;14;03;1;42200;42200 - Siccità/aridità;5;2;
2015;C0741;15;1;14;03;1;42200;42200 - Siccità/aridità;5;2;
2015;C0741;16;1;14;03;1;42200;42200 - Siccità/aridità;5;2;
2015;C0741;16;2;22;14;2;99900;99900 - Fattori investigati ma non identificati;5;2;
2015;C0741;17;1;14;03;1;42200;42200 - Siccità/aridità;5;2;
2015;C0741;17;2;22;14;2;99900;99900 - Fattori investigati ma non identificati;5;2;
2015;C0741;18;1;14;03;1;42200;42200 - Siccità/aridità;5;2;
2015;C0741;18;2;32;12;3;81003;81003 - Hedera helix;;;
2015;C0741;19;1;00;;;;;;;
2015;C0741;20;1;22;14;2;99900;99900 - Fattori investigati ma non identificati;5;2;
2015;C0741;21;1;22;14;2;99900;99900 - Fattori investigati ma non identificati;5;2;
2015;C0741;22;1;14;03;1;42200;42200 - Siccità/aridità;10;2;
2015;C0741;22;2;22;14;2;99900;99900 - Fattori investigati ma non identificati;5;2;
2015;C0741;25;1;22;14;2;99900;99900 - Fattori investigati ma non identificati;5;2;
2015;C0741;26;1;22;14;2;99900;99900 - Fattori investigati ma non identificati;5;2;
2015;C0741;28;1;14;03;1;42200;42200 - Siccità/aridità;10;2;
2015;C0741;28;2;22;14;2;99900;99900 - Fattori investigati ma non identificati;5;2;
2015;C0741;29;1;14;03;1;42200;42200 - Siccità/aridità;5;2;
2015;C0741;30;1;14;03;1;42200;42200 - Siccità/aridità;5;2;
2015;C0741;31;1;14;03;1;42200;42200 - Siccità/aridità;5;2;
2015;C0741;31;2;22;14;2;99900;99900 - Fattori investigati ma non identificati;5;2;
2015;C0741;32;1;22;14;2;99900;99900 - Fattori investigati ma non identificati;5;2;
2015;C0741;33;1;00;;;;;;;
2015;C0741;34;1;14;03;1;42200;42200 - Siccità/aridità;5;2;
2015;C0741;35;1;22;14;2;99900;99900 - Fattori investigati ma non identificati;5;2;
2015;C0741;36;1;14;03;1;42200;42200 - Siccità/aridità;5;2;
2015;C0741;37;1;00;;;;;;;
2015;C0741;38;1;14;03;1;42200;42200 - Siccità/aridità;10;2;
2015;C0741;38;2;22;14;2;99900;99900 - Fattori investigati ma non identificati;5;2;
2015;C0741;39;1;22;14;2;99900;99900 - Fattori investigati ma non identificati;5;2;
2015;C0741;40;1;14;03;1;42200;42200 - Siccità/aridità;5;2;
2015;C0741;41;1;22;14;2;99900;99900 - Fattori investigati ma non identificati;5;2;
2015;C0741;42;1;14;03;1;42200;42200 - Siccità/aridità;5;2;
2015;C0741;42;2;22;14;2;99900;99900 - Fattori investigati ma non identificati;5;2;
2015;C0741;43;1;14;03;1;42200;42200 - Siccità/aridità;5;2;
2015;C0741;44;1;14;03;1;42200;42200 - Siccità/aridità;5;2;
2015;C0741;45;1;14;03;1;42200;42200 - Siccità/aridità;5;2;
2015;C0741;46;1;14;03;1;42200;42200 - Siccità/aridità;5;2;
2015;C0741;47;1;14;03;1;42200;42200 - Siccità/aridità;5;2;
2015;C0741;47;2;22;14;2;99900;99900 - Fattori investigati ma non identificati;5;2;
2015;C0741;48;1;14;03;1;42200;42200 - Siccità/aridità;5;2;
2015;C0741;49;1;00;;;;;;;
2015;C0741;50;1;14;03;1;42200;42200 - Siccità/aridità;5;2;
2015;C0741;51;1;14;03;1;42200;42200 - Siccità/aridità;5;2;
2015;C0741;51;2;33;20;3;30400;Ungulina marginata = Fomes pinicola = Fomitopsis pinicola;25;2;
2015;C0741;52;1;32;12;3;81003;81003 - Hedera helix;;;
2015;C0742;1;1;22;14;2;99900;99900 - Fattori investigati ma non identificati;5;2;
2015;C0742;1;2;23;14;2;99900;99900 - Fattori investigati ma non identificati;5;2;
2015;C0742;4;1;23;14;2;99900;99900 - Fattori investigati ma non identificati;5;2;
2015;C0742;6;1;22;14;2;99900;99900 - Fattori investigati ma non identificati;5;2;
2015;C0742;7;1;14;01;1;21000;- Non identificato -;5;2;
2015;C0742;7;2;22;14;2;99900;99900 - Fattori investigati ma non identificati;5;2;
2015;C0742;8;1;23;14;2;99900;99900 - Fattori investigati ma non identificati;5;2;
2015;C0742;9;1;14;04;1;99900;99900 - Fattori investigati ma non identificati;5;2;
2015;C0742;9;2;23;14;2;99900;99900 - Fattori investigati ma non identificati;5;2;
2015;C0742;10;1;00;;;;;;;
2015;C0742;11;1;14;01;1;21000;- Non identificato -;5;2;
2015;C0742;11;2;22;14;2;99900;99900 - Fattori investigati ma non identificati;5;2;
2015;C0742;12;1;23;14;2;99900;99900 - Fattori investigati ma non identificati;5;2;
2015;C0742;13;1;14;04;1;99900;99900 - Fattori investigati ma non identificati;5;2;
2015;C0742;13;2;23;14;2;99900;99900 - Fattori investigati ma non identificati;5;2;
2015;C0742;15;1;22;14;2;99900;99900 - Fattori investigati ma non identificati;5;2;
2015;C0742;16;1;14;04;1;99900;99900 - Fattori investigati ma non identificati;5;2;
2015;C0742;16;2;23;14;2;99900;99900 - Fattori investigati ma non identificati;5;2;
2015;C0742;17;1;14;03;1;99900;99900 - Fattori investigati ma non identificati;5;2;
2015;C0742;17;2;22;14;2;99900;99900 - Fattori investigati ma non identificati;5;2;
2015;C0742;21;1;14;03;1;99900;99900 - Fattori investigati ma non identificati;5;2;
2015;C0742;21;2;22;14;2;99900;99900 - Fattori investigati ma non identificati;5;2;
2015;C0742;30;1;22;14;2;99900;99900 - Fattori investigati ma non identificati;5;2;
2015;C0742;31;1;23;14;2;99900;99900 - Fattori investigati ma non identificati;5;2;
2015;C0742;32;1;14;03;1;99900;99900 - Fattori investigati ma non identificati;5;2;
2015;C0742;32;2;22;14;2;99900;99900 - Fattori investigati ma non identificati;5;2;
2015;C0742;33;1;14;03;1;99900;99900 - Fattori investigati ma non identificati;5;2;
2015;C0742;33;2;23;14;2;99900;99900 - Fattori investigati ma non identificati;5;2;
2015;C0664;32;2;14;02;1;99900;99900 - Fattori investigati ma non identificati;5;2;
2015;C0664;35;1;22;14;1;99900;99900 - Fattori investigati ma non identificati;5;2;
2015;C1009;1;1;14;01;1;21000;Agelastica alni;5;2;
2015;C2039;48;1;14;06;1;99900;99900 - Fattori investigati ma non identificati;20;2;
2015;C2039;47;1;00;;;;;;;
2015;C2039;46;1;14;06;1;99900;99900 - Fattori investigati ma non identificati;80;2;
2015;C2039;45;1;12;03;1;99900;99900 - Fattori investigati ma non identificati;70;2;
2015;C2039;43;1;00;;;;;;;
2015;C2039;42;1;22;14;1;99900;99900 - Fattori investigati ma non identificati;5;2;
2015;C2039;41;2;22;14;1;99900;99900 - Fattori investigati ma non identificati;5;2;
2015;C2039;41;1;14;06;1;99900;99900 - Fattori investigati ma non identificati;10;2;
2015;C2039;40;1;12;03;1;99900;99900 - Fattori investigati ma non identificati;15;2;
2015;C2039;39;1;12;03;1;99900;99900 - Fattori investigati ma non identificati;15;2;
2015;C2039;37;1;00;;;;;;;
2015;C2039;38;1;12;03;1;99900;99900 - Fattori investigati ma non identificati;30;2;
2015;C2039;35;1;00;;;;;;;
2015;C2039;36;1;22;14;1;99900;99900 - Fattori investigati ma non identificati;5;2;
2015;C2039;34;1;00;;;;;;;
2015;C2039;32;1;00;;;;;;;
2015;C2039;33;1;23;12;1;81001;81001 - Viscum album;;;
2015;C2039;18;1;00;;;;;;;
2015;C2039;19;1;00;;;;;;;
2015;C2039;8;1;12;03;1;99900;99900 - Fattori investigati ma non identificati;30;2;
2015;C2039;6;2;23;14;1;22000;Coroebus florentinus;5;2;
2015;C2039;6;1;14;06;1;99900;99900 - Fattori investigati ma non identificati;5;2;
2015;C2039;2;1;14;01;1;21000;- Non identificato -;5;2;
2015;C2039;1;1;00;;;;;;;
2015;C0664;48;1;00;;;;;;;
2015;C0664;49;1;14;02;1;99900;99900 - Fattori investigati ma non identificati;5;2;
2015;C0664;46;1;00;;;;;;;
2015;C0664;47;1;22;14;1;99900;99900 - Fattori investigati ma non identificati;5;2;
2015;C0664;45;1;14;02;1;99900;99900 - Fattori investigati ma non identificati;5;2;
2015;C0664;43;1;00;;;;;;;
2015;C0664;44;1;14;02;1;99900;99900 - Fattori investigati ma non identificati;5;2;
2015;C0664;41;1;14;02;1;99900;99900 - Fattori investigati ma non identificati;5;2;
2015;C0664;42;1;14;02;1;99900;99900 - Fattori investigati ma non identificati;5;2;
2015;C0664;42;2;22;14;1;99900;99900 - Fattori investigati ma non identificati;5;2;
2015;C0664;40;2;22;14;1;99900;99900 - Fattori investigati ma non identificati;5;2;
2015;C0664;36;1;14;01;1;21000;- Non identificato -;5;2;
2015;C0664;37;1;14;01;1;21000;- Non identificato -;5;2;
2015;C0664;38;1;14;02;1;99900;99900 - Fattori investigati ma non identificati;5;2;
2015;C0664;40;1;14;02;1;99900;99900 - Fattori investigati ma non identificati;5;2;
2015;C0664;39;2;22;14;1;99900;99900 - Fattori investigati ma non identificati;5;2;
2015;C0664;1;1;00;;;;;;;
2015;C0664;3;1;14;02;1;99900;99900 - Fattori investigati ma non identificati;10;2;
2015;C0664;4;1;14;02;1;99900;99900 - Fattori investigati ma non identificati;5;2;
2015;C0664;5;1;14;02;1;99900;99900 - Fattori investigati ma non identificati;5;2;
2015;C0664;7;1;14;02;1;99900;99900 - Fattori investigati ma non identificati;5;2;
2015;C0664;32;1;22;14;1;99900;99900 - Fattori investigati ma non identificati;10;2;
2015;C0664;31;1;22;14;1;99900;99900 - Fattori investigati ma non identificati;5;2;
2015;C0664;27;1;14;02;1;99900;99900 - Fattori investigati ma non identificati;5;2;
2015;C0664;26;1;22;14;1;99900;99900 - Fattori investigati ma non identificati;5;2;
2015;C0664;23;2;22;14;1;99900;99900 - Fattori investigati ma non identificati;5;2;
2015;C0664;23;1;14;02;1;99900;99900 - Fattori investigati ma non identificati;5;2;
2015;C0664;21;2;22;14;1;99900;99900 - Fattori investigati ma non identificati;5;2;
2015;C0664;21;1;14;02;1;99900;99900 - Fattori investigati ma non identificati;5;2;
2015;C0664;20;2;22;14;1;99900;99900 - Fattori investigati ma non identificati;5;2;
2015;C0664;20;1;14;02;1;99900;99900 - Fattori investigati ma non identificati;5;2;
2015;C0664;18;2;22;14;1;99900;99900 - Fattori investigati ma non identificati;5;2;
2015;C0664;19;1;14;02;1;99900;99900 - Fattori investigati ma non identificati;5;2;
2015;C0664;18;1;14;02;1;99900;99900 - Fattori investigati ma non identificati;5;2;
2015;C0664;11;1;14;02;1;99900;99900 - Fattori investigati ma non identificati;5;2;
2015;C0664;9;1;00;;;;;;;
2015;C0664;10;1;14;01;1;21000;- Non identificato -;5;2;
2015;C1009;1;2;32;12;3;81003;81003 - Hedera helix;;;
2015;C2070;1;1;14;08;1;99900;99900 - Fattori investigati ma non identificati;10;2;
2015;C2070;9;1;00;;;;;;;
2015;C2070;11;1;14;08;1;99900;99900 - Fattori investigati ma non identificati;10;2;
2015;C2070;29;1;14;08;1;99900;99900 - Fattori investigati ma non identificati;20;2;
2015;C2070;30;1;14;08;1;99900;99900 - Fattori investigati ma non identificati;20;2;
2015;C2070;2;1;14;08;1;99900;99900 - Fattori investigati ma non identificati;10;2;
2015;C2070;5;1;00;;;;;;;
2015;C2070;16;1;14;08;1;99900;99900 - Fattori investigati ma non identificati;10;2;
2015;C2070;17;1;14;08;1;99900;99900 - Fattori investigati ma non identificati;20;2;
2015;C2070;21;1;00;;;;;;;
2015;C2070;6;1;00;;;;;;;
2015;C2070;31;1;14;08;1;99900;99900 - Fattori investigati ma non identificati;30;2;
2015;C2070;18;1;14;08;1;99900;99900 - Fattori investigati ma non identificati;10;2;
2015;C2070;22;1;14;08;1;99900;99900 - Fattori investigati ma non identificati;20;2;
2015;C2070;20;1;14;08;1;99900;99900 - Fattori investigati ma non identificati;20;2;
2015;C2070;19;1;00;;;;;;;
2015;C2070;24;1;00;;;;;;;
2015;C2070;25;1;14;08;1;99900;99900 - Fattori investigati ma non identificati;30;2;
2015;C2070;23;1;00;;;;;;;
2015;C2070;7;1;00;;;;;;;
2015;C2070;8;1;00;;;;;;;
2015;C2070;15;1;00;;;;;;;
2015;C2070;14;1;00;;;;;;;
2015;C2070;13;1;00;;;;;;;
2015;C2070;36;1;00;;;;;;;
2015;C2070;34;1;14;08;1;99900;99900 - Fattori investigati ma non identificati;10;2;
2015;C2070;35;1;14;08;1;99900;99900 - Fattori investigati ma non identificati;10;2;
2015;C2070;33;1;14;08;1;99900;99900 - Fattori investigati ma non identificati;30;2;
2015;C2070;32;1;14;08;1;99900;99900 - Fattori investigati ma non identificati;10;2;
2015;C2070;12;1;14;08;1;99900;99900 - Fattori investigati ma non identificati;30;2;
2015;C2070;4;1;00;;;;;;;
2015;C2070;27;1;14;08;1;99900;99900 - Fattori investigati ma non identificati;10;2;
2015;C2070;27;2;22;14;1;99900;99900 - Fattori investigati ma non identificati;5;2;
2015;C0664;39;1;14;02;1;99900;99900 - Fattori investigati ma non identificati;5;2;
2015;C0634;7;1;14;03;1;99900;99900 - Fattori investigati ma non identificati;30;2;
2015;C0634;7;2;25;14;1;30900;Cryphonectria parasitica = Endothia parasitica;50;2;
2015;C0634;7;3;33;12;3;81003;81003 - Hedera helix;;;
2015;C0634;7;4;31;20;3;30900;Cryphonectria parasitica = Endothia parasitica;20;2;
2015;C0634;10;1;14;03;1;99900;99900 - Fattori investigati ma non identificati;15;2;
2015;C0634;10;2;25;14;1;30900;Cryphonectria parasitica = Endothia parasitica;30;2;
2015;C0634;10;3;14;08;1;99900;99900 - Fattori investigati ma non identificati;10;2;
2015;C0634;10;4;34;12;3;81003;81003 - Hedera helix;;;
2015;C0634;16;1;14;03;1;99900;99900 - Fattori investigati ma non identificati;10;2;
2015;C0634;16;2;14;08;1;99900;99900 - Fattori investigati ma non identificati;20;2;
2015;C0634;16;3;25;14;3;99900;99900 - Fattori investigati ma non identificati;10;2;
2015;C0634;16;4;14;08;1;27000;- Non identificato -;;1;dryocosmus kuriphilus
2015;C0634;16;5;34;12;3;81003;81003 - Hedera helix;;;
2015;C0634;16;6;34;12;1;81005;81005 - Clematis sp.;;;
2015;C0634;25;1;14;03;1;99900;99900 - Fattori investigati ma non identificati;5;2;
2015;C0634;25;2;14;08;1;99900;99900 - Fattori investigati ma non identificati;10;2;
2015;C0634;25;3;14;08;1;27000;- Non identificato -;;1;dryocosmus kuriphilus
2015;C0634;25;4;33;12;1;81003;81003 - Hedera helix;;;
2015;C0634;63;1;14;08;1;99900;99900 - Fattori investigati ma non identificati;100;2;
2015;C0634;64;1;14;08;1;99900;99900 - Fattori investigati ma non identificati;100;2;
2015;C0634;64;2;32;12;1;81003;81003 - Hedera helix;;;
2015;C0634;65;1;14;08;1;99900;99900 - Fattori investigati ma non identificati;70;2;
2015;C0634;66;1;14;08;1;99900;99900 - Fattori investigati ma non identificati;50;2;
2015;C0634;65;2;34;12;3;81005;81005 - Clematis sp.;;;
2015;C0634;67;1;14;03;1;99900;99900 - Fattori investigati ma non identificati;10;2;
2015;C0634;67;2;14;08;1;99900;99900 - Fattori investigati ma non identificati;15;2;
2015;C0634;67;3;25;14;1;99900;99900 - Fattori investigati ma non identificati;10;2;
2015;C0634;67;4;32;12;3;81003;81003 - Hedera helix;;;
2015;C0634;68;1;14;08;1;99900;99900 - Fattori investigati ma non identificati;10;2;
2015;C0634;68;2;14;03;1;99900;99900 - Fattori investigati ma non identificati;10;2;
2015;C0634;68;3;33;12;3;81003;81003 - Hedera helix;;;
2015;C0634;68;4;32;12;3;81005;81005 - Clematis sp.;;;
2015;C0634;69;1;00;;;;;;;
2015;C0634;70;1;14;01;1;21000;- Non identificato -;5;2;
2015;C0634;70;2;14;08;1;99900;99900 - Fattori investigati ma non identificati;10;2;
2015;C0634;71;1;14;06;1;99900;99900 - Fattori investigati ma non identificati;80;2;
2015;C0634;71;2;33;12;1;81003;81003 - Hedera helix;;;
2015;C0634;72;1;14;06;1;99900;99900 - Fattori investigati ma non identificati;100;2;
2015;C0634;72;2;32;12;3;81003;81003 - Hedera helix;;;
2015;C0634;73;1;14;03;1;99900;99900 - Fattori investigati ma non identificati;5;2;
2015;C0634;73;2;14;08;1;99900;99900 - Fattori investigati ma non identificati;5;2;
2015;C0634;74;1;14;01;1;21000;- Non identificato -;5;2;
2015;C0634;75;1;14;01;1;21000;- Non identificato -;5;2;
2015;C0634;75;2;34;12;3;81003;81003 - Hedera helix;;;
2015;C0634;75;3;31;12;3;81005;81005 - Clematis sp.;;;
2015;C0634;76;1;00;;;;;;;
2015;C0634;77;1;14;01;1;21000;- Non identificato -;5;2;
2015;C0634;77;2;32;12;3;81003;81003 - Hedera helix;;;
2015;C0634;78;1;14;01;1;21000;- Non identificato -;5;2;
2015;C0634;78;2;32;12;3;81003;81003 - Hedera helix;;;
2015;C0634;79;1;00;;;;;;;
2015;C0634;80;1;14;01;1;21000;- Non identificato -;5;2;
2015;C0634;80;2;33;12;1;81003;81003 - Hedera helix;;;
2015;C0634;81;1;14;08;1;99900;99900 - Fattori investigati ma non identificati;100;2;
2015;C0634;81;2;14;01;1;21000;- Non identificato -;5;2;
2015;C0634;83;1;14;01;1;21000;- Non identificato -;5;2;
2015;C0634;83;2;14;03;1;99900;99900 - Fattori investigati ma non identificati;5;2;
2015;C0634;84;1;14;01;1;21000;- Non identificato -;5;2;
2015;C0634;85;1;32;12;1;81003;81003 - Hedera helix;;;
2015;C0634;85;2;14;01;1;21000;- Non identificato -;5;2;
2015;C0634;86;1;14;01;1;21000;- Non identificato -;5;2;
2015;C0634;67;5;34;12;3;81005;81005 - Clematis sp.;;;
2015;C0634;82;1;14;08;1;99900;99900 - Fattori investigati ma non identificati;5;2;
2015;C0634;82;2;14;03;1;99900;99900 - Fattori investigati ma non identificati;5;2;
2015;C2042;1;1;14;01;1;21000;Rhynchaenus fagi;5;2;
2015;C2042;1;2;22;14;1;99900;99900 - Fattori investigati ma non identificati;5;2;
2015;C2042;2;1;14;01;1;21000;Rhynchaenus fagi;5;2;
2015;C2042;2;2;25;14;2;99900;99900 - Fattori investigati ma non identificati;5;2;
2015;C2042;3;1;14;01;1;21000;Rhynchaenus fagi;5;2;
2015;C2042;4;1;14;01;1;21000;Rhynchaenus fagi;10;2;
2015;C2042;4;2;22;14;1;99900;99900 - Fattori investigati ma non identificati;5;2;
2015;C2042;4;3;34;11;3;39000;39000 - Altri funghi;;;
2015;C2042;4;4;34;12;3;22000;- Non identificato -;;;
2015;C2042;4;5;34;17;3;14300;14300 - Picidae;10;2;
2015;C2042;19;1;14;01;1;21000;Rhynchaenus fagi;5;2;
2015;C2042;22;1;14;01;1;21000;Rhynchaenus fagi;5;2;
2015;C2042;22;2;25;14;3;99900;99900 - Fattori investigati ma non identificati;5;2;
2015;C2042;24;1;22;14;3;99900;99900 - Fattori investigati ma non identificati;5;2;
2015;C2042;22;3;34;11;3;39000;39000 - Altri funghi;;;
2015;C2042;22;4;34;17;3;14300;14300 - Picidae;;1;
2015;C2042;22;5;32;11;3;30900;- Non identificato -;;;
2015;C2042;34;1;14;01;1;21000;- Non identificato -;5;2;
2015;C2042;37;1;22;14;1;99900;99900 - Fattori investigati ma non identificati;5;2;
2015;C2042;37;2;14;01;1;21000;Rhynchaenus fagi;5;2;
2015;C2042;38;1;00;;;;;;;
2015;C2042;39;1;14;01;1;21000;- Non identificato -;5;2;
2015;C2042;41;1;14;01;1;21000;Rhynchaenus fagi;5;2;
2015;C2042;42;1;14;01;1;21000;- Non identificato -;5;2;
2015;C2042;43;1;00;;;;;;;
2015;C2042;44;1;14;01;1;21000;- Non identificato -;10;2;
2015;C2042;46;1;00;;;;;;;
2015;C2042;45;1;13;03;1;99900;99900 - Fattori investigati ma non identificati;10;2;
2015;C2042;45;2;22;14;2;99900;99900 - Fattori investigati ma non identificati;5;2;
2015;C0664;8;1;14;02;1;99900;99900 - Fattori investigati ma non identificati;5;2;
2015;C2040;1;1;14;01;1;21000;Rhynchaenus fagi;5;2;
2015;C2040;4;1;14;01;1;21000;Rhynchaenus fagi;5;2;
2015;C2040;5;1;14;01;1;21000;Rhynchaenus fagi;5;2;
2015;C2040;6;1;14;01;1;21000;Rhynchaenus fagi;10;2;
2015;C2040;6;2;22;14;1;99900;99900 - Fattori investigati ma non identificati;5;2;
2015;C2040;8;1;14;01;1;21000;Rhynchaenus fagi;5;2;
2015;C2040;10;1;14;01;1;21000;Rhynchaenus fagi;5;2;
2015;C2040;10;2;22;14;1;99900;99900 - Fattori investigati ma non identificati;10;2;
2015;C2040;11;1;14;01;1;21000;Rhynchaenus fagi;5;2;
2015;C2040;14;1;14;01;1;21000;Rhynchaenus fagi;5;2;
2015;C2040;15;1;00;;;;;;;
2015;C2040;17;1;14;01;1;21000;Rhynchaenus fagi;5;2;
2015;C2040;18;1;14;01;1;21000;Rhynchaenus fagi;15;2;
2015;C2040;20;1;14;01;1;21000;Rhynchaenus fagi;5;2;
2015;C2040;22;1;14;01;1;21000;Rhynchaenus fagi;5;2;
2015;C2040;24;1;14;01;1;21000;Rhynchaenus fagi;5;2;
2015;C2040;26;1;14;01;1;21000;Rhynchaenus fagi;5;2;
2015;C2040;27;1;14;01;1;21000;Rhynchaenus fagi;5;2;
2015;C2040;28;1;14;01;1;21000;Rhynchaenus fagi;5;2;
2015;C2040;29;1;14;01;1;21000;Rhynchaenus fagi;5;2;
2015;C2040;31;1;14;01;1;21000;Rhynchaenus fagi;5;2;
2015;C2040;32;1;14;01;1;21000;Rhynchaenus fagi;5;2;
2015;C2040;33;1;14;01;1;21000;Rhynchaenus fagi;5;2;
2015;C2040;34;1;14;01;1;21000;Rhynchaenus fagi;10;2;
2015;C2040;40;1;14;01;1;21000;Rhynchaenus fagi;10;2;
2015;C2040;13;1;14;01;1;21000;- Non identificato -;10;2;
2015;C1009;2;1;14;01;1;21000;Agelastica alni;5;2;
2015;C1009;2;2;32;12;3;81003;81003 - Hedera helix;;;
2015;C1009;3;1;14;01;1;21000;Agelastica alni;5;2;
2015;C1009;3;2;32;12;3;81003;81003 - Hedera helix;;;
2015;C1009;4;1;14;01;1;21000;Agelastica alni;5;2;
2015;C1009;4;2;32;12;3;81003;81003 - Hedera helix;;;
2015;C1009;5;1;14;01;1;21000;Agelastica alni;10;2;
2015;C1009;5;2;14;08;1;99900;99900 - Fattori investigati ma non identificati;5;2;
2015;C1009;5;3;32;12;3;81003;81003 - Hedera helix;;;
2015;C1009;6;1;14;01;1;21000;Agelastica alni;5;2;
2015;C1009;6;2;32;12;3;81003;81003 - Hedera helix;;;
2015;C1009;7;1;14;01;1;21000;Agelastica alni;5;2;
2015;C1009;7;2;32;12;3;81003;81003 - Hedera helix;;;
2015;C1009;7;3;32;20;3;99900;99900 - Fattori investigati ma non identificati;;1;
2015;C1009;8;1;14;01;1;21000;Agelastica alni;5;2;
2015;C1009;8;2;32;12;3;81003;81003 - Hedera helix;;;
2015;C1009;9;1;14;01;1;21000;Agelastica alni;5;2;
2015;C1009;9;2;32;12;3;81003;81003 - Hedera helix;;;
2015;C1009;10;1;14;01;1;21000;Agelastica alni;5;2;
2015;C1009;10;2;32;12;3;81003;81003 - Hedera helix;;;
2015;C1009;10;3;32;20;2;99900;99900 - Fattori investigati ma non identificati;;1;
2015;C1009;11;1;14;01;1;21000;Agelastica alni;5;2;
2015;C1009;11;2;32;12;3;81003;81003 - Hedera helix;;;
2015;C1009;12;1;14;01;1;21000;Agelastica alni;5;2;
2015;C1009;12;2;32;12;3;81003;81003 - Hedera helix;;;
2015;C1009;13;1;14;01;1;21000;Agelastica alni;5;2;
2015;C1009;13;2;14;08;1;99900;99900 - Fattori investigati ma non identificati;5;2;
2015;C1009;13;3;32;12;3;81003;81003 - Hedera helix;;;
2015;C1009;15;1;14;01;1;21000;Agelastica alni;5;2;
2015;C1009;15;2;32;12;3;81003;81003 - Hedera helix;;;
2015;C1009;15;3;32;20;2;99900;99900 - Fattori investigati ma non identificati;;1;
2015;C1009;20;1;14;01;1;21000;Agelastica alni;5;2;
2015;C1009;20;2;32;12;3;81003;81003 - Hedera helix;;;
2015;C1009;20;3;32;20;2;99900;99900 - Fattori investigati ma non identificati;;1;
2015;C1009;21;1;14;01;1;21000;Agelastica alni;5;2;
2015;C1009;21;2;32;12;3;81003;81003 - Hedera helix;;;
2015;C1009;22;1;14;01;1;21000;Agelastica alni;5;2;
2015;C1009;22;2;32;12;3;81003;81003 - Hedera helix;;;
2015;C1009;23;1;14;01;1;21000;Agelastica alni;5;2;
2015;C1009;23;2;14;08;1;99900;99900 - Fattori investigati ma non identificati;5;2;
2015;C1009;23;3;32;12;3;81003;81003 - Hedera helix;;;
2015;C1009;26;1;14;01;1;21000;Agelastica alni;5;2;
2015;C1009;26;2;32;12;3;81003;81003 - Hedera helix;;;
2015;C1009;27;1;14;01;1;21000;Agelastica alni;5;2;
2015;C1009;27;2;14;08;1;99900;99900 - Fattori investigati ma non identificati;5;2;
2015;C1009;27;3;32;12;3;81003;81003 - Hedera helix;;;
2015;C1009;27;4;32;20;2;99900;99900 - Fattori investigati ma non identificati;;1;
2015;C1009;31;1;14;01;1;21000;Agelastica alni;5;2;
2015;C1009;31;2;14;08;1;99900;99900 - Fattori investigati ma non identificati;5;2;
2015;C1009;31;3;32;12;3;81003;81003 - Hedera helix;;;
2015;C1009;32;1;14;01;1;21000;Agelastica alni;5;2;
2015;C1009;32;2;32;12;3;81003;81003 - Hedera helix;;;
2015;C1009;33;1;14;01;1;21000;Agelastica alni;5;2;
2015;C1009;33;2;32;12;3;81003;81003 - Hedera helix;;;
2015;C1009;34;1;14;01;1;21000;Agelastica alni;5;2;
2015;C1009;34;2;14;08;1;99900;99900 - Fattori investigati ma non identificati;5;2;
2015;C1009;35;1;14;01;1;21000;Agelastica alni;5;2;
2015;C1009;35;2;14;08;1;99900;99900 - Fattori investigati ma non identificati;5;2;
2015;C1009;35;3;32;12;3;81003;81003 - Hedera helix;;;
2015;C1009;36;1;14;01;1;21000;Agelastica alni;5;2;
2015;C1009;36;2;14;08;1;99900;99900 - Fattori investigati ma non identificati;5;2;
2015;C1009;36;3;32;12;3;81003;81003 - Hedera helix;;;
2015;C1009;37;1;14;01;1;21000;Agelastica alni;5;2;
2015;C1009;37;2;32;12;3;81003;81003 - Hedera helix;;;
2015;C1009;38;1;14;01;1;21000;Agelastica alni;5;2;
2015;C1009;38;2;25;12;2;81005;81005 - Clematis sp.;;;
2015;C1009;38;3;32;12;3;81003;81003 - Hedera helix;;;
2015;C1009;39;1;14;01;1;21000;Agelastica alni;5;2;
2015;C1009;39;2;14;08;1;99900;99900 - Fattori investigati ma non identificati;5;2;
2015;C1009;39;3;32;12;3;81003;81003 - Hedera helix;;;
2015;C1009;40;1;14;01;1;21000;Agelastica alni;5;2;
2015;C1009;41;1;14;01;1;21000;Agelastica alni;5;2;
2015;C1009;41;2;32;12;3;99900;99900 - Fattori investigati ma non identificati;;;
2015;C0803;2;1;14;01;1;21000;- Non identificato -;25;2;
2015;C0803;2;2;14;06;1;99900;99900 - Fattori investigati ma non identificati;25;2;
2015;C0803;2;3;22;14;1;99900;99900 - Fattori investigati ma non identificati;30;2;
2015;C0803;2;4;23;14;1;99900;99900 - Fattori investigati ma non identificati;5;2;
2015;C0803;12;1;14;01;1;21000;- Non identificato -;10;2;
2015;C0803;12;2;22;14;1;99900;99900 - Fattori investigati ma non identificati;10;2;
2015;C0803;12;3;23;14;1;99900;99900 - Fattori investigati ma non identificati;5;2;
2015;C0803;13;1;14;01;1;21000;- Non identificato -;15;2;
2015;C0803;13;2;14;06;1;99900;99900 - Fattori investigati ma non identificati;10;2;
2015;C0803;13;3;22;14;1;99900;99900 - Fattori investigati ma non identificati;10;2;
2015;C0803;13;4;32;11;1;30000;30000 - Funghi;;;
2015;C0803;46;1;14;01;1;21000;- Non identificato -;5;2;
2015;C0803;46;2;22;14;1;99900;99900 - Fattori investigati ma non identificati;15;2;
2015;C0803;46;3;23;14;1;99900;99900 - Fattori investigati ma non identificati;10;2;
2015;C0803;46;4;32;11;1;30000;30000 - Funghi;;;
2015;C0803;46;5;33;20;1;30400;- Non identificato -;30;2;
2015;C0803;48;1;14;01;1;21000;- Non identificato -;10;2;
2015;C0803;48;2;22;14;1;99900;99900 - Fattori investigati ma non identificati;5;2;
2015;C0803;49;1;14;01;1;21000;- Non identificato -;15;2;
2015;C0803;49;2;22;14;1;99900;99900 - Fattori investigati ma non identificati;15;2;
2015;C0803;50;1;14;01;1;21000;- Non identificato -;10;2;
2015;C0803;50;2;25;14;1;99900;99900 - Fattori investigati ma non identificati;60;2;
2015;C0803;50;3;33;20;1;99900;99900 - Fattori investigati ma non identificati;25;2;
2015;C0803;51;1;14;01;1;21000;- Non identificato -;10;2;
2015;C0803;51;2;22;14;1;99900;99900 - Fattori investigati ma non identificati;5;2;
2015;C0871;4;1;14;01;1;21000;- Non identificato -;15;2;
2015;C0871;4;2;14;09;1;27000;- Non identificato -;20;2;cinipide del castagno
2015;C0871;4;3;22;14;1;99900;99900 - Fattori investigati ma non identificati;5;2;
2015;C0871;4;4;32;12;2;30900;Cryphonectria parasitica = Endothia parasitica;;;
2015;C0871;5;1;14;01;1;21000;- Non identificato -;10;2;
2015;C0871;5;2;14;09;1;27000;- Non identificato -;20;2;cinipide del  castagno
2015;C0871;5;3;22;14;1;99900;99900 - Fattori investigati ma non identificati;5;2;
2015;C0871;5;4;32;12;2;30900;Cryphonectria parasitica = Endothia parasitica;;;
2015;C0871;5;5;32;12;1;81003;81003 - Hedera helix;;;
2015;C0871;6;1;14;01;1;21000;- Non identificato -;10;2;
2015;C0871;6;2;14;01;1;27000;- Non identificato -;10;2;cinipide del castagno
2015;C0871;6;3;22;14;1;99900;99900 - Fattori investigati ma non identificati;10;2;
2015;C0871;6;4;32;12;1;30900;Cryphonectria parasitica = Endothia parasitica;;;
2015;C0871;6;5;32;12;1;81003;81003 - Hedera helix;;;
2015;C0872;1;1;32;12;2;14300;14300 - Picidae;;;
2015;C0872;1;2;32;12;2;81003;81003 - Hedera helix;;;
2015;C0872;1;3;32;18;2;99900;99900 - Fattori investigati ma non identificati;;1;
2015;C0872;2;1;32;12;2;81003;81003 - Hedera helix;;;
2015;C0872;3;1;32;12;2;81003;81003 - Hedera helix;;;
2015;C0872;4;1;32;12;2;81003;81003 - Hedera helix;;;
2015;C0872;4;2;32;12;2;14300;14300 - Picidae;;;
2015;C0872;5;1;32;12;2;81003;81003 - Hedera helix;;;
2015;C0872;6;1;32;12;2;81003;81003 - Hedera helix;;;
2015;C0872;7;1;32;12;2;81003;81003 - Hedera helix;;;
2015;C0872;8;1;32;12;2;81003;81003 - Hedera helix;;;
2015;C0872;9;1;32;12;2;81003;81003 - Hedera helix;;;
2015;C0872;9;2;32;18;1;89000;89000 - Altre (cause conosciute ma non incluse);;1;
2015;C0872;12;1;32;12;2;81003;81003 - Hedera helix;;;
2015;C0872;12;2;32;18;1;99900;99900 - Fattori investigati ma non identificati;;1;
2015;C0872;12;3;23;10;1;99900;99900 - Fattori investigati ma non identificati;;;
2015;C0872;13;1;32;12;2;81003;81003 - Hedera helix;;;
2015;C0872;13;2;32;18;1;99900;99900 - Fattori investigati ma non identificati;;1;
2015;C0872;15;1;32;12;2;81003;81003 - Hedera helix;;;
2015;C0872;15;2;32;18;1;99900;99900 - Fattori investigati ma non identificati;;1;
2015;C0872;18;1;32;12;2;81003;81003 - Hedera helix;;;
2015;C0872;18;2;32;18;1;99900;99900 - Fattori investigati ma non identificati;;1;
2015;C0872;19;1;32;12;2;81003;81003 - Hedera helix;;;
2015;C0872;22;1;32;12;2;81003;81003 - Hedera helix;;;
2015;C0872;23;1;32;12;2;81003;81003 - Hedera helix;;;
2015;C0872;23;2;32;18;1;99900;99900 - Fattori investigati ma non identificati;;1;
2015;C0872;24;1;32;12;2;81003;81003 - Hedera helix;;;
2015;C0872;25;1;32;12;2;81003;81003 - Hedera helix;;;
2015;C0872;25;2;32;17;2;99900;99900 - Fattori investigati ma non identificati;;1;
2015;C0872;26;1;32;12;2;81003;81003 - Hedera helix;;;
2015;C0872;27;1;32;12;2;81003;81003 - Hedera helix;;;
2015;C0872;28;1;32;12;2;81003;81003 - Hedera helix;;;
2015;C0872;29;1;32;12;2;81003;81003 - Hedera helix;;;
2015;C0872;30;1;32;12;2;81003;81003 - Hedera helix;;;
2015;C0872;30;2;32;18;1;99900;99900 - Fattori investigati ma non identificati;;1;
2015;C0872;31;1;32;12;2;81003;81003 - Hedera helix;;;
2015;C0872;33;1;32;12;2;81003;81003 - Hedera helix;;;
2015;C0872;33;2;32;18;1;99900;99900 - Fattori investigati ma non identificati;;1;
2015;C0872;34;1;32;12;2;81003;81003 - Hedera helix;;;
2015;C0872;34;2;32;12;2;14300;14300 - Picidae;;;
2015;C0872;34;3;32;18;2;14300;14300 - Picidae;;1;
2015;C0872;34;4;32;18;1;99900;99900 - Fattori investigati ma non identificati;;1;
2015;C0872;35;1;32;12;2;81003;81003 - Hedera helix;;;
2015;C0872;36;1;32;12;2;81003;81003 - Hedera helix;;;
2015;C0872;37;1;32;12;2;81003;81003 - Hedera helix;;;
2015;C0872;37;2;22;14;1;99900;99900 - Fattori investigati ma non identificati;5;2;
2015;C0872;38;1;32;12;2;81003;81003 - Hedera helix;;;
2015;C0872;39;1;32;12;2;81003;81003 - Hedera helix;;;
2015;C0872;40;1;32;12;2;81003;81003 - Hedera helix;;;
2015;C0900;1;1;14;01;1;21000;- Non identificato -;5;2;
2015;C0900;1;2;32;12;1;81003;81003 - Hedera helix;;;
2015;C0900;2;1;14;01;1;21000;- Non identificato -;5;2;
2015;C0900;3;1;14;01;1;21000;- Non identificato -;5;2;
2015;C0900;3;2;22;14;1;99900;99900 - Fattori investigati ma non identificati;5;2;
2015;C0900;4;1;14;01;1;21000;- Non identificato -;5;2;
2015;C0900;6;1;14;01;1;21000;- Non identificato -;10;2;
2015;C0900;6;2;32;12;1;81003;81003 - Hedera helix;;;
2015;C0900;7;1;14;01;1;21000;- Non identificato -;5;2;
2015;C0900;8;1;14;01;1;21000;- Non identificato -;5;2;
2015;C0900;8;2;22;14;1;99900;99900 - Fattori investigati ma non identificati;5;2;
2015;C0900;8;3;25;14;3;99900;99900 - Fattori investigati ma non identificati;;1;
2015;C0900;8;4;32;12;2;14300;14300 - Picidae;;;
2015;C0900;8;5;33;20;2;99900;99900 - Fattori investigati ma non identificati;35;2;
2015;C0900;9;1;14;01;1;21000;- Non identificato -;10;2;
2015;C0900;10;1;14;01;1;21000;- Non identificato -;10;2;
2015;C0900;10;2;32;12;1;81003;81003 - Hedera helix;;;
2015;C0900;11;1;14;01;1;21000;- Non identificato -;10;2;
2015;C0900;11;2;22;14;1;99900;99900 - Fattori investigati ma non identificati;5;2;
2015;C0900;11;3;32;12;1;81003;81003 - Hedera helix;;;
2015;C0900;12;1;14;01;1;21000;- Non identificato -;10;2;
2015;C0900;12;2;22;14;1;99900;99900 - Fattori investigati ma non identificati;5;2;
2015;C0900;12;3;32;12;1;81003;81003 - Hedera helix;;;
2015;C0900;14;1;14;01;1;21000;- Non identificato -;5;2;
2015;C0900;15;1;14;01;1;21000;- Non identificato -;10;2;
2015;C0900;15;2;32;12;1;81003;81003 - Hedera helix;;;
2015;C0900;18;1;14;01;1;21000;- Non identificato -;15;2;
2015;C0900;18;2;32;12;1;81003;81003 - Hedera helix;;;
2015;C0900;19;1;14;01;1;21000;- Non identificato -;5;2;
2015;C0900;21;1;14;01;1;21000;- Non identificato -;5;2;
2015;C0900;24;1;14;01;1;21000;- Non identificato -;15;2;
2015;C0900;24;2;22;14;1;99900;99900 - Fattori investigati ma non identificati;10;2;
2015;C0900;26;1;14;01;1;21000;- Non identificato -;10;2;
2015;C0900;28;1;14;01;1;21000;- Non identificato -;10;2;
2015;C0900;29;1;14;01;1;21000;- Non identificato -;10;2;
2015;C0900;30;1;14;01;1;21000;- Non identificato -;10;2;
2015;C0900;31;1;14;01;1;21000;- Non identificato -;5;2;
2015;C0900;32;1;14;01;1;21000;- Non identificato -;5;2;
2015;C0900;32;2;22;14;1;99900;99900 - Fattori investigati ma non identificati;5;2;
2015;C0900;33;1;14;01;1;21000;- Non identificato -;15;2;
2015;C0900;33;2;22;14;1;99900;99900 - Fattori investigati ma non identificati;10;2;
2015;C0900;34;1;14;01;1;21000;- Non identificato -;15;2;
2015;C0900;34;2;22;14;1;99900;99900 - Fattori investigati ma non identificati;5;2;
2015;C0900;36;1;14;01;1;21000;- Non identificato -;15;2;
2015;C0900;37;1;14;01;1;21000;- Non identificato -;15;2;
2015;C0900;38;1;14;01;1;21000;- Non identificato -;5;2;
2015;C0900;39;1;14;01;1;21000;- Non identificato -;5;2;
2015;C2046;1;1;22;14;2;99900;99900 - Fattori investigati ma non identificati;5;2;
2015;C2046;2;1;22;14;2;99900;99900 - Fattori investigati ma non identificati;5;2;
2015;C2046;3;1;23;14;2;99900;99900 - Fattori investigati ma non identificati;5;2;
2015;C2046;4;1;00;;;;;;;
2015;C2046;5;1;32;12;3;81003;81003 - Hedera helix;;;
2015;C2046;7;1;14;03;1;30500;- Non identificato -;10;2;
2015;C2046;31;1;14;08;1;99900;99900 - Fattori investigati ma non identificati;10;2;
2015;C2046;31;2;22;14;2;99900;99900 - Fattori investigati ma non identificati;5;2;
2015;C2046;32;1;14;08;1;99900;99900 - Fattori investigati ma non identificati;30;2;
2015;C2046;32;2;14;01;1;21000;- Non identificato -;5;2;
2015;C2046;33;1;32;08;2;30900;- Non identificato -;45;2;
2015;C2046;35;1;22;14;2;99900;99900 - Fattori investigati ma non identificati;5;2;
2015;C2046;35;2;25;12;3;81005;81005 - Clematis sp.;;;
2015;C2046;36;1;22;14;2;99900;99900 - Fattori investigati ma non identificati;5;2;
2015;C2046;36;2;14;01;1;81005;81005 - Clematis sp.;5;2;
2015;C2046;36;3;34;12;3;81005;81005 - Clematis sp.;;;
2015;C2046;36;4;25;12;3;81005;81005 - Clematis sp.;;;
2015;C2046;36;5;32;12;3;81003;81003 - Hedera helix;;;
2015;C2046;37;1;14;01;3;99900;99900 - Fattori investigati ma non identificati;5;2;
2015;C2046;37;2;22;14;2;99900;99900 - Fattori investigati ma non identificati;5;2;
2015;C2046;38;1;22;14;2;99900;99900 - Fattori investigati ma non identificati;5;2;
2015;C2046;38;2;32;08;2;30900;- Non identificato -;100;2;
2015;C2039;49;1;23;14;1;22000;Coroebus florentinus;20;2;
2015;C2039;49;2;14;06;1;99900;99900 - Fattori investigati ma non identificati;10;2;
2015;C2039;50;1;00;;;;;;;
2015;C2039;51;1;14;06;1;99900;99900 - Fattori investigati ma non identificati;60;2;
2015;C0425;5;1;21;14;1;99900;99900 - Fattori investigati ma non identificati;5;2;
2015;C0425;8;1;22;14;3;99900;99900 - Fattori investigati ma non identificati;10;2;
2015;C0425;35;1;14;01;1;21000;- Non identificato -;10;2;
2015;C0425;35;2;14;03;1;99900;99900 - Fattori investigati ma non identificati;5;2;
2015;C0425;33;1;14;01;1;21000;- Non identificato -;10;2;
2015;C0425;33;2;14;03;1;99900;99900 - Fattori investigati ma non identificati;5;2;
2015;C0425;10;1;14;01;1;21000;- Non identificato -;10;2;
2015;C0425;37;1;21;14;1;99900;99900 - Fattori investigati ma non identificati;5;2;
2015;C0425;11;1;00;;;;;;;
2015;C0425;38;1;00;;;;;;;
2015;C0425;36;1;00;;;;;;;
2015;C0425;2;1;00;;;;;;;
2015;C0425;1;1;00;;;;;;;
2015;C0484;11;2;14;06;1;99900;99900 - Fattori investigati ma non identificati;10;2;
2015;C0484;39;1;22;08;1;99900;99900 - Fattori investigati ma non identificati;10;2;
2015;C0484;39;2;14;01;1;26000;Rhynchaenus fagi;10;2;
2015;C0484;39;3;14;08;1;99900;99900 - Fattori investigati ma non identificati;5;2;
2015;C0484;45;1;22;08;3;99900;99900 - Fattori investigati ma non identificati;5;2;
2015;C0484;45;2;14;08;1;99900;99900 - Fattori investigati ma non identificati;5;2;
2015;C0484;45;3;14;03;1;26000;Rhynchaenus fagi;5;2;
2015;C0484;40;1;14;01;1;26000;Rhynchaenus fagi;5;2;
2015;C0484;40;2;14;03;1;26000;Rhynchaenus fagi;5;2;
2015;C0484;40;3;14;06;1;99900;99900 - Fattori investigati ma non identificati;5;2;
2015;C0484;40;4;22;14;3;99900;99900 - Fattori investigati ma non identificati;5;2;
2015;C0484;40;5;14;08;1;99900;99900 - Fattori investigati ma non identificati;20;2;
2015;C0484;43;1;14;01;1;26000;Rhynchaenus fagi;5;2;
2015;C0484;10;1;14;06;1;99900;99900 - Fattori investigati ma non identificati;5;2;
2015;C0484;10;2;14;08;1;99900;99900 - Fattori investigati ma non identificati;10;2;
2015;C0484;36;1;14;08;1;99900;99900 - Fattori investigati ma non identificati;20;2;
2015;C0484;36;2;14;06;1;99900;99900 - Fattori investigati ma non identificati;5;2;
2015;C0484;33;1;22;14;1;99900;99900 - Fattori investigati ma non identificati;5;2;
2015;C0484;33;2;14;06;1;99900;99900 - Fattori investigati ma non identificati;5;2;
2015;C0484;33;3;14;01;1;26000;Rhynchaenus fagi;5;2;
2015;C0484;33;4;14;08;1;99900;99900 - Fattori investigati ma non identificati;15;2;
2015;C0484;32;1;14;01;1;26000;Rhynchaenus fagi;15;2;
2015;C0484;32;2;14;06;1;99900;99900 - Fattori investigati ma non identificati;5;2;
2015;C0484;32;3;22;08;1;99900;99900 - Fattori investigati ma non identificati;5;2;
2015;C0484;32;4;14;08;1;99900;99900 - Fattori investigati ma non identificati;30;2;
2015;C0484;1;1;14;01;1;26000;Rhynchaenus fagi;10;2;
2015;C0484;1;2;14;03;1;26000;Rhynchaenus fagi;5;2;
2015;C0484;1;3;14;06;1;99900;99900 - Fattori investigati ma non identificati;5;2;
2015;C0484;1;4;22;08;3;99900;99900 - Fattori investigati ma non identificati;5;2;
2015;C0484;57;1;22;08;3;99900;99900 - Fattori investigati ma non identificati;5;2;
2015;C0484;57;2;14;01;1;99900;99900 - Fattori investigati ma non identificati;5;2;
2015;C0484;57;3;14;06;1;99900;99900 - Fattori investigati ma non identificati;5;2;
2015;C0484;57;4;14;08;1;99900;99900 - Fattori investigati ma non identificati;10;2;
2015;C0484;35;1;14;06;1;99900;99900 - Fattori investigati ma non identificati;5;2;
2015;C0484;35;2;14;08;1;99900;99900 - Fattori investigati ma non identificati;40;2;
2015;C0484;34;1;14;08;1;99900;99900 - Fattori investigati ma non identificati;40;2;
2015;C0484;34;2;22;08;3;99900;99900 - Fattori investigati ma non identificati;25;2;
2015;C0484;29;1;14;01;1;99900;99900 - Fattori investigati ma non identificati;5;2;
2015;C0484;29;2;14;06;1;99900;99900 - Fattori investigati ma non identificati;5;2;
2015;C0484;29;3;14;08;1;99900;99900 - Fattori investigati ma non identificati;40;2;
2015;C0484;46;1;14;01;1;99900;99900 - Fattori investigati ma non identificati;5;2;
2015;C0484;46;2;14;01;1;26000;Rhynchaenus fagi;5;2;
2015;C0484;46;3;14;08;1;99900;99900 - Fattori investigati ma non identificati;30;2;
2015;C0484;46;4;14;03;1;26000;Rhynchaenus fagi;5;2;
2015;C0512;1;1;00;;;;;;;
2015;C0512;31;1;14;03;1;99900;99900 - Fattori investigati ma non identificati;5;2;
2015;C0512;63;1;22;14;1;99900;99900 - Fattori investigati ma non identificati;10;2;
2015;C0512;63;2;31;13;2;49000;49000 - Altri agenti abiotici;0;2;segno
2015;C0512;64;1;14;01;1;21000;- Non identificato -;5;2;
2015;C0512;65;1;22;14;1;99900;99900 - Fattori investigati ma non identificati;10;2;
2015;C0512;66;1;22;14;1;99900;99900 - Fattori investigati ma non identificati;10;2;
2015;C0512;29;1;00;;;;;;;
2015;C0512;34;1;22;14;1;99900;99900 - Fattori investigati ma non identificati;5;2;
2015;C0512;63;3;32;12;2;99900;99900 - Fattori investigati ma non identificati;;;distacco di corteccia con corteccia  sotto
2015;C0512;40;1;22;14;1;99900;99900 - Fattori investigati ma non identificati;5;2;
2015;C0512;45;1;22;14;1;99900;99900 - Fattori investigati ma non identificati;5;2;
2015;C0512;45;2;11;01;1;99900;99900 - Fattori investigati ma non identificati;15;2;
2015;C0512;46;1;00;;;;;;;
2015;C0512;47;1;00;;;;;;;
2015;C0512;48;1;00;;;;;;;
2015;C0512;36;1;22;14;1;99900;99900 - Fattori investigati ma non identificati;5;2;
2015;C0512;44;1;14;01;1;21000;- Non identificato -;5;2;
2015;C0512;49;1;00;;;;;;;
2015;C0512;50;1;00;;;;;;;
2015;C0512;22;1;00;;;;;;;
2015;C0512;51;1;14;01;1;21000;- Non identificato -;5;2;
2015;C0512;20;1;00;;;;;;;
2015;C0512;52;1;14;01;1;21000;- Non identificato -;5;2;
2015;C0512;53;1;14;01;1;21000;- Non identificato -;5;2;
2015;C0512;55;1;00;;;;;;;
2015;C0512;2;1;22;14;1;99900;99900 - Fattori investigati ma non identificati;5;2;
2015;C0512;3;1;00;;;;;;;
2015;C0512;58;1;14;01;1;21000;- Non identificato -;5;2;
2015;C0512;59;1;14;01;1;21000;- Non identificato -;5;2;
2015;C0512;8;1;00;;;;;;;
2015;C0512;56;1;14;01;1;21000;- Non identificato -;5;2;
2015;C0512;56;2;34;12;2;81003;81003 - Hedera helix;;;
2015;C0512;57;1;14;01;1;99900;99900 - Fattori investigati ma non identificati;5;2;
2015;C0512;60;1;14;01;1;21000;- Non identificato -;5;2;
2015;C0512;61;1;00;;;;;;;
2015;C0512;62;1;00;;;;;;;
2015;C0512;67;1;00;;;;;;;
2015;C0512;37;1;22;14;1;99900;99900 - Fattori investigati ma non identificati;5;2;
2015;C0512;38;1;22;14;1;99900;99900 - Fattori investigati ma non identificati;5;2;
2015;C0512;39;1;22;14;1;99900;99900 - Fattori investigati ma non identificati;5;2;
2015;C0512;43;1;00;;;;;;;
2015;C0512;18;1;00;;;;;;;
2015;C0512;9;1;14;01;1;99900;99900 - Fattori investigati ma non identificati;15;2;
2015;C0512;9;2;25;08;3;99900;99900 - Fattori investigati ma non identificati;10;2;
2015;C0512;32;1;00;;;;;;;
2015;C0512;54;1;14;08;1;99900;99900 - Fattori investigati ma non identificati;80;2;accaettocciamento foglie
2015;C0512;31;2;32;19;2;99900;99900 - Fattori investigati ma non identificati;0;2;
2015;C0525;1;1;00;;;;;;;
2015;C0525;2;1;14;03;1;25000;Phylloxera quercus;10;2;
2015;C0525;23;1;00;;;;;;;
2015;C0525;24;1;00;;;;;;;
2015;C0525;27;1;00;;;;;;;
2015;C0525;28;1;14;03;1;25000;Phylloxera quercus;5;2;
2015;C0525;5;1;00;;;;;;;
2015;C0525;32;1;14;06;1;99900;99900 - Fattori investigati ma non identificati;5;2;
2015;C0525;3;1;32;20;2;99900;99900 - Fattori investigati ma non identificati;10;2;cARIE LUNGHEZZA DUE METRI
2015;C0525;10;1;00;;;;;;;
2015;C0525;11;1;25;14;1;99900;99900 - Fattori investigati ma non identificati;30;2;
2015;C0525;12;1;00;;;;;;;
2015;C0525;15;1;25;14;1;99900;99900 - Fattori investigati ma non identificati;5;2;
2015;C0525;16;1;00;;;;;;;
2015;C0525;18;1;14;06;1;99900;99900 - Fattori investigati ma non identificati;5;2;
2015;C0525;18;2;14;08;1;99900;99900 - Fattori investigati ma non identificati;5;2;
2015;C0525;31;1;34;12;2;81000;81000 - Piante parassite/rampicanti/epifite;;;
2015;C0525;20;1;00;;;;;;;
2015;C0525;21;1;34;12;2;81003;81003 - Hedera helix;;;
2015;C0525;33;1;22;14;1;99900;99900 - Fattori investigati ma non identificati;5;2;
2015;C0525;21;2;32;20;2;99900;99900 - Fattori investigati ma non identificati;10;2;
2015;C2012;1;1;25;14;1;99900;99900 - Fattori investigati ma non identificati;5;2;
2015;C2012;1;2;14;01;1;21000;- Non identificato -;5;2;
2015;C2012;1;3;14;02;1;99900;99900 - Fattori investigati ma non identificati;5;2;
2015;C2012;1;4;25;08;3;99900;99900 - Fattori investigati ma non identificati;5;2;
2015;C2012;21;1;14;10;1;21000;Lymantria dispar;;;ovatura su rAMO
2015;C2012;21;2;14;01;1;99900;99900 - Fattori investigati ma non identificati;5;2;
2015;C2012;21;3;14;02;1;99900;99900 - Fattori investigati ma non identificati;5;2;
2015;C2012;21;4;25;08;3;99900;99900 - Fattori investigati ma non identificati;10;2;
2015;C2012;22;1;14;02;1;99900;99900 - Fattori investigati ma non identificati;5;2;
2015;C2012;22;2;25;08;3;99900;99900 - Fattori investigati ma non identificati;10;2;
2015;C2012;22;3;14;01;1;99900;99900 - Fattori investigati ma non identificati;5;2;
2015;C2012;40;1;14;02;1;99900;99900 - Fattori investigati ma non identificati;5;2;
2015;C2012;23;1;14;02;1;99900;99900 - Fattori investigati ma non identificati;5;2;
2015;C2012;23;2;25;08;3;99900;99900 - Fattori investigati ma non identificati;5;2;
2015;C2012;38;1;14;02;1;99900;99900 - Fattori investigati ma non identificati;5;2;
2015;C2012;38;2;14;08;3;99900;99900 - Fattori investigati ma non identificati;100;2;
2015;C2012;38;3;14;01;1;99900;99900 - Fattori investigati ma non identificati;10;2;
2015;C2012;37;1;25;14;1;99900;99900 - Fattori investigati ma non identificati;60;2;
2015;C2012;39;1;25;14;3;99900;99900 - Fattori investigati ma non identificati;40;2;
2015;C2012;39;2;14;01;1;99900;99900 - Fattori investigati ma non identificati;10;2;
2015;C2012;16;1;14;02;1;99900;99900 - Fattori investigati ma non identificati;5;2;
2015;C2012;16;2;14;01;1;21000;- Non identificato -;5;2;
2015;C2012;16;3;25;08;3;99900;99900 - Fattori investigati ma non identificati;75;2;
2015;C2012;35;1;14;08;1;99900;99900 - Fattori investigati ma non identificati;80;2;IMBARCAMENTO FOGLIE  RO
2015;C2012;19;1;14;01;1;21000;- Non identificato -;10;2;
2015;C2012;15;1;14;02;1;99900;99900 - Fattori investigati ma non identificati;5;2;
2015;C2012;15;2;14;08;1;99900;99900 - Fattori investigati ma non identificati;5;2;
2015;C2012;15;3;14;01;1;21000;- Non identificato -;10;2;
2015;C2012;9;1;14;02;1;99900;99900 - Fattori investigati ma non identificati;5;2;
2015;C2012;9;2;25;08;3;99900;99900 - Fattori investigati ma non identificati;5;2;
2015;C2012;34;1;14;08;1;99900;99900 - Fattori investigati ma non identificati;15;2;
2015;C2012;41;1;22;14;1;99900;99900 - Fattori investigati ma non identificati;5;2;
2015;C2012;41;2;14;08;1;99900;99900 - Fattori investigati ma non identificati;5;2;
2015;C2012;8;1;14;08;1;99900;99900 - Fattori investigati ma non identificati;25;2;
2015;C2012;7;1;14;02;1;99900;99900 - Fattori investigati ma non identificati;5;2;
2015;C2012;7;2;25;08;2;99900;99900 - Fattori investigati ma non identificati;5;2;
2015;C2012;6;1;14;02;1;99900;99900 - Fattori investigati ma non identificati;5;2;
2015;C2012;6;2;25;08;2;99900;99900 - Fattori investigati ma non identificati;5;2;
2015;C2012;32;1;14;02;1;99900;99900 - Fattori investigati ma non identificati;5;2;
2015;C2012;32;2;25;08;3;99900;99900 - Fattori investigati ma non identificati;15;2;
2015;C2012;3;1;32;12;3;81003;81003 - Hedera helix;;;
2015;C2012;3;2;34;13;3;99900;99900 - Fattori investigati ma non identificati;;1;distacco corteccia
2015;C2012;3;3;14;02;1;99900;99900 - Fattori investigati ma non identificati;5;2;
2015;C2012;3;4;25;08;3;99900;99900 - Fattori investigati ma non identificati;5;2;
2015;C2012;4;1;14;02;2;99900;99900 - Fattori investigati ma non identificati;5;2;
2015;C2012;4;2;25;08;3;99900;99900 - Fattori investigati ma non identificati;5;2;
2015;C2012;36;1;14;08;2;99900;99900 - Fattori investigati ma non identificati;80;2;
2015;C2012;36;2;14;02;1;99900;99900 - Fattori investigati ma non identificati;5;2;
2015;C0464;1;1;14;01;1;99900;99900 - Fattori investigati ma non identificati;5;2;
2015;C0464;1;2;22;14;1;99900;99900 - Fattori investigati ma non identificati;10;2;
2015;C0464;2;1;14;01;1;99900;99900 - Fattori investigati ma non identificati;10;2;
2015;C0464;2;2;23;14;1;99900;99900 - Fattori investigati ma non identificati;15;2;
2015;C0464;3;1;22;14;3;99900;99900 - Fattori investigati ma non identificati;15;2;
2015;C0464;3;2;14;01;1;99900;99900 - Fattori investigati ma non identificati;15;2;
2015;C0464;6;1;25;14;3;99900;99900 - Fattori investigati ma non identificati;35;2;
2015;C0464;6;2;14;03;1;99900;99900 - Fattori investigati ma non identificati;20;2;
2015;C0464;7;1;25;14;3;99900;99900 - Fattori investigati ma non identificati;20;2;
2015;C0464;7;2;14;01;3;99900;99900 - Fattori investigati ma non identificati;25;2;
2015;C0464;8;1;25;14;3;99900;99900 - Fattori investigati ma non identificati;25;2;
2015;C0464;8;2;14;01;1;99900;99900 - Fattori investigati ma non identificati;20;2;
2015;C0464;9;1;14;01;1;99900;99900 - Fattori investigati ma non identificati;35;2;
2015;C0464;9;2;25;14;3;99900;99900 - Fattori investigati ma non identificati;30;2;
2015;C0464;10;1;25;14;3;99900;99900 - Fattori investigati ma non identificati;15;2;
2015;C0464;10;2;14;01;1;99900;99900 - Fattori investigati ma non identificati;10;2;
2015;C0464;13;1;14;01;1;99900;99900 - Fattori investigati ma non identificati;15;2;
2015;C0464;13;2;25;14;3;99900;99900 - Fattori investigati ma non identificati;15;2;
2015;C0464;14;1;14;01;1;99900;99900 - Fattori investigati ma non identificati;25;2;
2015;C0464;14;2;22;14;1;99900;99900 - Fattori investigati ma non identificati;30;2;
2015;C0464;15;1;22;14;1;99900;99900 - Fattori investigati ma non identificati;35;2;
2015;C0464;15;2;14;01;1;99900;99900 - Fattori investigati ma non identificati;30;2;
2015;C0464;16;1;22;14;1;99900;99900 - Fattori investigati ma non identificati;35;2;
2015;C0464;16;2;14;01;1;99900;99900 - Fattori investigati ma non identificati;20;2;
2015;C0464;28;1;22;14;3;99900;99900 - Fattori investigati ma non identificati;20;2;
2015;C0464;28;2;14;01;1;99900;99900 - Fattori investigati ma non identificati;25;2;
2015;C0464;29;1;22;14;3;99900;99900 - Fattori investigati ma non identificati;20;2;
2015;C0464;29;2;14;01;1;99900;99900 - Fattori investigati ma non identificati;20;2;
2015;C0464;31;1;14;01;1;99900;99900 - Fattori investigati ma non identificati;35;2;
2015;C0464;31;2;22;14;3;99900;99900 - Fattori investigati ma non identificati;30;2;
2015;C0464;34;1;14;01;1;99900;99900 - Fattori investigati ma non identificati;20;2;
2015;C0464;34;2;22;14;3;99900;99900 - Fattori investigati ma non identificati;15;2;
2015;C0464;35;1;14;01;1;99900;99900 - Fattori investigati ma non identificati;10;2;
2015;C0464;35;2;22;14;1;99900;99900 - Fattori investigati ma non identificati;20;2;
2015;C0464;36;1;14;01;1;99900;99900 - Fattori investigati ma non identificati;10;2;
2015;C0464;36;2;22;14;1;99900;99900 - Fattori investigati ma non identificati;15;2;
2015;C0464;37;1;14;01;1;99900;99900 - Fattori investigati ma non identificati;10;2;
2015;C0464;37;2;22;14;1;99900;99900 - Fattori investigati ma non identificati;5;2;
2015;C0464;38;1;14;01;1;99900;99900 - Fattori investigati ma non identificati;15;2;
2015;C0464;38;2;22;14;1;99900;99900 - Fattori investigati ma non identificati;10;2;
2015;C0464;39;1;04;;1;99900;99900 - Fattori investigati ma non identificati;;;
2015;C0464;40;1;14;01;1;99900;99900 - Fattori investigati ma non identificati;25;2;
2015;C0464;41;1;14;01;1;99900;99900 - Fattori investigati ma non identificati;20;2;
2015;C0464;41;2;22;14;1;99900;99900 - Fattori investigati ma non identificati;15;2;
2015;C0464;42;1;14;01;1;99900;99900 - Fattori investigati ma non identificati;10;2;
2015;C0464;42;2;22;14;1;99900;99900 - Fattori investigati ma non identificati;20;2;
2015;C0464;43;1;14;01;1;99900;99900 - Fattori investigati ma non identificati;10;2;
2015;C0464;43;2;22;14;1;99900;99900 - Fattori investigati ma non identificati;5;2;
2015;C0464;45;1;14;01;1;99900;99900 - Fattori investigati ma non identificati;5;2;
2015;C0464;45;2;22;14;1;99900;99900 - Fattori investigati ma non identificati;5;2;
2015;C0464;46;1;14;01;1;99900;99900 - Fattori investigati ma non identificati;10;2;
2015;C0464;48;1;14;01;1;99900;99900 - Fattori investigati ma non identificati;10;2;
2015;C0464;49;1;04;;1;99900;99900 - Fattori investigati ma non identificati;;;
2015;C0464;50;1;14;02;1;99900;99900 - Fattori investigati ma non identificati;50;2;
2015;C0464;50;2;22;14;1;99900;99900 - Fattori investigati ma non identificati;30;2;
2015;C0464;51;1;14;01;1;99900;99900 - Fattori investigati ma non identificati;20;2;
2015;C0464;51;2;22;14;1;99900;99900 - Fattori investigati ma non identificati;20;2;
2015;C0368;1;2;25;14;3;30900;Cryphonectria parasitica = Endothia parasitica;35;2;
2015;C2067;72;1;14;08;1;42200;42200 - Siccità/aridità;20;2;
2015;C0368;1;1;21;08;1;27000;- Non identificato -;30;2;
2015;C2067;69;1;14;03;1;42200;42200 - Siccità/aridità;20;2;
2015;C2067;71;2;14;03;1;42200;42200 - Siccità/aridità;10;2;
2015;C2067;71;1;23;14;1;99900;99900 - Fattori investigati ma non identificati;10;2;
2015;C2067;69;2;22;14;1;99900;99900 - Fattori investigati ma non identificati;5;2;
2015;C2067;68;1;14;08;1;42200;42200 - Siccità/aridità;5;2;
2015;C2067;67;2;14;08;1;42200;42200 - Siccità/aridità;80;2;
2015;C2067;67;1;22;14;1;99900;99900 - Fattori investigati ma non identificati;5;2;
2015;C2067;66;2;14;08;1;42200;42200 - Siccità/aridità;50;2;
2015;C2067;66;1;22;14;1;99900;99900 - Fattori investigati ma non identificati;10;2;
2015;C2067;65;1;14;08;1;42200;42200 - Siccità/aridità;70;2;
2015;C2067;64;2;22;14;1;99900;99900 - Fattori investigati ma non identificati;10;2;
2015;C2067;64;1;14;08;1;42200;42200 - Siccità/aridità;30;2;
2015;C2067;62;1;14;08;1;42200;42200 - Siccità/aridità;10;2;
2015;C2067;63;1;22;14;3;99900;99900 - Fattori investigati ma non identificati;30;2;
2015;C2067;63;2;14;03;1;99900;99900 - Fattori investigati ma non identificati;35;2;
2015;C2067;63;3;14;08;1;99900;99900 - Fattori investigati ma non identificati;30;2;
2015;C2067;61;2;22;14;1;99900;99900 - Fattori investigati ma non identificati;15;2;
2015;C2067;61;1;14;03;1;99900;99900 - Fattori investigati ma non identificati;5;2;
2015;C2067;60;2;22;14;1;99900;99900 - Fattori investigati ma non identificati;5;2;
2015;C2067;47;3;14;03;1;99900;99900 - Fattori investigati ma non identificati;15;2;
2015;C2067;49;1;26;14;3;99900;99900 - Fattori investigati ma non identificati;;1;
2015;C2067;59;1;22;14;1;30900;Cryphonectria parasitica = Endothia parasitica;5;2;
2015;C2067;60;1;14;08;1;42200;42200 - Siccità/aridità;70;2;
2015;C2067;47;2;14;08;1;42200;42200 - Siccità/aridità;80;2;
2015;C2067;47;1;22;14;1;99900;99900 - Fattori investigati ma non identificati;5;2;
2015;C2067;45;2;14;03;1;99900;99900 - Fattori investigati ma non identificati;15;2;
2015;C2067;45;1;22;14;1;99900;99900 - Fattori investigati ma non identificati;20;2;
2015;C2067;44;2;14;03;1;99900;99900 - Fattori investigati ma non identificati;5;2;
2015;C2067;44;1;22;14;1;99900;99900 - Fattori investigati ma non identificati;5;2;
2015;C2067;41;1;14;08;1;42200;42200 - Siccità/aridità;70;2;
2015;C2067;18;1;14;03;1;27000;- Non identificato -;;1;
2015;C2067;18;2;22;14;3;99900;99900 - Fattori investigati ma non identificati;;1;
2015;C2067;16;2;22;14;1;99900;99900 - Fattori investigati ma non identificati;5;2;
2015;C2067;16;1;14;08;1;27000;- Non identificato -;10;2;
2015;C2067;15;1;14;08;1;27000;- Non identificato -;30;2;
2015;C2067;15;2;25;14;3;99900;99900 - Fattori investigati ma non identificati;40;2;
2015;C2067;10;2;14;02;1;99900;99900 - Fattori investigati ma non identificati;10;2;
2015;C2067;10;1;22;14;1;99900;99900 - Fattori investigati ma non identificati;5;2;
2015;C2067;9;2;22;14;1;99900;99900 - Fattori investigati ma non identificati;5;2;
2015;C2067;9;1;14;01;1;99900;99900 - Fattori investigati ma non identificati;0;2;
2015;C0368;1;3;34;08;3;30900;Cryphonectria parasitica = Endothia parasitica;;1;
2015;C0368;1;4;33;20;3;99900;99900 - Fattori investigati ma non identificati;;1;
2015;C0368;56;1;22;14;3;99900;99900 - Fattori investigati ma non identificati;10;2;
2015;C0368;56;2;14;06;1;99900;99900 - Fattori investigati ma non identificati;15;2;
2015;C0368;56;3;14;02;1;99900;99900 - Fattori investigati ma non identificati;50;2;
2015;C0368;56;4;14;08;1;31000;31000 - Deformazioni;15;2;
2015;C0368;57;1;14;01;1;21000;- Non identificato -;15;2;
2015;C0368;57;2;14;03;1;99900;99900 - Fattori investigati ma non identificati;40;2;
2015;C0368;57;3;14;08;1;99900;99900 - Fattori investigati ma non identificati;30;2;
2015;C0368;57;4;22;14;3;99900;99900 - Fattori investigati ma non identificati;10;2;
2015;C0368;58;1;14;06;1;99900;99900 - Fattori investigati ma non identificati;10;2;
2015;C0368;58;2;14;02;1;99900;99900 - Fattori investigati ma non identificati;40;2;
2015;C0368;58;3;14;08;1;99900;99900 - Fattori investigati ma non identificati;10;2;
2015;C0368;58;4;22;14;3;99900;99900 - Fattori investigati ma non identificati;5;2;
2015;C0368;59;1;14;06;1;99900;99900 - Fattori investigati ma non identificati;10;2;
2015;C0368;59;2;14;02;1;99900;99900 - Fattori investigati ma non identificati;60;2;
2015;C0368;59;3;14;08;1;99900;99900 - Fattori investigati ma non identificati;10;2;
2015;C0368;59;4;22;14;3;99900;99900 - Fattori investigati ma non identificati;5;2;
2015;C0368;60;1;14;06;1;99900;99900 - Fattori investigati ma non identificati;10;2;
2015;C0368;60;2;14;02;1;99900;99900 - Fattori investigati ma non identificati;40;2;
2015;C0368;60;3;14;08;1;99900;99900 - Fattori investigati ma non identificati;15;2;
2015;C0368;60;4;22;14;3;99900;99900 - Fattori investigati ma non identificati;10;2;
2015;C0368;61;1;14;06;1;99900;99900 - Fattori investigati ma non identificati;5;2;
2015;C0368;61;2;14;02;1;99900;99900 - Fattori investigati ma non identificati;55;2;
2015;C0368;61;3;14;08;1;99900;99900 - Fattori investigati ma non identificati;10;2;
2015;C0368;61;4;22;14;3;99900;99900 - Fattori investigati ma non identificati;15;2;
2015;C0368;62;1;14;06;1;99900;99900 - Fattori investigati ma non identificati;10;2;
2015;C0368;62;2;14;02;1;99900;99900 - Fattori investigati ma non identificati;40;2;
2015;C0368;62;3;14;08;1;99900;99900 - Fattori investigati ma non identificati;15;2;
2015;C0368;62;4;22;14;3;99900;99900 - Fattori investigati ma non identificati;10;2;
2015;C0368;63;1;14;06;1;99900;99900 - Fattori investigati ma non identificati;15;2;
2015;C0368;63;2;14;02;1;99900;99900 - Fattori investigati ma non identificati;30;2;
2015;C0368;63;3;14;08;1;99900;99900 - Fattori investigati ma non identificati;10;2;
2015;C0368;63;4;22;14;3;99900;99900 - Fattori investigati ma non identificati;10;2;
2015;C0368;64;1;14;06;1;99900;99900 - Fattori investigati ma non identificati;5;2;
2015;C0368;64;2;14;02;1;99900;99900 - Fattori investigati ma non identificati;60;2;
2015;C0368;64;3;14;08;1;99900;99900 - Fattori investigati ma non identificati;5;2;
2015;C0368;64;4;22;14;3;99900;99900 - Fattori investigati ma non identificati;10;2;
2015;C0391;1;1;14;01;1;21000;Tortrix viridana;10;2;
2015;C0391;1;2;14;11;1;30000;30000 - Funghi;;;
2015;C0391;1;3;14;02;1;99900;99900 - Fattori investigati ma non identificati;20;2;
2015;C0391;1;4;22;14;3;99900;99900 - Fattori investigati ma non identificati;5;2;
2015;C0391;1;5;14;08;1;99900;99900 - Fattori investigati ma non identificati;5;2;
2015;C0391;3;1;14;01;1;21000;Tortrix viridana;10;2;
2015;C0391;3;2;14;11;1;30000;30000 - Funghi;;;
2015;C0391;3;3;22;14;3;99900;99900 - Fattori investigati ma non identificati;5;2;
2015;C0391;3;4;14;02;1;99900;99900 - Fattori investigati ma non identificati;30;2;
2015;C0391;3;5;14;08;1;99900;99900 - Fattori investigati ma non identificati;5;2;
2015;C0391;5;1;14;01;1;21000;Tortrix viridana;15;2;
2015;C0391;5;2;14;11;1;30000;30000 - Funghi;;;
2015;C0391;5;3;22;14;3;99900;99900 - Fattori investigati ma non identificati;10;2;
2015;C0391;5;4;14;02;1;99900;99900 - Fattori investigati ma non identificati;25;2;
2015;C0391;6;1;14;01;1;21000;Tortrix viridana;5;2;
2015;C0391;6;2;14;11;1;30000;30000 - Funghi;;;
2015;C0391;6;3;14;02;1;99900;99900 - Fattori investigati ma non identificati;30;2;
2015;C0391;6;4;14;08;1;31000;31000 - Deformazioni;5;2;
2015;C0391;6;5;22;14;3;99900;99900 - Fattori investigati ma non identificati;5;2;
2015;C0391;7;1;13;01;3;99900;99900 - Fattori investigati ma non identificati;30;2;
2015;C0391;7;2;13;03;3;99900;99900 - Fattori investigati ma non identificati;40;2;
2015;C0391;7;3;22;14;3;99900;99900 - Fattori investigati ma non identificati;5;2;
2015;C0391;13;1;13;01;3;99900;99900 - Fattori investigati ma non identificati;20;2;
2015;C0391;13;2;13;03;3;99900;99900 - Fattori investigati ma non identificati;40;2;
2015;C0391;13;3;22;14;3;99900;99900 - Fattori investigati ma non identificati;10;2;
2015;C0391;14;1;14;01;1;21000;Tortrix viridana;10;2;
2015;C0391;14;2;14;11;1;30000;30000 - Funghi;;;
2015;C0391;14;3;14;02;1;99900;99900 - Fattori investigati ma non identificati;25;2;
2015;C0391;30;1;14;01;1;21000;Tortrix viridana;5;2;
2015;C0391;30;2;14;11;1;30000;30000 - Funghi;;;
2015;C0391;30;3;14;02;1;99900;99900 - Fattori investigati ma non identificati;40;2;
2015;C0391;30;4;14;08;1;31000;31000 - Deformazioni;15;2;
2015;C0391;30;5;22;14;3;99900;99900 - Fattori investigati ma non identificati;10;2;
2015;C0391;30;6;23;13;2;40000;40000 - Agenti abiotici;20;2;
2015;C0391;32;1;14;01;1;21000;Tortrix viridana;5;2;
2015;C0391;32;2;22;14;3;99900;99900 - Fattori investigati ma non identificati;10;2;
2015;C0391;32;3;14;02;1;99900;99900 - Fattori investigati ma non identificati;30;2;
2015;C0391;33;1;13;01;3;99900;99900 - Fattori investigati ma non identificati;30;2;
2015;C0391;33;2;13;03;3;99900;99900 - Fattori investigati ma non identificati;50;2;
2015;C0391;33;3;22;14;3;99900;99900 - Fattori investigati ma non identificati;10;2;
2015;C0391;37;1;14;01;1;21000;Tortrix viridana;5;2;
2015;C0391;37;2;14;11;1;30000;30000 - Funghi;;;
2015;C0391;37;3;14;02;1;99900;99900 - Fattori investigati ma non identificati;30;2;
2015;C0391;37;4;14;08;1;31000;31000 - Deformazioni;15;2;
2015;C0391;46;1;13;01;3;99900;99900 - Fattori investigati ma non identificati;20;2;
2015;C0391;46;2;13;03;3;99900;99900 - Fattori investigati ma non identificati;50;2;
2015;C0391;46;3;22;14;3;99900;99900 - Fattori investigati ma non identificati;10;2;
2015;C0391;47;1;13;01;3;99900;99900 - Fattori investigati ma non identificati;35;2;
2015;C0391;47;2;13;03;3;99900;99900 - Fattori investigati ma non identificati;40;2;
2015;C0391;47;3;22;14;3;99900;99900 - Fattori investigati ma non identificati;10;2;
2015;C0391;50;1;13;01;3;99900;99900 - Fattori investigati ma non identificati;30;2;
2015;C0391;50;2;13;03;3;99900;99900 - Fattori investigati ma non identificati;40;2;
2015;C0391;50;3;22;14;3;99900;99900 - Fattori investigati ma non identificati;10;2;
2015;C0391;50;4;26;13;2;40000;40000 - Agenti abiotici;30;2;
2015;C0391;51;1;14;01;1;21000;Tortrix viridana;10;2;
2015;C0391;51;2;14;02;1;99900;99900 - Fattori investigati ma non identificati;30;2;
2015;C0391;51;3;14;08;1;31000;31000 - Deformazioni;10;2;
2015;C0391;52;1;22;14;3;99900;99900 - Fattori investigati ma non identificati;20;2;
2015;C0391;52;2;14;02;1;99900;99900 - Fattori investigati ma non identificati;30;2;
2015;C0391;52;3;14;08;1;31000;31000 - Deformazioni;10;2;
2015;C0391;53;1;13;01;3;99900;99900 - Fattori investigati ma non identificati;30;2;
2015;C0391;53;2;13;03;3;99900;99900 - Fattori investigati ma non identificati;30;2;
2015;C0391;53;3;22;14;3;99900;99900 - Fattori investigati ma non identificati;15;2;
2015;C0391;54;1;14;01;1;21000;Tortrix viridana;10;2;
2015;C0391;54;2;14;11;1;30000;30000 - Funghi;;;
2015;C0391;54;3;22;14;3;99900;99900 - Fattori investigati ma non identificati;20;2;
2015;C0391;55;1;13;01;3;99900;99900 - Fattori investigati ma non identificati;20;2;
2015;C0391;55;2;13;03;3;30000;30000 - Funghi;30;2;
2015;C0391;55;3;22;14;3;99900;99900 - Fattori investigati ma non identificati;5;2;
2015;C0391;57;1;13;01;3;99900;99900 - Fattori investigati ma non identificati;20;2;
2015;C0391;57;2;13;03;3;30000;30000 - Funghi;40;2;
2015;C0391;57;3;22;14;3;99900;99900 - Fattori investigati ma non identificati;5;2;
2015;C0391;58;1;14;01;1;21000;Tortrix viridana;5;2;
2015;C0391;58;2;14;11;1;30000;30000 - Funghi;;;
2015;C0391;58;3;22;14;3;99900;99900 - Fattori investigati ma non identificati;5;2;
2015;C0391;59;1;13;01;3;99900;99900 - Fattori investigati ma non identificati;15;2;
2015;C0391;59;2;13;03;3;30000;30000 - Funghi;20;2;
2015;C0391;59;3;22;14;3;99900;99900 - Fattori investigati ma non identificati;5;2;
2015;C0391;60;1;13;01;3;99900;99900 - Fattori investigati ma non identificati;20;2;
2015;C0391;60;2;13;03;3;30000;30000 - Funghi;35;2;
2015;C0391;60;3;22;14;3;99900;99900 - Fattori investigati ma non identificati;5;2;
2015;C0391;61;1;13;01;3;99900;99900 - Fattori investigati ma non identificati;20;2;
2015;C0391;61;2;13;03;3;30000;30000 - Funghi;30;2;
2015;C0391;61;3;22;14;3;99900;99900 - Fattori investigati ma non identificati;5;2;
2015;C0391;62;1;14;01;1;21000;- Non identificato -;5;2;
2015;C0391;63;1;14;01;1;21000;- Non identificato -;5;2;
2015;C0391;64;1;14;01;1;21000;Tortrix viridana;5;2;
2015;C0391;64;2;14;11;1;30000;30000 - Funghi;;;
2015;C0391;64;3;14;02;1;99900;99900 - Fattori investigati ma non identificati;35;2;
2015;C0391;64;4;22;14;3;99900;99900 - Fattori investigati ma non identificati;5;2;
2015;C0391;65;1;14;01;1;21000;Tortrix viridana;5;2;
2015;C0391;65;2;14;11;1;30000;30000 - Funghi;;;
2015;C0391;65;3;14;02;1;99900;99900 - Fattori investigati ma non identificati;20;2;
2015;C0391;65;4;22;14;3;99900;99900 - Fattori investigati ma non identificati;5;2;
2015;C0391;66;1;22;14;3;99900;99900 - Fattori investigati ma non identificati;5;2;
2015;C0391;66;2;14;02;1;99900;99900 - Fattori investigati ma non identificati;40;2;
2015;C0391;66;3;14;08;1;31000;31000 - Deformazioni;5;2;
2015;C0391;67;1;14;01;1;21000;Tortrix viridana;5;2;
2015;C0391;67;2;14;11;1;30000;30000 - Funghi;;;
2015;C0391;67;3;22;14;3;99900;99900 - Fattori investigati ma non identificati;5;2;
2015;C0391;68;1;14;02;1;99900;99900 - Fattori investigati ma non identificati;35;2;
2015;C0391;68;2;14;08;1;31000;31000 - Deformazioni;10;2;
2015;C0391;68;3;22;14;3;99900;99900 - Fattori investigati ma non identificati;5;2;
2015;C0391;69;1;22;14;3;99900;99900 - Fattori investigati ma non identificati;5;2;
2015;C0391;70;1;22;14;3;99900;99900 - Fattori investigati ma non identificati;5;2;
2015;C0391;71;1;22;14;3;99900;99900 - Fattori investigati ma non identificati;5;2;
2015;C0391;72;1;22;14;3;99900;99900 - Fattori investigati ma non identificati;5;2;
2015;C0391;73;1;22;14;3;99900;99900 - Fattori investigati ma non identificati;5;2;
2015;C0391;74;1;14;01;1;21000;Tortrix viridana;5;2;
2015;C0391;74;2;14;11;1;30000;30000 - Funghi;;;
2015;C0391;74;3;14;02;1;99900;99900 - Fattori investigati ma non identificati;25;2;
2015;C0391;74;4;22;14;3;99900;99900 - Fattori investigati ma non identificati;5;2;
2015;C0391;75;1;22;14;3;99900;99900 - Fattori investigati ma non identificati;5;2;
2015;C0391;76;1;22;14;3;99900;99900 - Fattori investigati ma non identificati;5;2;
2015;C0392;5;1;14;01;1;21000;- Non identificato -;15;2;
2015;C0392;5;2;14;11;1;30000;30000 - Funghi;;;
2015;C0392;5;3;14;10;1;27000;- Non identificato -;;;
2015;C0392;5;4;14;02;1;99900;99900 - Fattori investigati ma non identificati;20;2;
2015;C0392;5;5;22;14;3;99900;99900 - Fattori investigati ma non identificati;15;2;
2015;C0392;6;1;22;14;3;99900;99900 - Fattori investigati ma non identificati;10;2;
2015;C0392;6;2;14;11;1;30000;30000 - Funghi;;;
2015;C0392;7;1;14;01;1;21000;Tortrix viridana;30;2;
2015;C0392;7;2;14;11;1;30000;30000 - Funghi;;;
2015;C0392;7;3;22;14;3;99900;99900 - Fattori investigati ma non identificati;20;2;
2015;C0392;7;4;21;08;3;27000;- Non identificato -;5;2;
2015;C0392;9;1;14;01;1;21000;Tortrix viridana;15;2;
2015;C0392;9;2;14;11;1;30000;30000 - Funghi;;;
2015;C0392;9;3;21;10;3;27000;- Non identificato -;;;
2015;C0392;9;4;22;14;3;99900;99900 - Fattori investigati ma non identificati;10;2;
2015;C0392;11;1;14;01;1;21000;Tortrix viridana;15;2;
2015;C0392;11;2;14;11;1;30000;30000 - Funghi;;;
2015;C0392;11;3;22;14;3;99900;99900 - Fattori investigati ma non identificati;15;2;
2015;C0392;11;4;14;02;1;99900;99900 - Fattori investigati ma non identificati;40;2;
2015;C0392;12;1;14;01;1;21000;Tortrix viridana;20;2;
2015;C0392;12;2;14;08;1;99900;99900 - Fattori investigati ma non identificati;15;2;
2015;C0392;12;3;22;14;3;99900;99900 - Fattori investigati ma non identificati;10;2;
2015;C0392;12;4;14;02;1;99900;99900 - Fattori investigati ma non identificati;30;2;
2015;C0392;13;1;14;01;1;21000;Tortrix viridana;15;2;
2015;C0392;13;2;14;02;1;99900;99900 - Fattori investigati ma non identificati;30;2;
2015;C0392;13;3;22;14;3;99900;99900 - Fattori investigati ma non identificati;10;2;
2015;C0392;13;4;23;14;2;99900;99900 - Fattori investigati ma non identificati;10;2;
2015;C0392;28;1;14;01;1;21000;Tortrix viridana;20;2;
2015;C0392;28;2;14;02;1;99900;99900 - Fattori investigati ma non identificati;60;2;
2015;C0392;28;3;25;14;3;99900;99900 - Fattori investigati ma non identificati;20;2;
2015;C0392;29;1;14;01;1;21000;Tortrix viridana;10;2;
2015;C0392;29;2;14;02;1;99900;99900 - Fattori investigati ma non identificati;40;2;
2015;C0392;29;3;25;14;3;99900;99900 - Fattori investigati ma non identificati;15;2;
2015;C0392;39;1;14;01;1;21000;Tortrix viridana;10;2;
2015;C0392;39;2;22;14;3;99900;99900 - Fattori investigati ma non identificati;10;2;
2015;C0392;40;1;14;01;1;21000;- Non identificato -;5;2;
2015;C0392;40;2;22;14;3;99900;99900 - Fattori investigati ma non identificati;5;2;
2015;C0392;41;1;14;01;1;21000;Tortrix viridana;20;2;
2015;C0392;41;2;25;14;3;99900;99900 - Fattori investigati ma non identificati;15;2;
2015;C0392;41;3;14;02;1;99900;99900 - Fattori investigati ma non identificati;50;2;
2015;C0392;42;1;14;01;1;21000;Tortrix viridana;15;2;
2015;C0392;42;2;14;02;1;99900;99900 - Fattori investigati ma non identificati;60;2;
2015;C0392;42;3;25;14;3;99900;99900 - Fattori investigati ma non identificati;10;2;
2015;C0393;3;1;14;01;1;21000;Tortrix viridana;5;2;
2015;C0393;3;2;14;11;1;30000;30000 - Funghi;;;
2015;C0393;3;3;14;02;1;99900;99900 - Fattori investigati ma non identificati;30;2;
2015;C0393;3;4;22;14;3;99900;99900 - Fattori investigati ma non identificati;5;2;
2015;C0393;3;5;26;14;2;99900;99900 - Fattori investigati ma non identificati;15;2;
2015;C0393;4;1;14;01;1;21000;Tortrix viridana;10;2;
2015;C0393;4;2;14;11;1;30000;30000 - Funghi;;;
2015;C0393;4;3;14;02;1;99900;99900 - Fattori investigati ma non identificati;30;2;
2015;C0393;4;4;22;14;3;99900;99900 - Fattori investigati ma non identificati;10;2;
2015;C0393;7;1;13;01;3;99900;99900 - Fattori investigati ma non identificati;30;2;
2015;C0393;7;2;22;14;3;99900;99900 - Fattori investigati ma non identificati;10;2;
2015;C0393;9;1;13;01;3;99900;99900 - Fattori investigati ma non identificati;30;2;
2015;C0393;9;2;22;14;3;99900;99900 - Fattori investigati ma non identificati;15;2;
2015;C0393;12;1;14;01;1;21000;Tortrix viridana;10;2;
2015;C0393;12;2;14;11;1;30000;30000 - Funghi;;;
2015;C0393;12;3;14;02;1;99900;99900 - Fattori investigati ma non identificati;20;2;
2015;C0393;12;4;22;14;3;99900;99900 - Fattori investigati ma non identificati;15;2;
2015;C0393;13;1;13;01;3;99900;99900 - Fattori investigati ma non identificati;45;2;
2015;C0393;13;2;22;14;3;99900;99900 - Fattori investigati ma non identificati;20;2;
2015;C0393;14;1;14;01;1;21000;Tortrix viridana;5;2;
2015;C0393;14;2;14;11;1;30000;30000 - Funghi;;;
2015;C0393;14;3;14;02;1;99900;99900 - Fattori investigati ma non identificati;20;2;
2015;C0393;14;4;22;14;3;99900;99900 - Fattori investigati ma non identificati;5;2;
2015;C0393;15;1;14;01;1;21000;Tortrix viridana;5;2;
2015;C0393;15;2;14;11;1;30000;30000 - Funghi;;;
2015;C0393;15;3;22;14;3;99900;99900 - Fattori investigati ma non identificati;5;2;
2015;C0393;16;1;14;01;1;21000;Tortrix viridana;5;2;
2015;C0393;16;2;22;14;3;99900;99900 - Fattori investigati ma non identificati;5;2;
2015;C0393;17;1;14;01;1;21000;Tortrix viridana;5;2;
2015;C0393;17;2;22;14;3;99900;99900 - Fattori investigati ma non identificati;5;2;
2015;C0393;25;1;14;01;1;21000;Tortrix viridana;5;2;
2015;C0393;25;2;14;11;1;30000;30000 - Funghi;;;
2015;C0393;25;3;14;02;1;99900;99900 - Fattori investigati ma non identificati;30;2;
2015;C0393;25;4;22;14;3;99900;99900 - Fattori investigati ma non identificati;5;2;
2015;C0393;27;1;14;01;1;21000;Tortrix viridana;20;2;
2015;C0393;27;2;14;11;1;30000;30000 - Funghi;;;
2015;C0393;27;3;22;14;3;99900;99900 - Fattori investigati ma non identificati;10;2;
2015;C0393;27;4;14;02;1;99900;99900 - Fattori investigati ma non identificati;30;2;
2015;C0393;29;1;14;01;1;21000;Tortrix viridana;10;2;
2015;C0393;29;2;14;02;1;99900;99900 - Fattori investigati ma non identificati;20;2;
2015;C0393;29;3;22;14;3;99900;99900 - Fattori investigati ma non identificati;10;2;
2015;C0393;30;1;13;01;3;99900;99900 - Fattori investigati ma non identificati;40;2;
2015;C0393;30;2;22;14;3;99900;99900 - Fattori investigati ma non identificati;20;2;
2015;C0393;32;1;14;01;1;21000;Tortrix viridana;10;2;
2015;C0393;32;2;14;11;1;30000;30000 - Funghi;;;
2015;C0393;32;3;22;14;3;99900;99900 - Fattori investigati ma non identificati;5;2;
2015;C0393;44;1;14;01;1;21000;- Non identificato -;5;2;
2015;C0393;44;2;22;14;3;99900;99900 - Fattori investigati ma non identificati;5;2;
2015;C0393;45;1;14;01;1;21000;Tortrix viridana;5;2;
2015;C0393;45;2;22;14;3;99900;99900 - Fattori investigati ma non identificati;5;2;
2015;C0393;46;1;22;14;3;99900;99900 - Fattori investigati ma non identificati;5;2;
2015;C0393;47;1;14;01;1;21000;Tortrix viridana;10;2;
2015;C0393;47;2;14;11;1;30000;30000 - Funghi;;;
2015;C0393;47;3;22;14;3;99900;99900 - Fattori investigati ma non identificati;10;2;
2015;C0393;48;1;14;01;1;21000;Tortrix viridana;10;2;
2015;C0393;48;2;14;02;1;99900;99900 - Fattori investigati ma non identificati;40;2;
2015;C0393;48;3;22;14;3;99900;99900 - Fattori investigati ma non identificati;5;2;
2015;C0393;49;1;14;01;1;21000;Tortrix viridana;5;2;
2015;C0393;49;2;22;14;3;99900;99900 - Fattori investigati ma non identificati;5;2;
2015;C0393;50;1;14;01;1;21000;Tortrix viridana;5;2;
2015;C0393;50;2;22;14;3;99900;99900 - Fattori investigati ma non identificati;5;2;
2015;C0393;51;1;14;01;1;21000;Tortrix viridana;5;2;
2015;C0393;51;2;22;14;3;99900;99900 - Fattori investigati ma non identificati;5;2;
2015;C0394;2;1;25;14;3;30900;Cryphonectria parasitica = Endothia parasitica;40;2;
2015;C0394;2;2;34;08;3;30900;Cryphonectria parasitica = Endothia parasitica;;1;
2015;C0394;2;3;21;08;1;27000;- Non identificato -;50;2;D. kuriphilus
2015;C0394;3;1;21;08;1;27000;- Non identificato -;50;2;D. kuriphilus
2015;C0394;3;2;25;14;3;30900;Cryphonectria parasitica = Endothia parasitica;40;2;
2015;C0394;3;3;34;08;3;30900;Cryphonectria parasitica = Endothia parasitica;;1;
2015;C0394;15;1;14;01;1;21000;Tortrix viridana;15;2;
2015;C0394;15;2;25;14;3;99900;99900 - Fattori investigati ma non identificati;15;2;
2015;C0394;15;3;14;11;1;30000;30000 - Funghi;;;
2015;C0394;32;1;14;01;1;21000;Tortrix viridana;10;2;
2015;C0394;32;2;14;11;1;30000;30000 - Funghi;;;
2015;C0394;32;3;22;14;3;99900;99900 - Fattori investigati ma non identificati;10;2;
2015;C0394;40;1;14;01;1;21000;Tortrix viridana;10;2;
2015;C0394;40;2;14;11;1;30000;30000 - Funghi;;;
2015;C0394;40;3;22;14;3;99900;99900 - Fattori investigati ma non identificati;10;2;
2015;C0394;41;1;14;01;1;21000;Tortrix viridana;10;2;
2015;C0394;41;2;14;11;1;30000;30000 - Funghi;;;
2015;C0394;41;3;22;14;3;99900;99900 - Fattori investigati ma non identificati;15;2;
2015;C0394;41;4;33;20;3;30400;- Non identificato -;;1;
2015;C0394;46;1;14;01;1;21000;Tortrix viridana;5;2;
2015;C0394;46;2;14;11;1;30000;30000 - Funghi;;;
2015;C0394;46;3;22;14;3;99900;99900 - Fattori investigati ma non identificati;10;2;
2015;C0394;46;4;26;14;2;99900;99900 - Fattori investigati ma non identificati;5;2;
2015;C0394;51;1;21;08;1;27000;- Non identificato -;40;2;D. kuriphilus
2015;C0394;51;2;25;14;3;30900;Cryphonectria parasitica = Endothia parasitica;40;2;
2015;C0394;51;3;34;08;3;30900;Cryphonectria parasitica = Endothia parasitica;;1;
2015;C0394;52;1;21;08;1;27000;- Non identificato -;40;2;D. kuriphilus
2015;C0394;52;2;25;14;3;30900;Cryphonectria parasitica = Endothia parasitica;50;2;
2015;C0394;52;3;34;08;3;30900;Cryphonectria parasitica = Endothia parasitica;;1;
2015;C0394;53;1;21;08;1;27000;- Non identificato -;50;2;D. kuriphilus
2015;C0394;53;2;25;14;3;30900;Cryphonectria parasitica = Endothia parasitica;50;2;
2015;C0394;53;3;34;08;3;30900;Cryphonectria parasitica = Endothia parasitica;;1;
2015;C0394;54;1;14;01;1;21000;Tortrix viridana;5;2;
2015;C0394;54;2;14;11;1;30000;30000 - Funghi;;;
2015;C0394;54;3;22;14;3;99900;99900 - Fattori investigati ma non identificati;5;2;
2015;C0394;55;1;14;01;1;21000;Tortrix viridana;5;2;
2015;C0394;55;2;14;11;1;30000;30000 - Funghi;;;
2015;C0394;55;3;22;14;3;99900;99900 - Fattori investigati ma non identificati;5;2;
2015;C0394;56;1;14;01;1;21000;Tortrix viridana;5;2;
2015;C0394;56;2;14;11;1;30000;30000 - Funghi;;;
2015;C0394;56;3;22;14;3;99900;99900 - Fattori investigati ma non identificati;10;2;
2015;C0394;56;4;26;14;2;99900;99900 - Fattori investigati ma non identificati;10;2;
2015;C0394;57;1;14;01;1;21000;Tortrix viridana;5;2;
2015;C0394;57;2;14;11;1;30000;30000 - Funghi;;;
2015;C0394;57;3;22;14;3;99900;99900 - Fattori investigati ma non identificati;5;2;
2015;C0751;1;1;14;01;1;21000;Rhynchaenus fagi;5;2;
2015;C0751;2;1;14;01;1;21000;Rhynchaenus fagi;5;2;
2015;C0751;6;1;14;01;1;21000;Rhynchaenus fagi;5;2;
2015;C0751;6;2;22;14;1;99900;99900 - Fattori investigati ma non identificati;5;2;
2015;C0751;7;1;14;01;1;21000;Rhynchaenus fagi;5;2;
2015;C0751;8;1;14;01;1;21000;Rhynchaenus fagi;5;2;
2015;C0751;9;1;14;01;1;21000;Rhynchaenus fagi;5;2;
2015;C0751;11;1;14;01;1;21000;Rhynchaenus fagi;5;2;
2015;C0751;11;2;22;14;3;99900;99900 - Fattori investigati ma non identificati;10;2;
2015;C0751;12;1;14;01;1;21000;Rhynchaenus fagi;5;2;
2015;C0751;14;1;14;01;1;21000;Rhynchaenus fagi;5;2;
2015;C0751;14;2;22;14;1;99900;99900 - Fattori investigati ma non identificati;5;2;
2015;C0751;15;1;22;14;1;99900;99900 - Fattori investigati ma non identificati;10;2;
2015;C0751;15;2;14;01;1;21000;Rhynchaenus fagi;5;2;
2015;C0751;23;1;14;01;1;21000;Rhynchaenus fagi;5;2;
2015;C0751;23;2;22;14;1;99900;99900 - Fattori investigati ma non identificati;10;2;
2015;C0751;26;1;14;01;1;21000;Rhynchaenus fagi;5;2;
2015;C0751;27;1;14;01;1;21000;Rhynchaenus fagi;5;2;
2015;C0751;29;1;14;01;1;21000;Rhynchaenus fagi;5;2;
2015;C0751;30;1;14;01;1;21000;Rhynchaenus fagi;5;2;
2015;C0751;33;1;14;01;1;21000;Rhynchaenus fagi;5;2;
2015;C0751;33;2;22;14;1;99900;99900 - Fattori investigati ma non identificati;5;2;
2015;C0751;43;1;14;01;1;21000;Rhynchaenus fagi;5;2;
2015;C0751;49;1;14;04;1;30500;Rhytisma spp;5;2;
2015;C0751;50;1;14;01;1;21000;Rhynchaenus fagi;5;2;
2015;C0751;51;1;14;01;1;21000;Rhynchaenus fagi;5;2;
2015;C0751;52;1;14;01;1;21000;Rhynchaenus fagi;5;2;
2015;C0751;53;1;14;01;1;21000;Rhynchaenus fagi;5;2;
2015;C0751;54;1;14;01;1;21000;Rhynchaenus fagi;5;2;
2015;C0751;55;1;14;01;1;21000;Rhynchaenus fagi;5;2;
2015;C0751;56;1;14;01;1;21000;Rhynchaenus fagi;5;2;
2015;C0751;57;1;14;01;1;21000;Rhynchaenus fagi;5;2;
2015;C0751;57;2;22;14;3;99900;99900 - Fattori investigati ma non identificati;10;2;
2015;C0751;58;1;14;01;1;21000;Rhynchaenus fagi;5;2;
2015;C2043;1;1;22;14;3;99900;99900 - Fattori investigati ma non identificati;5;2;
2015;C2043;1;2;14;01;1;21000;Rhynchaenus fagi;5;2;
2015;C2043;2;1;22;14;3;99900;99900 - Fattori investigati ma non identificati;5;2;
2015;C2043;2;2;14;01;1;21000;Rhynchaenus fagi;5;2;
2015;C2043;3;1;22;14;3;99900;99900 - Fattori investigati ma non identificati;5;2;
2015;C2043;3;2;14;01;1;21000;Rhynchaenus fagi;5;2;
2015;C2043;4;1;22;14;3;99900;99900 - Fattori investigati ma non identificati;5;2;
2015;C2043;4;2;14;01;1;21000;Rhynchaenus fagi;5;2;
2015;C2043;5;1;22;14;3;99900;99900 - Fattori investigati ma non identificati;5;2;
2015;C2043;5;2;14;01;1;21000;Rhynchaenus fagi;5;2;
2015;C2043;5;3;32;17;2;99900;99900 - Fattori investigati ma non identificati;;1;
2015;C2043;6;1;22;14;3;99900;99900 - Fattori investigati ma non identificati;5;2;
2015;C2043;6;2;23;14;1;99900;99900 - Fattori investigati ma non identificati;5;2;
2015;C2043;6;3;22;14;1;21000;Rhynchaenus fagi;5;2;
2015;C2043;7;1;14;01;1;21000;Rhynchaenus fagi;5;2;
2015;C2043;7;2;25;14;3;99900;99900 - Fattori investigati ma non identificati;20;2;
2015;C2043;7;3;14;02;1;99900;99900 - Fattori investigati ma non identificati;5;2;
2015;C2043;8;1;22;14;1;99900;99900 - Fattori investigati ma non identificati;5;2;
2015;C2043;8;2;14;01;1;21000;Rhynchaenus fagi;5;2;
2015;C2043;9;1;22;14;1;99900;99900 - Fattori investigati ma non identificati;5;2;
2015;C2043;9;2;14;01;1;21000;Rhynchaenus fagi;5;2;
2015;C2043;10;1;22;14;1;99900;99900 - Fattori investigati ma non identificati;5;2;
2015;C2043;10;2;14;01;1;21000;Rhynchaenus fagi;5;2;
2015;C2043;11;1;22;14;1;99900;99900 - Fattori investigati ma non identificati;5;2;
2015;C2043;11;2;14;01;1;21000;Rhynchaenus fagi;5;2;
2015;C2043;12;1;22;14;1;99900;99900 - Fattori investigati ma non identificati;5;2;
2015;C2043;12;2;14;01;1;21000;Rhynchaenus fagi;5;2;
2015;C2043;13;1;22;14;1;99900;99900 - Fattori investigati ma non identificati;5;2;
2015;C2043;13;2;14;01;1;21000;Rhynchaenus fagi;5;2;
2015;C2043;14;1;22;14;1;99900;99900 - Fattori investigati ma non identificati;5;2;
2015;C2043;14;2;14;01;1;99900;99900 - Fattori investigati ma non identificati;5;2;
2015;C2043;15;1;14;01;1;21000;Rhynchaenus fagi;5;2;
2015;C2043;15;2;22;14;1;99900;99900 - Fattori investigati ma non identificati;10;2;
2015;C2043;16;1;22;14;1;99900;99900 - Fattori investigati ma non identificati;10;2;
2015;C2043;16;2;14;01;1;21000;Rhynchaenus fagi;5;2;
2015;C2043;17;1;14;01;1;21000;Rhynchaenus fagi;5;2;
2015;C2043;17;2;22;14;1;99900;99900 - Fattori investigati ma non identificati;10;2;
2015;C2043;17;3;23;19;1;99900;99900 - Fattori investigati ma non identificati;5;2;
2015;C2043;17;4;14;02;1;99900;99900 - Fattori investigati ma non identificati;5;2;
2015;C2043;19;1;14;01;1;21000;Rhynchaenus fagi;5;2;
2015;C2043;19;2;22;14;1;99900;99900 - Fattori investigati ma non identificati;5;2;
2015;C2043;20;1;14;01;1;21000;Rhynchaenus fagi;5;2;
2015;C2043;20;2;22;14;1;99900;99900 - Fattori investigati ma non identificati;15;2;
2015;C2043;20;3;23;13;1;99900;99900 - Fattori investigati ma non identificati;5;2;
2015;C2043;21;1;14;01;1;21000;Rhynchaenus fagi;5;2;
2015;C2043;21;2;22;14;1;99900;99900 - Fattori investigati ma non identificati;15;2;
2015;C2043;22;1;14;01;1;21000;Rhynchaenus fagi;5;2;
2015;C2043;22;2;22;14;1;99900;99900 - Fattori investigati ma non identificati;5;2;
2015;C2043;23;1;14;01;1;21000;Rhynchaenus fagi;5;2;
2015;C2043;23;2;22;14;1;99900;99900 - Fattori investigati ma non identificati;5;2;
2015;C2043;24;1;14;01;1;21000;Rhynchaenus fagi;5;2;
2015;C2043;24;2;25;14;1;99900;99900 - Fattori investigati ma non identificati;10;2;
2015;C2043;26;1;14;01;1;21000;Rhynchaenus fagi;5;2;
2015;C2043;26;2;25;14;3;99900;99900 - Fattori investigati ma non identificati;15;2;
2015;C2043;27;1;14;01;1;21000;Rhynchaenus fagi;5;2;
2015;C2043;27;2;22;14;1;99900;99900 - Fattori investigati ma non identificati;10;2;
2015;C2043;27;3;14;03;1;30600;Apiognomonia errabunda;5;2;
2015;C2043;28;1;14;01;1;21000;Rhynchaenus fagi;5;2;
2015;C2043;28;2;22;14;1;99900;99900 - Fattori investigati ma non identificati;10;2;
2015;C2043;29;1;14;01;1;21000;Rhynchaenus fagi;5;2;
2015;C2043;30;1;14;01;1;21000;Rhynchaenus fagi;5;2;
2015;C2043;30;2;23;14;1;99900;99900 - Fattori investigati ma non identificati;5;2;
2015;C2043;33;1;14;01;1;21000;Rhynchaenus fagi;5;2;
2015;C2043;34;1;14;01;1;21000;Rhynchaenus fagi;5;2;
2015;C2043;34;2;22;14;1;99900;99900 - Fattori investigati ma non identificati;5;2;
2015;C2043;35;1;14;01;1;21000;Rhynchaenus fagi;5;2;
2015;C2043;35;2;22;14;1;99900;99900 - Fattori investigati ma non identificati;5;2;
2015;C2043;36;1;14;01;1;21000;Rhynchaenus fagi;5;2;
2015;C2043;36;2;22;14;1;99900;99900 - Fattori investigati ma non identificati;5;2;
2015;C2043;37;1;22;14;1;99900;99900 - Fattori investigati ma non identificati;5;2;
2015;C2043;37;2;14;01;1;21000;Rhynchaenus fagi;5;2;
2015;C2043;38;1;22;14;1;99900;99900 - Fattori investigati ma non identificati;5;2;
2015;C2043;38;2;14;01;1;21000;Rhynchaenus fagi;5;2;
2015;C2043;39;1;14;01;1;21000;Rhynchaenus fagi;5;2;
2015;C2043;40;1;14;01;1;21000;Rhynchaenus fagi;5;2;
2015;C2043;40;2;22;14;1;99900;99900 - Fattori investigati ma non identificati;10;2;
2015;C2043;41;1;22;14;1;99900;99900 - Fattori investigati ma non identificati;5;2;
2015;C2043;41;2;14;01;1;21000;Rhynchaenus fagi;5;2;
2015;C2043;42;1;22;14;1;99900;99900 - Fattori investigati ma non identificati;5;2;
2015;C2043;42;2;14;01;1;21000;Rhynchaenus fagi;5;2;
2015;C2043;43;1;14;01;1;21000;Rhynchaenus fagi;5;2;
2015;C2043;44;1;14;01;1;21000;Rhynchaenus fagi;5;2;
2015;C2043;45;1;14;01;1;21000;Rhynchaenus fagi;5;2;
2015;C2043;46;1;14;01;1;21000;Rhynchaenus fagi;5;2;
2015;C2043;47;1;14;01;1;21000;Rhynchaenus fagi;5;2;
2015;C2036;9;1;33;12;1;81003;81003 - Hedera helix;;;
2015;C2036;9;2;22;14;3;22000;Coroebus florentinus;15;2;
2015;C2036;10;1;32;12;3;81003;81003 - Hedera helix;;;
2015;C2036;10;2;22;14;3;99900;99900 - Fattori investigati ma non identificati;10;2;
2015;C2036;13;1;34;12;3;81003;81003 - Hedera helix;;;
2015;C2036;13;2;22;14;2;99900;99900 - Fattori investigati ma non identificati;15;2;
2015;C2036;13;3;14;01;1;99900;99900 - Fattori investigati ma non identificati;5;2;
2015;C2036;14;1;33;12;3;81003;81003 - Hedera helix;;;
2015;C2036;14;2;22;14;1;22000;Coroebus florentinus;5;2;
2015;C2036;14;3;14;01;1;99900;99900 - Fattori investigati ma non identificati;5;2;
2015;C2036;15;1;32;12;3;81003;81003 - Hedera helix;;;
2015;C2036;15;2;22;14;3;22000;Coroebus florentinus;10;2;
2015;C2036;15;3;14;01;1;99900;99900 - Fattori investigati ma non identificati;5;2;
2015;C2036;17;1;32;12;3;81003;81003 - Hedera helix;;;
2015;C2036;17;2;14;01;1;99900;99900 - Fattori investigati ma non identificati;5;2;
2015;C2036;17;3;22;14;3;22000;Coroebus florentinus;10;2;
2015;C2036;20;1;33;12;3;81003;81003 - Hedera helix;;;
2015;C2036;20;2;22;14;3;22000;Coroebus florentinus;5;2;
2015;C2036;20;3;23;14;1;99900;99900 - Fattori investigati ma non identificati;5;2;
2015;C2036;20;4;14;06;1;99900;99900 - Fattori investigati ma non identificati;10;2;
2015;C2036;23;1;33;12;3;81003;81003 - Hedera helix;;;
2015;C2036;23;2;22;14;3;22000;Coroebus florentinus;10;2;
2015;C2036;32;1;32;12;3;81003;81003 - Hedera helix;;;
2015;C2036;32;2;22;14;1;99900;99900 - Fattori investigati ma non identificati;5;2;
2015;C2036;33;1;32;12;3;81003;81003 - Hedera helix;;;
2015;C2036;33;2;22;14;3;22000;Coroebus florentinus;5;2;
2015;C2036;33;3;14;06;1;99900;99900 - Fattori investigati ma non identificati;5;2;
2015;C2036;33;4;14;01;1;99900;99900 - Fattori investigati ma non identificati;5;2;
2015;C2036;34;1;32;12;3;81003;81003 - Hedera helix;;;
2015;C2036;34;2;14;03;1;99900;99900 - Fattori investigati ma non identificati;5;2;
2015;C2036;34;3;22;14;3;99900;99900 - Fattori investigati ma non identificati;5;2;
2015;C2036;36;1;32;12;3;81003;81003 - Hedera helix;;;
2015;C2036;36;2;22;14;1;22000;Coroebus florentinus;5;2;
2015;C2036;38;1;32;12;3;81003;81003 - Hedera helix;;;
2015;C2036;38;2;22;14;3;22000;Coroebus florentinus;5;2;
2015;C2036;39;1;33;12;3;81003;81003 - Hedera helix;;;
2015;C2036;39;2;22;14;3;22000;Coroebus florentinus;5;2;
2015;C2036;53;1;32;12;3;81003;81003 - Hedera helix;;;
2015;C2036;53;2;23;14;3;99900;99900 - Fattori investigati ma non identificati;10;2;
2015;C2036;45;1;32;12;3;81003;81003 - Hedera helix;;;
2015;C2036;46;1;33;12;3;81003;81003 - Hedera helix;;;
2015;C2036;46;2;22;14;3;22000;Coroebus florentinus;15;2;
2015;C2036;46;3;14;06;1;99900;99900 - Fattori investigati ma non identificati;10;2;
2015;C2036;48;1;32;12;3;81003;81003 - Hedera helix;;;
2015;C2036;48;2;22;14;3;99900;99900 - Fattori investigati ma non identificati;10;2;
2015;C2036;48;3;14;01;1;99900;99900 - Fattori investigati ma non identificati;5;2;
2015;C2036;61;1;32;12;3;81003;81003 - Hedera helix;;;
2015;C2036;61;2;23;14;1;99900;99900 - Fattori investigati ma non identificati;5;2;
2015;C2036;61;3;14;01;1;99900;99900 - Fattori investigati ma non identificati;5;2;
2015;C2036;62;1;22;14;3;99900;99900 - Fattori investigati ma non identificati;5;2;
2015;C2036;62;2;14;01;1;99900;99900 - Fattori investigati ma non identificati;5;2;
2015;C2036;60;1;32;12;3;81003;81003 - Hedera helix;;;
2015;C2036;47;1;32;12;3;81003;81003 - Hedera helix;;;
2015;C2036;47;2;22;14;3;99900;99900 - Fattori investigati ma non identificati;5;2;
2015;C2036;47;3;14;01;1;99900;99900 - Fattori investigati ma non identificati;5;2;
2015;C2036;52;1;32;12;3;81003;81003 - Hedera helix;;;
2015;C2036;52;2;22;14;1;99900;99900 - Fattori investigati ma non identificati;5;2;
2015;C2036;54;1;32;12;3;81003;81003 - Hedera helix;;;
2015;C2036;54;2;22;14;1;99900;99900 - Fattori investigati ma non identificati;5;2;
2015;C2036;55;1;34;12;3;81003;81003 - Hedera helix;;;
2015;C2036;55;2;14;02;1;99900;99900 - Fattori investigati ma non identificati;5;2;
2015;C2036;50;1;32;12;3;81003;81003 - Hedera helix;;;
2015;C2036;50;2;14;02;1;99900;99900 - Fattori investigati ma non identificati;5;2;
2015;C2036;49;1;33;12;3;81003;81003 - Hedera helix;;;
2015;C2036;49;2;22;14;3;99900;99900 - Fattori investigati ma non identificati;5;2;
2015;C2036;49;3;14;01;1;99900;99900 - Fattori investigati ma non identificati;5;2;
2015;C2036;51;1;34;12;3;81003;81003 - Hedera helix;;;
2015;C2036;51;2;22;14;3;99900;99900 - Fattori investigati ma non identificati;5;2;
2015;C2036;51;3;14;01;1;99900;99900 - Fattori investigati ma non identificati;5;2;
2015;C2036;58;1;32;12;3;81003;81003 - Hedera helix;;;
2015;C2036;58;2;22;14;3;22000;Coroebus florentinus;5;2;
2015;C2036;57;1;32;12;3;81003;81003 - Hedera helix;;;
2015;C2036;57;2;22;14;1;22000;Coroebus florentinus;10;2;
2015;C2036;56;1;22;14;3;22000;Coroebus florentinus;10;2;
2015;C2036;59;1;32;12;3;81003;81003 - Hedera helix;;;
2015;C2036;42;1;33;12;3;81003;81003 - Hedera helix;;;
2015;C2036;42;2;14;01;1;99900;99900 - Fattori investigati ma non identificati;5;2;
2015;C0736;1;1;34;12;3;81005;81005 - Clematis sp.;;;
2015;C0736;2;1;22;14;3;99900;99900 - Fattori investigati ma non identificati;15;2;
2015;C0736;2;2;14;03;1;99900;99900 - Fattori investigati ma non identificati;5;2;
2015;C0736;3;1;25;14;3;99900;99900 - Fattori investigati ma non identificati;5;2;
2015;C0736;4;1;22;14;1;99900;99900 - Fattori investigati ma non identificati;5;2;
2015;C0736;5;1;22;14;1;99900;99900 - Fattori investigati ma non identificati;5;2;
2015;C0736;6;1;14;03;1;99900;99900 - Fattori investigati ma non identificati;5;2;
2015;C0736;6;2;22;14;1;99900;99900 - Fattori investigati ma non identificati;5;2;
2015;C0736;9;1;22;14;1;99900;99900 - Fattori investigati ma non identificati;5;2;
2015;C0736;9;2;14;03;1;99900;99900 - Fattori investigati ma non identificati;5;2;
2015;C0736;15;1;22;14;1;99900;99900 - Fattori investigati ma non identificati;5;2;
2015;C0736;15;2;14;03;1;99900;99900 - Fattori investigati ma non identificati;5;2;
2015;C0736;16;1;14;03;1;99900;99900 - Fattori investigati ma non identificati;5;2;
2015;C0736;16;2;22;14;1;99900;99900 - Fattori investigati ma non identificati;5;2;
2015;C0736;17;1;14;03;1;99900;99900 - Fattori investigati ma non identificati;5;2;
2015;C0736;17;2;22;14;1;99900;99900 - Fattori investigati ma non identificati;5;2;
2015;C0736;13;1;00;;;;;;;
2015;C0736;19;1;14;03;1;99900;99900 - Fattori investigati ma non identificati;10;2;
2015;C0736;19;2;14;01;1;99900;99900 - Fattori investigati ma non identificati;10;2;
2015;C0736;19;3;22;14;3;99900;99900 - Fattori investigati ma non identificati;30;2;
2015;C0736;19;4;31;12;3;81005;81005 - Clematis sp.;;;
2015;C0736;20;1;22;14;1;99900;99900 - Fattori investigati ma non identificati;5;2;
2015;C0736;20;2;14;03;1;99900;99900 - Fattori investigati ma non identificati;5;2;
2015;C0736;20;3;14;01;1;99900;99900 - Fattori investigati ma non identificati;5;2;
2015;C0736;21;1;33;12;3;81003;81003 - Hedera helix;;;
2015;C0736;21;2;32;20;2;99900;99900 - Fattori investigati ma non identificati;;1;
2015;C0736;21;3;14;03;1;99900;99900 - Fattori investigati ma non identificati;10;2;
2015;C0736;21;4;14;01;1;99900;99900 - Fattori investigati ma non identificati;10;2;
2015;C0736;21;5;23;14;3;99900;99900 - Fattori investigati ma non identificati;15;2;
2015;C0732;1;1;14;01;1;21000;Rhynchaenus fagi;5;2;
2015;C0732;2;1;14;01;1;21000;Rhynchaenus fagi;5;2;
2015;C0732;3;1;14;01;1;21000;Rhynchaenus fagi;5;2;
2015;C0732;3;2;22;14;1;99900;99900 - Fattori investigati ma non identificati;5;2;
2015;C0732;4;1;14;01;1;21000;Rhynchaenus fagi;5;2;
2015;C0732;5;1;14;01;1;21000;Rhynchaenus fagi;5;2;
2015;C0732;6;1;14;01;1;21000;Rhynchaenus fagi;5;2;
2015;C0732;7;1;14;01;1;21000;Rhynchaenus fagi;5;2;
2015;C0732;8;1;14;01;1;21000;Rhynchaenus fagi;5;2;
2015;C0732;8;2;22;14;1;99900;99900 - Fattori investigati ma non identificati;5;2;
2015;C0732;9;1;14;01;1;21000;Rhynchaenus fagi;5;2;
2015;C0732;10;1;14;01;1;21000;Rhynchaenus fagi;5;2;
2015;C0732;12;1;00;;;;;;;
2015;C0732;13;1;14;01;1;21000;Rhynchaenus fagi;5;2;
2015;C0732;14;1;14;01;1;21000;Rhynchaenus fagi;5;2;
2015;C0732;16;1;14;01;1;21000;Rhynchaenus fagi;5;2;
2015;C0732;17;1;22;14;1;99900;99900 - Fattori investigati ma non identificati;5;2;
2015;C0732;17;2;14;01;1;21000;Rhynchaenus fagi;5;2;
2015;C0732;18;1;14;01;1;21000;Rhynchaenus fagi;5;2;
2015;C0732;21;1;14;01;1;21000;Rhynchaenus fagi;5;2;
2015;C0732;23;1;00;;;;;;;
2015;C0732;26;1;14;01;1;21000;Rhynchaenus fagi;5;2;
2015;C0732;27;1;14;01;1;21000;Rhynchaenus fagi;5;2;
2015;C0732;28;1;14;01;1;21000;Rhynchaenus fagi;5;2;
2015;C0732;28;2;22;14;1;99900;99900 - Fattori investigati ma non identificati;5;2;
2015;C0732;29;1;14;01;1;21000;Rhynchaenus fagi;5;2;
2015;C0732;30;1;00;;;;;;;
2015;C0732;33;1;14;01;1;21000;Rhynchaenus fagi;5;2;
2015;C0732;34;1;14;01;1;21000;Rhynchaenus fagi;5;2;
2015;C0732;35;1;14;01;1;21000;Rhynchaenus fagi;5;2;
2015;C0732;36;1;14;01;1;21000;Rhynchaenus fagi;5;2;
2015;C0732;37;1;00;;;;;;;
2015;C0732;38;1;00;;;;;;;
2015;C0732;39;1;14;01;1;21000;Rhynchaenus fagi;5;2;
2015;C0732;40;1;14;01;1;21000;Rhynchaenus fagi;5;2;
2015;C0732;41;1;00;;;;;;;
2015;C0732;42;1;00;;;;;;;
2015;C0732;43;1;14;01;1;21000;Rhynchaenus fagi;5;2;
2015;C0732;44;1;00;;;;;;;
2015;C0732;45;1;14;01;1;21000;Rhynchaenus fagi;5;2;
2015;C0732;45;2;22;14;1;99900;99900 - Fattori investigati ma non identificati;5;2;
2015;C0732;46;1;22;14;1;99900;99900 - Fattori investigati ma non identificati;10;2;
2015;C0732;47;1;14;01;1;21000;Rhynchaenus fagi;5;2;
2015;C0697;3;1;11;01;1;99900;99900 - Fattori investigati ma non identificati;5;2;
2015;C0697;4;1;13;02;3;99900;99900 - Fattori investigati ma non identificati;5;2;
2015;C0697;4;2;13;01;1;99900;99900 - Fattori investigati ma non identificati;5;2;
2015;C0697;57;1;14;08;1;99900;99900 - Fattori investigati ma non identificati;5;2;
2015;C0697;49;1;00;;;;;;;
2015;C0697;59;1;00;;;;;;;
2015;C0697;56;1;00;;;;;;;
2015;C0697;58;1;00;;;;;;;
2015;C0697;61;1;00;;;;;;;
2015;C0697;60;1;00;;;;;;;
2015;C0697;62;1;11;01;1;99900;99900 - Fattori investigati ma non identificati;15;2;
2015;C0697;63;1;14;01;1;99900;99900 - Fattori investigati ma non identificati;5;2;
2015;C0697;25;1;00;;;;;;;
2015;C0697;66;1;00;;;;;;;
2015;C0697;24;1;13;01;3;99900;99900 - Fattori investigati ma non identificati;25;2;
2015;C0697;15;1;00;;;;;;;
2015;C0697;67;1;14;01;1;99900;99900 - Fattori investigati ma non identificati;5;2;
2015;C0697;64;1;14;01;1;99900;99900 - Fattori investigati ma non identificati;5;2;
2015;C0697;65;1;14;01;1;99900;99900 - Fattori investigati ma non identificati;5;2;
2015;C2041;1;1;13;03;1;99900;99900 - Fattori investigati ma non identificati;5;2;
2015;C2041;2;1;13;03;1;99900;99900 - Fattori investigati ma non identificati;5;2;
2015;C2041;3;1;13;03;1;99900;99900 - Fattori investigati ma non identificati;5;2;
2015;C2041;4;1;13;01;1;99900;99900 - Fattori investigati ma non identificati;5;2;
2015;C2041;5;1;13;03;1;99900;99900 - Fattori investigati ma non identificati;5;2;
2015;C2041;6;1;13;03;1;99900;99900 - Fattori investigati ma non identificati;5;2;
2015;C2041;6;2;12;01;1;99900;99900 - Fattori investigati ma non identificati;10;2;
2015;C2041;9;1;13;03;1;99900;99900 - Fattori investigati ma non identificati;10;2;
2015;C2041;9;2;12;01;1;99900;99900 - Fattori investigati ma non identificati;5;2;
2015;C2041;10;1;13;03;1;99900;99900 - Fattori investigati ma non identificati;5;2;
2015;C2041;10;2;12;01;1;99900;99900 - Fattori investigati ma non identificati;5;2;
2015;C2041;11;1;13;03;1;99900;99900 - Fattori investigati ma non identificati;5;2;
2015;C2041;11;2;12;01;1;99900;99900 - Fattori investigati ma non identificati;5;2;
2015;C2041;12;1;13;03;1;99900;99900 - Fattori investigati ma non identificati;5;2;
2015;C2041;12;2;12;01;1;99900;99900 - Fattori investigati ma non identificati;5;2;
2015;C2041;13;1;13;03;1;99900;99900 - Fattori investigati ma non identificati;10;2;
2015;C2041;13;2;12;01;1;99900;99900 - Fattori investigati ma non identificati;5;2;
2015;C2041;14;1;13;03;1;99900;99900 - Fattori investigati ma non identificati;30;2;
2015;C2041;14;2;25;14;3;99900;99900 - Fattori investigati ma non identificati;20;2;
2015;C2041;15;1;13;03;1;99900;99900 - Fattori investigati ma non identificati;15;2;
2015;C2041;16;1;13;03;1;99900;99900 - Fattori investigati ma non identificati;5;2;
2015;C2041;17;1;13;01;1;99900;99900 - Fattori investigati ma non identificati;5;2;
2015;C2041;25;1;13;03;1;99900;99900 - Fattori investigati ma non identificati;5;2;
2015;C2041;26;1;13;03;1;99900;99900 - Fattori investigati ma non identificati;5;2;
2015;C2067;73;1;14;03;1;42200;42200 - Siccità/aridità;5;2;
2015;C0254;1;1;14;03;1;99900;99900 - Fattori investigati ma non identificati;20;2;
2015;C0254;1;2;22;14;1;99900;99900 - Fattori investigati ma non identificati;5;2;
2015;C0254;2;1;14;01;1;21000;- Non identificato -;10;2;
2015;C0254;4;1;14;02;1;99900;99900 - Fattori investigati ma non identificati;15;2;
2015;C0254;6;1;14;03;1;99900;99900 - Fattori investigati ma non identificati;20;2;
2015;C0254;6;2;21;14;1;99900;99900 - Fattori investigati ma non identificati;10;2;
2015;C0254;10;1;14;02;1;99900;99900 - Fattori investigati ma non identificati;5;2;
2015;C0254;10;2;22;14;1;99900;99900 - Fattori investigati ma non identificati;5;2;
2015;C0254;15;1;14;03;1;99900;99900 - Fattori investigati ma non identificati;5;2;
2015;C0254;15;2;22;14;1;99900;99900 - Fattori investigati ma non identificati;5;2;
2015;C0254;16;1;14;01;1;21000;- Non identificato -;5;2;
2015;C0254;16;2;22;14;1;99900;99900 - Fattori investigati ma non identificati;15;2;
2015;C0254;37;1;14;08;1;99900;99900 - Fattori investigati ma non identificati;20;2;
2015;C0254;38;1;14;03;1;99900;99900 - Fattori investigati ma non identificati;25;2;
2015;C0254;41;1;22;14;1;99900;99900 - Fattori investigati ma non identificati;30;2;
2015;C0254;41;2;14;08;1;99900;99900 - Fattori investigati ma non identificati;20;2;
2015;C0254;42;1;14;08;1;99900;99900 - Fattori investigati ma non identificati;10;2;
2015;C0254;42;2;22;14;1;99900;99900 - Fattori investigati ma non identificati;20;2;
2015;C0254;43;1;14;01;1;21000;- Non identificato -;10;2;
2015;C0254;44;1;14;08;1;99900;99900 - Fattori investigati ma non identificati;15;2;
2015;C0254;44;2;22;14;1;99900;99900 - Fattori investigati ma non identificati;15;2;
2015;C0254;45;1;14;08;1;99900;99900 - Fattori investigati ma non identificati;30;2;
2015;C0254;45;2;14;01;1;99900;99900 - Fattori investigati ma non identificati;10;2;
2015;C0254;46;1;14;08;1;99900;99900 - Fattori investigati ma non identificati;40;2;
2015;C0254;46;2;22;14;1;99900;99900 - Fattori investigati ma non identificati;10;2;
2015;C0254;47;1;22;14;1;99900;99900 - Fattori investigati ma non identificati;10;2;
2015;C0254;48;1;14;08;1;99900;99900 - Fattori investigati ma non identificati;35;2;
2015;C0255;1;1;14;08;1;99900;99900 - Fattori investigati ma non identificati;20;2;
2015;C0255;1;2;21;14;1;99900;99900 - Fattori investigati ma non identificati;15;2;
2015;C0255;2;1;14;01;1;99900;99900 - Fattori investigati ma non identificati;5;2;
2015;C0255;2;2;22;01;1;99900;99900 - Fattori investigati ma non identificati;10;2;
2015;C0255;3;1;00;;;;;;;
2015;C0255;4;1;22;14;1;99900;99900 - Fattori investigati ma non identificati;5;2;
2015;C0255;5;1;00;;;;;;;
2015;C0255;6;1;00;;;;;;;
2015;C0255;7;1;00;;;;;;;
2015;C0255;8;1;22;14;1;99900;99900 - Fattori investigati ma non identificati;5;2;
2015;C0255;8;2;23;08;3;30900;Cryphonectria parasitica = Endothia parasitica;30;2;
2015;C0255;9;1;00;;;;;;;
2015;C0279;4;1;14;01;1;21000;- Non identificato -;5;2;
2015;C0279;4;2;21;14;1;99900;99900 - Fattori investigati ma non identificati;5;2;
2015;C0279;5;1;22;14;1;99900;99900 - Fattori investigati ma non identificati;10;2;
2015;C0279;3;1;14;02;1;99900;99900 - Fattori investigati ma non identificati;40;2;
2015;C0279;43;1;14;01;1;21000;- Non identificato -;5;2;
2015;C0279;43;2;14;02;1;99900;99900 - Fattori investigati ma non identificati;5;2;
2015;C0279;2;1;14;01;1;21000;- Non identificato -;10;2;
2015;C0279;7;1;14;01;1;21000;- Non identificato -;5;2;
2015;C0279;16;1;14;01;1;21000;- Non identificato -;15;2;
2015;C0279;18;1;22;14;1;99900;99900 - Fattori investigati ma non identificati;10;2;
2015;C0279;18;2;14;02;1;99900;99900 - Fattori investigati ma non identificati;5;2;
2015;C0279;45;1;14;01;1;99900;99900 - Fattori investigati ma non identificati;5;2;
2015;C0305;2;1;11;01;1;43100;43100 - Vento/uragano;5;2;
2015;C0305;3;1;11;01;1;43100;43100 - Vento/uragano;10;2;
2015;C0305;4;1;11;01;1;99900;99900 - Fattori investigati ma non identificati;15;2;
2015;C0305;5;1;11;01;1;43100;43100 - Vento/uragano;10;2;
2015;C0305;6;1;11;01;1;43100;43100 - Vento/uragano;5;2;
2015;C0305;7;1;11;01;1;43100;43100 - Vento/uragano;10;2;competizione con piante nr. 5 e 9
2015;C0305;9;1;22;14;1;99900;99900 - Fattori investigati ma non identificati;10;2;autopotatura
2015;C0305;10;1;11;01;1;43100;43100 - Vento/uragano;10;2;
2015;C0305;11;1;22;14;1;99900;99900 - Fattori investigati ma non identificati;20;2;
2015;C0305;13;1;11;01;1;43100;43100 - Vento/uragano;5;2;
2015;C0305;14;1;00;;;;;;;
2015;C0305;15;1;11;01;1;43100;43100 - Vento/uragano;10;2;
2015;C0305;17;1;11;01;1;43100;43100 - Vento/uragano;20;2;
2015;C0305;18;1;11;01;1;43100;43100 - Vento/uragano;5;2;
2015;C0305;19;1;00;;;;;;;
2015;C0305;22;1;14;06;1;80000;80000 - Altri fattori;60;2;
2015;C0305;28;1;00;;;;;;;
2015;C0305;29;1;00;;;;;;;
2015;C0305;33;1;00;;;;;;;
2015;C0305;39;1;00;;;;;;;
2015;C0305;40;1;00;;;;;;;
2015;C0305;41;1;00;;;;;;;
2015;C0305;42;1;00;;;;;;;
2015;C0305;43;1;00;;;;;;;
2015;C0305;44;1;00;;;;;;;
2015;C0305;16;1;00;;;;;;;
2015;C0306;3;1;00;;;;;;;
2015;C0306;6;1;00;;;;;;;
2015;C0306;7;1;00;;;;;;;
2015;C0306;10;1;00;;;;;;;
2015;C0306;16;1;00;;;;;;;
2015;C0306;18;1;00;;;;;;;
2015;C0306;19;1;00;;;;;;;
2015;C0306;30;1;00;;;;;;;
2015;C0306;31;1;14;08;1;99900;99900 - Fattori investigati ma non identificati;20;2;
2015;C0306;31;2;14;02;1;99900;99900 - Fattori investigati ma non identificati;30;2;
2015;C0306;36;1;00;;;;;;;
2015;C0306;37;1;00;;;;;;;
2015;C0306;39;1;00;;;;;;;
2015;C0306;40;1;00;;;;;;;
2015;C0306;9;1;00;;;;;;;
2015;C0334;2;1;14;01;1;99900;99900 - Fattori investigati ma non identificati;5;2;
2015;C0334;3;1;12;01;1;99900;99900 - Fattori investigati ma non identificati;10;2;
2015;C0334;4;1;12;01;1;99900;99900 - Fattori investigati ma non identificati;10;2;
2015;C0334;6;1;12;03;1;99900;99900 - Fattori investigati ma non identificati;5;2;
2015;C0334;7;1;12;03;1;99900;99900 - Fattori investigati ma non identificati;30;2;
2015;C0334;8;1;12;03;1;99900;99900 - Fattori investigati ma non identificati;30;2;
2015;C0334;11;1;14;01;1;99900;99900 - Fattori investigati ma non identificati;5;2;
2015;C0334;13;1;14;01;1;42500;42500 - Grandine;10;2;
2015;C0334;15;1;00;;;;;;;
2015;C0334;40;1;14;01;1;42500;42500 - Grandine;10;2;
2015;C0334;41;1;14;01;1;42500;42500 - Grandine;15;2;
2015;C0334;42;1;14;01;1;42500;42500 - Grandine;15;2;
2015;C0334;42;2;14;08;1;99900;99900 - Fattori investigati ma non identificati;10;2;
2015;C0334;43;1;14;01;1;42500;42500 - Grandine;20;2;
2015;C0334;44;1;14;01;1;99900;99900 - Fattori investigati ma non identificati;5;2;
2015;C0334;45;1;00;;;;;;;
2015;C0334;46;1;14;01;1;42500;42500 - Grandine;10;2;
2015;C0334;47;1;14;01;1;42500;42500 - Grandine;10;2;
2015;C0334;48;1;00;;;;;;;
2015;C0334;49;1;14;01;1;42500;42500 - Grandine;15;2;
2015;C0334;50;1;00;;;;;;;
2015;C0334;51;1;14;01;1;42500;42500 - Grandine;5;2;
2015;C2001;1;1;14;03;1;30500;- Non identificato -;5;2;
2015;C2001;2;1;00;;;;;;;
2015;C2001;5;1;14;03;1;30500;- Non identificato -;10;2;
2015;C2001;11;1;00;;;;;;;
2015;C2001;3;1;14;03;1;30500;- Non identificato -;5;2;
2015;C2001;3;2;21;14;1;99900;99900 - Fattori investigati ma non identificati;10;2;
2015;C2001;3;3;34;12;3;81003;81003 - Hedera helix;;;
2015;C2001;4;1;14;01;1;99900;99900 - Fattori investigati ma non identificati;20;2;
2015;C2001;43;1;00;;;;;;;
2015;C2001;43;2;00;;;;;;;
2015;C2001;44;1;14;03;1;99900;99900 - Fattori investigati ma non identificati;35;2;
2015;C2001;44;2;14;10;1;27000;- Non identificato -;;;
2015;C2001;42;1;14;02;1;99900;99900 - Fattori investigati ma non identificati;15;2;
2015;C2001;42;2;14;10;1;27000;- Non identificato -;;;
2015;C2001;6;1;14;01;1;21000;- Non identificato -;10;2;
2015;C2001;6;2;22;14;1;99900;99900 - Fattori investigati ma non identificati;5;2;
2015;C2001;7;1;14;01;1;21000;- Non identificato -;15;2;
2015;C2001;7;2;21;14;1;99900;99900 - Fattori investigati ma non identificati;15;2;
2015;C2001;7;3;14;02;1;99900;99900 - Fattori investigati ma non identificati;5;2;
2015;C2001;9;1;14;02;1;99900;99900 - Fattori investigati ma non identificati;50;2;
2015;C2001;12;1;00;;;;;;;
2015;C2001;13;1;00;;;;;;;
2015;C2001;34;1;14;03;1;99900;99900 - Fattori investigati ma non identificati;15;2;
2015;C2001;35;1;14;03;1;99900;99900 - Fattori investigati ma non identificati;15;2;
2015;C2001;37;1;14;02;1;99900;99900 - Fattori investigati ma non identificati;30;2;
2015;C2001;38;1;14;08;1;99900;99900 - Fattori investigati ma non identificati;35;2;
2015;C2001;39;1;00;;;;;;;
2015;C2001;40;1;00;;;;;;;
2015;C2001;41;1;00;;;;;;;
2015;C2001;32;1;00;;;;;;;
2015;C2001;45;1;21;14;1;99900;99900 - Fattori investigati ma non identificati;10;2;
2015;C2002;1;1;12;03;1;99900;99900 - Fattori investigati ma non identificati;5;2;
2015;C2002;2;1;00;;;;;;;
2015;C2002;3;1;00;;;;;;;
2015;C2002;4;1;12;03;1;99900;99900 - Fattori investigati ma non identificati;5;2;
2015;C2002;5;1;12;01;1;99900;99900 - Fattori investigati ma non identificati;10;2;
2015;C2002;6;1;00;;;;;;;
2015;C2002;8;1;12;01;1;99900;99900 - Fattori investigati ma non identificati;15;2;
2015;C2002;8;2;12;03;1;99900;99900 - Fattori investigati ma non identificati;5;2;
2015;C2002;9;1;00;;;;;;;
2015;C2002;10;1;00;;;;;;;
2015;C2002;11;1;12;01;1;21000;Thaumetopoea pityocampa;20;2;
2015;C2002;11;2;22;10;1;21000;Thaumetopoea pityocampa;;;
2015;C2002;12;1;12;01;1;21000;Thaumetopoea pityocampa;30;2;
2015;C2002;12;2;22;10;1;21000;Thaumetopoea pityocampa;;;
2015;C2002;13;1;12;03;1;99900;99900 - Fattori investigati ma non identificati;20;2;
2015;C2002;14;1;00;;;;;;;
2015;C2002;15;1;00;;;;;;;
2015;C2002;16;1;22;10;1;21000;Thaumetopoea pityocampa;;;
2015;C2002;16;2;11;01;1;21000;Thaumetopoea pityocampa;10;2;
2015;C2002;16;3;12;03;1;99900;99900 - Fattori investigati ma non identificati;5;2;
2015;C2002;17;1;11;01;1;21000;Thaumetopoea pityocampa;10;2;
2015;C2002;17;2;22;10;1;21000;Thaumetopoea pityocampa;;;
2015;C2002;18;1;00;;;;;;;
2015;C2002;19;1;14;02;1;99900;99900 - Fattori investigati ma non identificati;80;2;
2015;C2002;19;2;22;14;1;99900;99900 - Fattori investigati ma non identificati;10;2;
2015;C2002;21;1;14;01;1;99900;99900 - Fattori investigati ma non identificati;5;2;
2015;C2002;21;2;14;02;1;99900;99900 - Fattori investigati ma non identificati;5;2;
2015;C2002;21;3;23;13;1;99900;99900 - Fattori investigati ma non identificati;5;2;
2015;C2002;27;1;12;01;1;21000;Thaumetopoea pityocampa;30;2;
2015;C2002;27;2;22;10;1;21000;Thaumetopoea pityocampa;;;
2015;C2002;31;1;00;;;;;;;
2015;C2002;33;1;00;;;;;;;
2015;C2002;34;1;12;01;1;99900;99900 - Fattori investigati ma non identificati;10;2;
2015;C2002;35;1;14;01;1;99900;99900 - Fattori investigati ma non identificati;5;2;
2015;C2002;36;1;12;03;1;99900;99900 - Fattori investigati ma non identificati;5;2;
2015;C2002;37;1;12;01;1;21000;Thaumetopoea pityocampa;10;2;
2015;C2002;37;2;22;10;1;21000;Thaumetopoea pityocampa;;;
2015;C2002;39;1;00;;;;;;;
2015;C2002;38;1;12;01;1;21000;Thaumetopoea pityocampa;10;2;
2015;C2002;38;2;22;10;1;21000;Thaumetopoea pityocampa;;;
2015;C2002;40;1;14;01;1;99900;99900 - Fattori investigati ma non identificati;5;2;
2015;C2002;41;1;14;02;1;99900;99900 - Fattori investigati ma non identificati;70;2;
2015;C2002;20;1;00;;;;;;;
2015;C2004;1;1;22;14;3;99900;99900 - Fattori investigati ma non identificati;5;2;
2015;C2004;2;1;12;01;1;99900;99900 - Fattori investigati ma non identificati;5;2;
2015;C2004;2;2;22;14;3;99900;99900 - Fattori investigati ma non identificati;10;2;
2015;C2004;3;1;22;14;3;99900;99900 - Fattori investigati ma non identificati;10;2;
2015;C2004;4;1;14;03;1;99900;99900 - Fattori investigati ma non identificati;15;2;
2015;C2004;4;2;22;14;1;99900;99900 - Fattori investigati ma non identificati;10;2;
2015;C2004;5;1;14;01;1;99900;99900 - Fattori investigati ma non identificati;5;2;
2015;C2004;5;2;14;08;1;99900;99900 - Fattori investigati ma non identificati;20;2;
2015;C2004;6;1;14;08;1;99900;99900 - Fattori investigati ma non identificati;40;2;
2015;C2004;6;2;22;14;1;99900;99900 - Fattori investigati ma non identificati;10;2;
2015;C2004;7;1;14;08;1;99900;99900 - Fattori investigati ma non identificati;30;2;
2015;C2004;7;2;22;14;1;99900;99900 - Fattori investigati ma non identificati;40;2;
2015;C2004;8;1;21;14;1;99900;99900 - Fattori investigati ma non identificati;10;2;
2015;C2004;9;1;14;01;1;99900;99900 - Fattori investigati ma non identificati;5;2;
2015;C2004;9;2;14;06;1;99900;99900 - Fattori investigati ma non identificati;10;2;
2015;C0049;1;1;00;;;;;;;
2015;C0049;2;1;00;;;;;;;
2015;C0049;3;1;00;;;;;;;
2015;C0049;4;1;00;;;;;;;
2015;C0049;16;1;00;;;;;;;
2015;C0049;17;1;00;;;;;;;
2015;C0049;20;1;00;;;;;;;
2015;C0049;19;1;00;;;;;;;
2015;C0049;21;1;00;;;;;;;
2015;C0049;22;1;00;;;;;;;
2015;C0049;23;1;00;;;;;;;
2015;C0049;25;1;00;;;;;;;
2015;C0049;26;1;00;;;;;;;
2015;C0049;31;1;00;;;;;;;
2015;C0052;4;1;12;01;2;99900;99900 - Fattori investigati ma non identificati;5;2;
2015;C0052;5;1;00;;;;;;;
2015;C0052;7;1;00;;;;;;;
2015;C0052;9;1;12;01;2;99900;99900 - Fattori investigati ma non identificati;10;2;
2015;C0052;10;1;00;;;;;;;
2015;C0052;11;1;00;;;;;;;
2015;C0052;17;1;12;01;2;99900;99900 - Fattori investigati ma non identificati;10;2;
2015;C0052;30;1;12;01;2;99900;99900 - Fattori investigati ma non identificati;10;2;
2015;C0052;1;1;00;;;;;;;
2015;C0052;2;1;00;;;;;;;
2015;C0052;6;1;12;01;2;99900;99900 - Fattori investigati ma non identificati;15;2;
2015;C0071;1;1;00;;;;;;;
2015;C0071;3;1;00;;;;;;;
2015;C0071;4;1;00;;;;;;;
2015;C0071;5;1;00;;;;;;;
2015;C0071;6;1;00;;;;;;;
2015;C0071;8;1;00;;;;;;;
2015;C0071;9;1;00;;;;;;;
2015;C0071;10;1;00;;;;;;;
2015;C0071;11;1;00;;;;;;;
2015;C0071;24;1;00;;;;;;;
2015;C0071;25;1;00;;;;;;;
2015;C0071;35;1;25;17;1;54100;54100 - Tagli, abbattimento;5;2;
2015;C0071;35;2;11;02;1;99900;99900 - Fattori investigati ma non identificati;5;2;
2015;C0072;1;1;13;02;1;99900;99900 - Fattori investigati ma non identificati;5;2;
2015;C0072;2;1;13;02;1;99900;99900 - Fattori investigati ma non identificati;5;2;
2015;C0072;3;1;13;02;1;99900;99900 - Fattori investigati ma non identificati;5;2;
2015;C0072;4;1;12;02;1;99900;99900 - Fattori investigati ma non identificati;5;2;
2015;C0072;6;1;00;;;;;;;
2015;C0072;19;1;13;02;1;99900;99900 - Fattori investigati ma non identificati;5;2;
2015;C0072;20;1;12;01;1;99900;99900 - Fattori investigati ma non identificati;5;2;
2015;C0072;21;1;00;;;;;;;
2015;C0072;30;1;13;02;1;99900;99900 - Fattori investigati ma non identificati;5;2;
2015;C0072;35;1;00;;;;;;;
2015;C0072;28;1;00;;;;;;;
2015;C0072;29;1;00;;;;;;;
2015;C0073;1;1;00;;;;;;;
2015;C0073;2;1;11;02;1;99900;99900 - Fattori investigati ma non identificati;5;2;
2015;C0073;3;1;00;;;;;;;
2015;C0073;6;1;00;;;;;;;
2015;C0073;7;1;00;;;;;;;
2015;C0073;9;1;00;;;;;;;
2015;C0073;11;1;13;01;2;99900;99900 - Fattori investigati ma non identificati;5;2;
2015;C0073;13;1;13;01;2;99900;99900 - Fattori investigati ma non identificati;5;2;
2015;C0073;14;1;13;01;1;99900;99900 - Fattori investigati ma non identificati;10;2;
2015;C0073;19;1;13;01;2;99900;99900 - Fattori investigati ma non identificati;10;2;
2015;C0073;20;1;00;;;;;;;
2015;C0073;21;1;21;14;1;99900;99900 - Fattori investigati ma non identificati;10;2;
2015;C0073;26;1;00;;;;;;;
2015;C0073;27;1;00;;;;;;;
2015;C0073;4;1;00;;;;;;;
2015;C0073;5;1;00;;;;;;;
2015;C0073;10;1;00;;;;;;;
2015;C0073;12;1;00;;;;;;;
2015;C0073;15;1;00;;;;;;;
2015;C0073;18;1;00;;;;;;;
2015;C0075;1;1;00;;;;;;;
2015;C0075;4;1;00;;;;;;;
2015;C0075;7;1;00;;;;;;;
2015;C0075;41;1;13;02;1;99900;99900 - Fattori investigati ma non identificati;5;2;
2015;C0075;43;1;13;02;1;99900;99900 - Fattori investigati ma non identificati;5;2;
2015;C0075;44;1;13;02;1;99900;99900 - Fattori investigati ma non identificati;5;2;
2015;C0076;1;1;00;;;;;;;
2015;C0076;3;1;00;;;;;;;
2015;C0076;5;1;00;;;;;;;
2015;C0076;6;1;00;;;;;;;
2015;C0076;7;1;00;;;;;;;
2015;C0076;10;1;00;;;;;;;
2015;C0076;15;1;00;;;;;;;
2015;C0076;16;1;00;;;;;;;
2015;C0076;21;1;00;;;;;;;
2015;C0076;23;1;00;;;;;;;
2015;C0076;27;1;00;;;;;;;
2015;C0076;28;1;00;;;;;;;
2015;C0076;29;1;00;;;;;;;
2015;C0076;30;1;00;;;;;;;
2015;C0076;35;1;00;;;;;;;
2015;C0076;36;1;00;;;;;;;
2015;C0076;37;1;00;;;;;;;
2015;C0076;8;1;04;;1;43000;43000 - Neve;;;
2015;C0076;31;1;00;;;;;;;
2015;C0076;2;1;00;;;;;;;
2015;C0076;4;1;00;;;;;;;
2015;C0099;1;1;21;14;1;99900;99900 - Fattori investigati ma non identificati;5;2;
2015;C0099;2;1;00;;;;;;;
2015;C0099;3;1;00;;;;;;;
2015;C0099;4;1;23;14;1;99900;99900 - Fattori investigati ma non identificati;5;2;
2015;C0099;5;1;00;;;;;;;
2015;C0099;9;1;00;;;;;;;
2015;C0099;10;1;25;15;2;99900;99900 - Fattori investigati ma non identificati;20;2;
2015;C0099;11;1;23;14;2;99900;99900 - Fattori investigati ma non identificati;5;2;
2015;C0099;12;1;25;14;1;99900;99900 - Fattori investigati ma non identificati;10;2;
2015;C0099;17;1;00;;;;;;;
2015;C0099;18;1;00;;;;;;;
2015;C0099;33;1;00;;;;;;;
2015;C0099;34;1;00;;;;;;;
2015;C0099;36;1;00;;;;;;;
2015;C0099;8;1;00;;;;;;;
2015;C0086;1;1;14;01;1;21000;- Non identificato -;15;2;
2015;C0086;1;2;14;01;1;26000;- Non identificato -;5;2;
2015;C0086;1;3;22;14;2;99900;99900 - Fattori investigati ma non identificati;5;2;
2015;C0086;1;4;14;03;1;99900;99900 - Fattori investigati ma non identificati;10;2;
2015;C0086;2;1;14;01;1;21000;- Non identificato -;10;2;
2015;C0086;2;2;14;01;1;26000;- Non identificato -;5;2;
2015;C0086;2;3;22;14;3;99900;99900 - Fattori investigati ma non identificati;5;2;
2015;C0086;2;4;14;03;1;99900;99900 - Fattori investigati ma non identificati;5;2;
2015;C0086;6;1;14;01;1;21000;- Non identificato -;10;2;
2015;C0086;6;2;14;01;1;26000;- Non identificato -;5;2;
2015;C0086;6;3;22;14;3;99900;99900 - Fattori investigati ma non identificati;10;2;
2015;C0086;6;4;14;03;1;99900;99900 - Fattori investigati ma non identificati;10;2;
2015;C0086;10;1;26;13;2;99900;99900 - Fattori investigati ma non identificati;35;2;
2015;C0086;10;2;34;12;2;81005;81005 - Clematis sp.;;;
2015;C0086;10;3;14;01;1;21000;- Non identificato -;5;2;
2015;C0086;10;4;14;01;1;26000;- Non identificato -;5;2;
2015;C0086;10;5;22;14;2;99900;99900 - Fattori investigati ma non identificati;5;2;
2015;C0086;17;1;14;01;1;21000;- Non identificato -;15;2;
2015;C0086;17;2;14;01;1;26000;- Non identificato -;15;2;
2015;C0086;17;3;14;06;1;99900;99900 - Fattori investigati ma non identificati;20;2;
2015;C0086;17;4;22;14;2;99900;99900 - Fattori investigati ma non identificati;10;2;
2015;C0086;17;5;26;13;2;43000;43000 - Neve;60;2;
2015;C0086;33;1;14;01;1;21000;- Non identificato -;5;2;
2015;C0086;33;2;14;06;1;99900;99900 - Fattori investigati ma non identificati;5;2;
2015;C0086;33;3;22;14;2;99900;99900 - Fattori investigati ma non identificati;5;2;
2015;C0086;33;4;14;03;1;99900;99900 - Fattori investigati ma non identificati;5;2;
2015;C0086;34;1;14;01;1;21000;- Non identificato -;5;2;
2015;C0086;34;2;14;06;1;99900;99900 - Fattori investigati ma non identificati;5;2;
2015;C0086;34;3;14;01;1;26000;- Non identificato -;5;2;
2015;C0086;34;4;14;03;1;99900;99900 - Fattori investigati ma non identificati;5;2;
2015;C0086;34;5;22;14;2;99900;99900 - Fattori investigati ma non identificati;5;2;
2015;C0086;36;1;14;01;1;21000;- Non identificato -;5;2;
2015;C0086;36;2;14;01;1;26000;- Non identificato -;5;2;
2015;C0086;36;3;14;03;1;99900;99900 - Fattori investigati ma non identificati;5;2;
2015;C0086;36;4;22;14;2;99900;99900 - Fattori investigati ma non identificati;5;2;
2015;C0086;37;1;14;01;1;21000;- Non identificato -;5;2;
2015;C0086;37;2;14;06;1;99900;99900 - Fattori investigati ma non identificati;5;2;
2015;C0086;37;3;22;14;1;99900;99900 - Fattori investigati ma non identificati;5;2;
2015;C0086;42;1;22;14;1;99900;99900 - Fattori investigati ma non identificati;10;2;
2015;C0086;42;2;13;03;1;99900;99900 - Fattori investigati ma non identificati;5;2;
2015;C0086;43;1;31;12;2;81005;81005 - Clematis sp.;;;
2015;C0114;34;1;14;01;1;21000;- Non identificato -;5;2;
2015;C0114;34;2;14;01;1;26000;- Non identificato -;5;2;
2015;C0114;34;3;22;14;2;99900;99900 - Fattori investigati ma non identificati;45;2;
2015;C0114;34;4;23;13;2;43000;43000 - Neve;5;2;
2015;C0114;34;5;32;09;2;60000;60000 - Fuoco;60;2;
2015;C0114;34;6;33;09;2;60000;60000 - Fuoco;50;2;
2015;C0114;34;7;33;20;2;99900;99900 - Fattori investigati ma non identificati;10;2;
2015;C0116;7;1;14;01;1;21000;- Non identificato -;10;2;
2015;C0116;7;2;22;14;2;99900;99900 - Fattori investigati ma non identificati;10;2;
2015;C0116;7;3;14;11;1;30700;- Non identificato -;;;
2015;C0116;7;4;14;02;1;99900;99900 - Fattori investigati ma non identificati;5;2;
2015;C0116;7;5;14;01;1;26000;- Non identificato -;5;2;
2015;C0116;8;1;14;01;1;21000;- Non identificato -;10;2;
2015;C0116;8;2;22;14;2;99900;99900 - Fattori investigati ma non identificati;15;2;
2015;C0116;9;1;22;14;2;99900;99900 - Fattori investigati ma non identificati;15;2;
2015;C0116;9;2;14;01;1;21000;- Non identificato -;5;2;
2015;C0116;10;1;14;01;1;21000;- Non identificato -;10;2;
2015;C0116;10;2;22;14;3;99900;99900 - Fattori investigati ma non identificati;55;2;
2015;C0116;10;3;21;08;1;27000;- Non identificato -;30;2;
2015;C0116;10;4;33;08;2;30900;Cryphonectria parasitica = Endothia parasitica;40;2;
2015;C0116;13;1;14;01;1;21000;- Non identificato -;5;2;
2015;C0116;13;2;22;14;3;99900;99900 - Fattori investigati ma non identificati;10;2;
2015;C0116;15;1;14;01;1;21000;- Non identificato -;10;2;
2015;C0116;15;2;22;14;3;99900;99900 - Fattori investigati ma non identificati;10;2;
2015;C0116;17;1;14;01;1;26000;- Non identificato -;10;2;
2015;C0116;17;2;22;14;3;99900;99900 - Fattori investigati ma non identificati;10;2;
2015;C0116;17;3;14;02;1;99900;99900 - Fattori investigati ma non identificati;5;2;
2015;C0116;17;4;14;01;1;21000;- Non identificato -;5;2;
2015;C0116;18;1;14;02;1;99900;99900 - Fattori investigati ma non identificati;20;2;
2015;C0116;18;2;14;01;1;21000;- Non identificato -;15;2;
2015;C0116;18;3;14;02;1;99900;99900 - Fattori investigati ma non identificati;10;2;
2015;C0116;18;4;14;01;1;26000;- Non identificato -;5;2;
2015;C0116;18;5;14;08;1;30000;30000 - Funghi;10;2;
2015;C0116;19;1;22;14;2;99900;99900 - Fattori investigati ma non identificati;20;2;
2015;C0116;19;2;14;01;1;21000;- Non identificato -;10;2;
2015;C0116;19;3;14;08;1;30000;30000 - Funghi;35;2;
2015;C0116;19;4;14;02;1;99900;99900 - Fattori investigati ma non identificati;30;2;
2015;C0116;23;1;14;01;1;26000;- Non identificato -;5;2;
2015;C0116;23;2;14;01;1;21000;- Non identificato -;10;2;
2015;C0116;23;3;32;08;2;30900;- Non identificato -;5;2;
2015;C0116;23;4;14;11;1;30700;- Non identificato -;;;
2015;C0116;28;1;14;01;1;26000;- Non identificato -;5;2;
2015;C0116;29;1;14;01;1;26000;- Non identificato -;5;2;
2015;C0116;29;2;14;01;1;21000;- Non identificato -;5;2;
2015;C0116;30;1;14;01;1;21000;- Non identificato -;5;2;
2015;C0116;30;2;14;01;1;26000;- Non identificato -;5;2;
2015;C0116;30;3;22;14;3;99900;99900 - Fattori investigati ma non identificati;15;2;
2015;C0116;30;4;14;02;1;99900;99900 - Fattori investigati ma non identificati;5;2;
2015;C0116;31;1;14;01;1;26000;- Non identificato -;5;2;
2015;C0116;31;2;22;14;2;99900;99900 - Fattori investigati ma non identificati;5;2;
2015;C0116;31;3;14;01;1;21000;- Non identificato -;5;2;
2015;C0116;32;1;14;01;1;21000;- Non identificato -;10;2;
2015;C0116;32;2;14;01;1;26000;- Non identificato -;5;2;
2015;C0116;32;3;22;14;3;99900;99900 - Fattori investigati ma non identificati;5;2;
2015;C0116;33;1;14;01;1;21000;- Non identificato -;10;2;
2015;C0116;33;2;14;01;1;26000;- Non identificato -;5;2;
2015;C0116;33;3;22;14;3;99900;99900 - Fattori investigati ma non identificati;15;2;
2015;C0116;33;4;14;02;1;99900;99900 - Fattori investigati ma non identificati;15;2;
2015;C0116;40;1;14;01;1;21000;- Non identificato -;5;2;
2015;C0116;40;2;14;01;1;26000;- Non identificato -;5;2;
2015;C0116;40;3;14;02;1;99900;99900 - Fattori investigati ma non identificati;5;2;
2015;C0116;40;4;22;14;3;99900;99900 - Fattori investigati ma non identificati;10;2;
2015;C0116;41;1;14;01;1;21000;- Non identificato -;5;2;
2015;C0116;41;2;22;14;3;99900;99900 - Fattori investigati ma non identificati;10;2;
2015;C0116;45;1;14;01;1;21000;- Non identificato -;10;2;
2015;C0116;45;2;22;14;2;99900;99900 - Fattori investigati ma non identificati;25;2;
2015;C0116;45;3;14;01;1;26000;- Non identificato -;10;2;
2015;C0116;46;1;14;01;1;21000;- Non identificato -;10;2;
2015;C0116;46;2;14;01;1;26000;- Non identificato -;5;2;
2015;C0116;46;3;22;14;2;99900;99900 - Fattori investigati ma non identificati;10;2;
2015;C0116;47;1;14;01;1;26000;- Non identificato -;5;2;
2015;C0116;47;2;14;01;1;21000;- Non identificato -;5;2;
2015;C0116;47;3;22;14;3;99900;99900 - Fattori investigati ma non identificati;10;2;
2015;C0116;47;4;14;11;1;30700;- Non identificato -;;;
2015;C0116;48;1;21;08;1;27000;- Non identificato -;40;2;
2015;C0116;48;2;22;14;3;99900;99900 - Fattori investigati ma non identificati;30;2;
2015;C0116;48;3;14;01;1;21000;- Non identificato -;25;2;
2015;C0116;48;4;14;01;1;26000;- Non identificato -;10;2;
2015;C0116;48;5;34;08;2;30900;Cryphonectria parasitica = Endothia parasitica;20;2;
2015;C0116;49;1;14;01;1;26000;- Non identificato -;15;2;
2015;C0116;49;2;22;14;3;99900;99900 - Fattori investigati ma non identificati;5;2;
2015;C0116;50;1;14;01;1;21000;- Non identificato -;5;2;
2015;C0116;50;2;22;14;3;99900;99900 - Fattori investigati ma non identificati;5;2;
2015;C0116;50;3;14;01;1;99900;99900 - Fattori investigati ma non identificati;5;2;
2015;C0116;50;4;14;03;1;99900;99900 - Fattori investigati ma non identificati;5;2;
2015;C0116;51;1;22;14;2;99900;99900 - Fattori investigati ma non identificati;10;2;
2015;C0116;51;2;13;01;2;21000;- Non identificato -;5;2;
2015;C0116;52;1;14;01;1;21000;- Non identificato -;10;2;
2015;C0116;52;2;14;01;1;26000;- Non identificato -;10;2;
2015;C0116;52;3;22;14;2;99900;99900 - Fattori investigati ma non identificati;10;2;
2015;C0116;53;1;22;14;3;99900;99900 - Fattori investigati ma non identificati;15;2;
2015;C0116;53;2;14;01;1;21000;- Non identificato -;5;2;
2015;C0116;53;3;14;02;1;99900;99900 - Fattori investigati ma non identificati;5;2;
2015;C0116;53;4;14;01;1;99900;99900 - Fattori investigati ma non identificati;10;2;
2015;C0147;1;1;14;01;1;21000;- Non identificato -;10;2;
2015;C0147;1;2;14;01;1;26000;- Non identificato -;5;2;
2015;C0147;1;3;14;01;1;42500;42500 - Grandine;5;2;
2015;C0147;1;4;14;04;1;99900;99900 - Fattori investigati ma non identificati;5;2;
2015;C0147;2;1;22;14;2;99900;99900 - Fattori investigati ma non identificati;45;2;
2015;C0147;2;2;14;01;1;99900;99900 - Fattori investigati ma non identificati;30;2;
2015;C0147;2;3;14;01;1;21000;- Non identificato -;5;2;
2015;C0147;3;1;14;01;1;99900;99900 - Fattori investigati ma non identificati;40;2;
2015;C0147;3;2;14;01;1;21000;- Non identificato -;20;2;
2015;C0147;3;3;14;02;1;99900;99900 - Fattori investigati ma non identificati;5;2;
2015;C0147;3;4;14;01;1;42500;42500 - Grandine;5;2;
2015;C0147;4;1;14;01;1;21000;- Non identificato -;25;2;
2015;C0147;4;2;14;08;1;99900;99900 - Fattori investigati ma non identificati;40;2;
2015;C0147;4;3;14;01;1;42500;42500 - Grandine;5;2;
2015;C0147;4;4;22;14;2;99900;99900 - Fattori investigati ma non identificati;10;2;
2015;C0147;5;1;14;08;1;99900;99900 - Fattori investigati ma non identificati;35;2;
2015;C0147;5;2;14;01;1;21000;- Non identificato -;5;2;
2015;C0147;5;3;14;01;1;42500;42500 - Grandine;5;2;
2015;C0147;6;1;14;08;1;99900;99900 - Fattori investigati ma non identificati;20;2;
2015;C0147;6;2;14;01;1;21000;- Non identificato -;10;2;
2015;C0147;6;3;14;01;1;42500;42500 - Grandine;5;2;
2015;C0147;6;4;22;14;2;99900;99900 - Fattori investigati ma non identificati;15;2;
2015;C0147;7;1;22;14;2;99900;99900 - Fattori investigati ma non identificati;25;2;
2015;C0147;7;2;14;08;1;30700;- Non identificato -;55;2;
2015;C0147;7;3;14;01;1;21000;- Non identificato -;10;2;
2015;C0147;7;4;32;11;2;30000;30000 - Funghi;;;
2015;C0147;7;5;32;17;2;14300;14300 - Picidae;5;2;
2015;C0147;10;1;14;06;1;99900;99900 - Fattori investigati ma non identificati;5;2;
2015;C0147;10;2;14;02;1;99900;99900 - Fattori investigati ma non identificati;10;2;
2015;C0147;10;3;14;08;1;30700;- Non identificato -;5;2;
2015;C0147;10;4;14;01;1;21000;- Non identificato -;5;2;
2015;C0147;11;1;14;08;1;99900;99900 - Fattori investigati ma non identificati;50;2;
2015;C0147;11;2;14;01;1;21000;- Non identificato -;5;2;
2015;C0147;11;3;22;14;2;99900;99900 - Fattori investigati ma non identificati;40;2;
2015;C0147;11;4;31;17;2;14300;14300 - Picidae;5;2;
2015;C0147;11;5;34;11;2;30000;30000 - Funghi;;;
2015;C0147;15;1;14;08;1;30700;- Non identificato -;60;2;
2015;C0147;15;2;22;14;2;99900;99900 - Fattori investigati ma non identificati;10;2;
2015;C0147;15;3;14;01;1;21000;- Non identificato -;5;2;
2015;C0147;15;4;14;02;1;99900;99900 - Fattori investigati ma non identificati;5;2;
2015;C0147;38;1;22;14;2;99900;99900 - Fattori investigati ma non identificati;40;2;
2015;C0147;38;2;14;01;1;21000;- Non identificato -;30;2;
2015;C0147;39;1;14;11;1;30700;- Non identificato -;;;
2015;C0147;39;2;14;08;1;99900;99900 - Fattori investigati ma non identificati;20;2;
2015;C0147;39;3;22;14;2;99900;99900 - Fattori investigati ma non identificati;10;2;
2015;C0147;39;4;14;01;1;21000;- Non identificato -;10;2;
2015;C0147;44;1;22;14;2;99900;99900 - Fattori investigati ma non identificati;30;2;
2015;C0147;44;2;14;06;1;99900;99900 - Fattori investigati ma non identificati;15;2;
2015;C0147;44;3;14;01;1;21000;- Non identificato -;10;2;
2015;C0147;44;4;14;01;1;99900;99900 - Fattori investigati ma non identificati;10;2;
2015;C0147;46;1;14;06;1;99900;99900 - Fattori investigati ma non identificati;5;2;
2015;C0147;46;2;22;13;2;43000;43000 - Neve;5;2;
2015;C0147;47;1;14;06;1;99900;99900 - Fattori investigati ma non identificati;5;2;
2015;C0147;47;2;22;13;2;43000;43000 - Neve;5;2;
2015;C0147;48;1;14;01;1;21000;- Non identificato -;10;2;
2015;C0147;48;2;22;13;2;43000;43000 - Neve;15;2;
2015;C0147;49;1;14;01;1;21000;- Non identificato -;5;2;
2015;C0147;49;2;14;08;1;99900;99900 - Fattori investigati ma non identificati;10;2;
2015;C0147;49;3;21;08;3;27000;- Non identificato -;15;2;
2015;C0179;1;1;14;01;1;21000;- Non identificato -;10;2;
2015;C0179;1;2;22;14;2;99900;99900 - Fattori investigati ma non identificati;5;2;
2015;C0179;2;1;14;01;1;21000;- Non identificato -;10;2;
2015;C0179;2;2;22;14;2;99900;99900 - Fattori investigati ma non identificati;5;2;
2015;C0179;3;1;14;01;1;21000;- Non identificato -;5;2;
2015;C0179;3;2;22;14;2;99900;99900 - Fattori investigati ma non identificati;10;2;
2015;C0179;4;1;14;01;1;21000;- Non identificato -;5;2;
2015;C0179;4;2;22;14;2;99900;99900 - Fattori investigati ma non identificati;10;2;
2015;C0179;5;1;14;01;1;21000;- Non identificato -;30;2;
2015;C0179;5;2;21;08;3;27000;- Non identificato -;10;2;
2015;C0179;5;3;31;16;2;30900;Cryphonectria parasitica = Endothia parasitica;5;2;
2015;C0179;5;4;22;14;2;99900;99900 - Fattori investigati ma non identificati;35;2;
2015;C0179;6;1;14;01;1;21000;- Non identificato -;10;2;
2015;C0179;6;2;21;08;3;27000;- Non identificato -;10;2;
2015;C0179;6;3;22;14;2;99900;99900 - Fattori investigati ma non identificati;10;2;
2015;C0179;6;4;31;16;2;30900;Cryphonectria parasitica = Endothia parasitica;5;2;
2015;C0179;11;1;14;01;1;21000;- Non identificato -;55;2;
2015;C0179;11;2;22;14;2;99900;99900 - Fattori investigati ma non identificati;10;2;
2015;C0179;11;3;14;04;1;99900;99900 - Fattori investigati ma non identificati;5;2;
2015;C0179;11;4;32;17;2;42400;42400 - Gelo/gelate;5;2;
2015;C0179;31;1;14;01;1;21000;- Non identificato -;10;2;
2015;C0179;31;2;22;14;2;99900;99900 - Fattori investigati ma non identificati;10;2;
2015;C0179;37;1;14;01;1;21000;- Non identificato -;15;2;
2015;C0179;37;2;21;08;3;27000;- Non identificato -;20;2;
2015;C0179;37;3;22;14;2;99900;99900 - Fattori investigati ma non identificati;15;2;
2015;C0179;37;4;31;16;2;30900;Cryphonectria parasitica = Endothia parasitica;10;2;
2015;C0575;1;1;14;01;1;21000;- Non identificato -;5;2;
2015;C0575;1;2;14;03;1;99900;99900 - Fattori investigati ma non identificati;70;2;
2015;C0575;1;3;22;14;3;99900;99900 - Fattori investigati ma non identificati;5;2;
2015;C0575;1;4;23;14;2;99900;99900 - Fattori investigati ma non identificati;10;2;
2015;C0575;2;1;14;01;1;21000;- Non identificato -;5;2;
2015;C0575;2;2;14;03;1;99900;99900 - Fattori investigati ma non identificati;70;2;
2015;C0575;2;3;22;14;3;99900;99900 - Fattori investigati ma non identificati;20;2;
2015;C0575;2;4;23;14;2;99900;99900 - Fattori investigati ma non identificati;10;2;
2015;C0575;2;5;23;08;1;99900;99900 - Fattori investigati ma non identificati;5;2;galle
2015;C0575;3;1;14;01;1;21000;- Non identificato -;5;2;
2015;C0575;3;2;14;03;1;99900;99900 - Fattori investigati ma non identificati;70;2;
2015;C0575;3;3;22;14;1;99900;99900 - Fattori investigati ma non identificati;5;2;
2015;C0575;3;4;23;14;1;99900;99900 - Fattori investigati ma non identificati;10;2;
2015;C0575;3;5;32;12;2;81003;81003 - Hedera helix;;;
2015;C0575;4;1;14;03;1;99900;99900 - Fattori investigati ma non identificati;90;2;
2015;C0575;4;2;22;14;1;99900;99900 - Fattori investigati ma non identificati;10;2;
2015;C0575;4;3;23;14;2;99900;99900 - Fattori investigati ma non identificati;50;2;
2015;C0575;4;4;32;12;2;81003;81003 - Hedera helix;;;
2015;C0575;7;1;14;01;1;21000;- Non identificato -;5;2;
2015;C0575;7;2;14;03;1;99900;99900 - Fattori investigati ma non identificati;70;2;
2015;C0575;7;3;22;14;1;99900;99900 - Fattori investigati ma non identificati;5;2;
2015;C0575;7;4;23;14;2;99900;99900 - Fattori investigati ma non identificati;5;2;
2015;C0575;7;5;32;12;2;81003;81003 - Hedera helix;;;
2015;C0575;12;1;14;03;1;99900;99900 - Fattori investigati ma non identificati;50;2;
2015;C0575;12;2;22;14;3;99900;99900 - Fattori investigati ma non identificati;5;2;
2015;C0575;27;1;14;03;1;99900;99900 - Fattori investigati ma non identificati;;1;
2015;C0575;27;2;22;14;3;99900;99900 - Fattori investigati ma non identificati;10;2;
2015;C0575;27;3;32;12;2;81003;81003 - Hedera helix;;;
2015;C0575;31;1;14;03;1;99900;99900 - Fattori investigati ma non identificati;10;2;
2015;C0575;31;2;25;14;3;99900;99900 - Fattori investigati ma non identificati;80;2;
2015;C0575;32;1;25;14;1;99900;99900 - Fattori investigati ma non identificati;30;2;
2015;C0575;32;2;14;03;1;99900;99900 - Fattori investigati ma non identificati;70;2;
2015;C0575;33;1;14;03;1;99900;99900 - Fattori investigati ma non identificati;70;2;
2015;C0575;33;2;22;14;1;99900;99900 - Fattori investigati ma non identificati;30;2;
2015;C0575;34;1;14;03;1;99900;99900 - Fattori investigati ma non identificati;70;2;
2015;C0575;34;2;22;14;1;99900;99900 - Fattori investigati ma non identificati;10;2;
2015;C0575;35;1;14;03;1;99900;99900 - Fattori investigati ma non identificati;100;2;
2015;C0575;35;2;25;14;3;99900;99900 - Fattori investigati ma non identificati;70;2;
2015;C0575;36;1;14;03;1;99900;99900 - Fattori investigati ma non identificati;70;2;
2015;C0575;36;2;22;14;3;99900;99900 - Fattori investigati ma non identificati;10;2;
2015;C0575;37;1;14;03;1;99900;99900 - Fattori investigati ma non identificati;70;2;
2015;C0575;37;2;25;14;3;99900;99900 - Fattori investigati ma non identificati;60;2;
2015;C0575;37;3;32;12;2;81003;81003 - Hedera helix;;;
2015;C0575;38;1;14;03;1;99900;99900 - Fattori investigati ma non identificati;70;2;
2015;C0575;38;2;22;14;3;99900;99900 - Fattori investigati ma non identificati;10;2;
2015;C0575;38;3;32;12;2;81003;81003 - Hedera helix;;;
2015;C0575;39;1;14;03;1;99900;99900 - Fattori investigati ma non identificati;70;2;
2015;C0575;39;2;22;14;3;99900;99900 - Fattori investigati ma non identificati;5;2;
2015;C0575;39;3;32;12;2;81003;81003 - Hedera helix;;;
2015;C0575;40;1;14;03;1;99900;99900 - Fattori investigati ma non identificati;5;2;
2015;C0575;40;2;32;12;2;81003;81003 - Hedera helix;;;
2015;C0575;41;1;14;03;1;99900;99900 - Fattori investigati ma non identificati;70;2;
2015;C0575;41;2;22;14;3;99900;99900 - Fattori investigati ma non identificati;10;2;
2015;C0575;41;3;32;12;2;81003;81003 - Hedera helix;;;
2015;C0575;42;1;14;03;1;99900;99900 - Fattori investigati ma non identificati;70;2;
2015;C0575;42;2;22;14;3;99900;99900 - Fattori investigati ma non identificati;10;2;
2015;C0575;43;1;14;03;1;99900;99900 - Fattori investigati ma non identificati;70;2;
2015;C0575;43;2;22;14;3;99900;99900 - Fattori investigati ma non identificati;20;2;
2015;C0575;43;3;23;08;1;27000;- Non identificato -;5;2;
2015;C0575;44;1;14;03;1;99900;99900 - Fattori investigati ma non identificati;5;2;
2015;C0575;44;2;32;12;2;81003;81003 - Hedera helix;;;
2015;C0611;4;1;14;01;1;21000;- Non identificato -;10;2;
2015;C0611;6;1;14;01;1;21000;- Non identificato -;5;2;
2015;C0611;6;2;23;14;2;99900;99900 - Fattori investigati ma non identificati;5;2;
2015;C0611;7;1;14;01;1;21000;- Non identificato -;5;2;
2015;C0611;7;2;22;14;2;99900;99900 - Fattori investigati ma non identificati;5;2;
2015;C0611;8;1;14;01;1;21000;- Non identificato -;5;2;
2015;C0611;8;2;14;08;1;99900;99900 - Fattori investigati ma non identificati;30;2;imbarcamento
2015;C0611;8;3;22;14;2;99900;99900 - Fattori investigati ma non identificati;5;2;
2015;C0611;11;1;14;01;1;99900;99900 - Fattori investigati ma non identificati;5;2;
2015;C0611;11;2;14;08;1;99900;99900 - Fattori investigati ma non identificati;50;2;imbarcamento
2015;C0611;12;1;14;01;1;21000;- Non identificato -;5;2;
2015;C0611;13;1;22;14;1;99900;99900 - Fattori investigati ma non identificati;40;2;
2015;C0611;17;1;14;01;1;21000;- Non identificato -;5;2;
2015;C0611;18;1;14;01;1;21000;- Non identificato -;5;2;
2015;C0611;18;2;22;14;2;99900;99900 - Fattori investigati ma non identificati;5;2;
2015;C0611;21;1;14;01;1;21000;- Non identificato -;5;2;
2015;C0611;21;2;14;08;1;99900;99900 - Fattori investigati ma non identificati;5;2;
2015;C0611;21;3;22;14;1;99900;99900 - Fattori investigati ma non identificati;5;2;
2015;C0611;24;1;14;01;1;21000;- Non identificato -;5;2;
2015;C0611;27;1;14;01;1;21000;- Non identificato -;5;2;
2015;C0611;35;1;14;08;1;99900;99900 - Fattori investigati ma non identificati;5;2;imbarcamento
2015;C0611;35;2;14;01;1;99900;99900 - Fattori investigati ma non identificati;5;2;
2015;C0611;35;3;22;14;1;99900;99900 - Fattori investigati ma non identificati;5;2;
2015;C0611;41;1;22;14;1;99900;99900 - Fattori investigati ma non identificati;5;2;
2015;C0611;43;1;14;01;1;21000;- Non identificato -;5;2;
2015;C0611;43;2;32;17;2;99900;99900 - Fattori investigati ma non identificati;5;2;
2015;C0611;44;1;14;08;1;99900;99900 - Fattori investigati ma non identificati;50;2;
2015;C0611;45;1;14;08;1;99900;99900 - Fattori investigati ma non identificati;50;2;
2015;C0611;48;1;14;01;1;21000;- Non identificato -;5;2;
2015;C0611;48;2;14;08;1;99900;99900 - Fattori investigati ma non identificati;50;2;
2015;C0611;48;3;22;14;1;99900;99900 - Fattori investigati ma non identificati;5;2;
2015;C0624;8;1;14;01;1;21000;- Non identificato -;10;2;
2015;C0624;8;2;22;14;3;99900;99900 - Fattori investigati ma non identificati;20;2;
2015;C0624;36;1;14;08;1;99900;99900 - Fattori investigati ma non identificati;70;2;
2015;C0624;19;1;14;01;1;21000;- Non identificato -;5;2;
2015;C0624;19;2;22;14;3;99900;99900 - Fattori investigati ma non identificati;10;2;
2015;C0624;19;3;22;08;1;99900;99900 - Fattori investigati ma non identificati;5;2;
2015;C0624;46;1;14;01;1;21000;- Non identificato -;5;2;
2015;C0624;46;2;14;08;1;99900;99900 - Fattori investigati ma non identificati;70;2;
2015;C0624;46;3;22;14;1;99900;99900 - Fattori investigati ma non identificati;5;2;
2015;C0624;46;4;14;12;1;99900;99900 - Fattori investigati ma non identificati;;;
2015;C2037;1;1;14;01;1;99900;99900 - Fattori investigati ma non identificati;5;2;
2015;C2037;1;2;22;01;1;99900;99900 - Fattori investigati ma non identificati;5;2;
2015;C2037;3;1;14;01;1;99900;99900 - Fattori investigati ma non identificati;5;2;
2015;C2037;52;1;14;01;1;99900;99900 - Fattori investigati ma non identificati;5;2;
2015;C2037;53;1;14;01;1;99900;99900 - Fattori investigati ma non identificati;5;2;
2015;C2037;54;1;14;01;1;99900;99900 - Fattori investigati ma non identificati;5;2;
2015;C2037;54;2;21;01;1;99900;99900 - Fattori investigati ma non identificati;5;2;
2015;C2037;55;1;21;01;1;99900;99900 - Fattori investigati ma non identificati;5;2;
2015;C2037;56;1;14;01;1;99900;99900 - Fattori investigati ma non identificati;5;2;
2015;C2037;57;1;21;01;1;99900;99900 - Fattori investigati ma non identificati;5;2;
2015;C2037;58;1;21;01;1;99900;99900 - Fattori investigati ma non identificati;5;2;
2015;C2037;59;1;14;01;1;99900;99900 - Fattori investigati ma non identificati;5;2;
2015;C2037;61;1;14;01;1;81003;81003 - Hedera helix;5;2;
2015;C2037;62;1;14;01;1;21000;- Non identificato -;5;2;
2015;C2037;63;1;14;01;1;21000;- Non identificato -;5;2;
2015;C2037;64;1;14;02;1;99900;99900 - Fattori investigati ma non identificati;10;2;
2015;C2037;65;1;14;01;1;99900;99900 - Fattori investigati ma non identificati;5;2;
2015;C2037;65;2;22;01;1;99900;99900 - Fattori investigati ma non identificati;5;2;
2015;C2037;66;1;14;01;1;99900;99900 - Fattori investigati ma non identificati;5;2;
2015;C2037;67;1;14;01;1;99900;99900 - Fattori investigati ma non identificati;5;2;
2015;C2037;67;2;22;01;1;99900;99900 - Fattori investigati ma non identificati;5;2;
2015;C2037;68;1;14;02;1;99900;99900 - Fattori investigati ma non identificati;10;2;
2015;C2037;69;1;14;01;1;99900;99900 - Fattori investigati ma non identificati;5;2;
2015;C2037;70;1;14;01;1;99900;99900 - Fattori investigati ma non identificati;5;2;
2015;C2037;70;2;22;01;1;99900;99900 - Fattori investigati ma non identificati;5;2;
2015;C2037;71;1;14;01;1;99900;99900 - Fattori investigati ma non identificati;5;2;
2015;C2037;71;2;21;01;1;99900;99900 - Fattori investigati ma non identificati;5;2;
2015;C0572;1;1;00;;;;;;;
2015;C0572;2;1;00;;;;;;;
2015;C0572;3;1;00;;;;;;;
2015;C0572;4;1;00;;;;;;;
2015;C0572;5;1;00;;;;;;;
2015;C0572;7;1;00;;;;;;;
2015;C0572;8;1;00;;;;;;;
2015;C0572;9;1;22;14;1;99900;99900 - Fattori investigati ma non identificati;5;2;
2015;C0572;10;1;00;;;;;;;
2015;C0572;12;1;00;;;;;;;
2015;C0572;13;1;00;;;;;;;
2015;C0572;20;1;00;;;;;;;
2015;C0572;21;1;00;;;;;;;
2015;C0572;22;1;00;;;;;;;
2015;C0572;26;1;00;;;;;;;
2015;C0572;31;1;00;;;;;;;
2015;C0572;32;1;00;;;;;;;
2015;C0572;33;1;00;;;;;;;
2015;C0572;34;1;00;;;;;;;
