ANNO_RIL;IDAREA;IDPIANTA;SPECIE;RM_OLD;REM_MORT;ASS_CROWN;TRASPAR;FRUTTIF;DENDROT;DIAM1;DIAM2;DIST;AZIMUT
2015;C1052;64;40;1;1;4;10;2;1;10;10;12.49;311.00
2015;C1052;45;129;1;1;4;5;2;1;40;41;13.39;300.00
2015;C1052;1;129;1;1;4;25;1.1;1;42;42;5.10;295.00
2015;C1052;11;7;1;1;4;5;2;1;40;42;15.50;226.00
2015;C1052;9;129;1;1;4;10;2;1;43;44;11.97;223.00
2015;C1052;60;15;1;1;4;20;1.1;1;53;55;17.98;201.00
2015;C1052;6;15;1;1;4;10;2;1;71;70;6.17;162.00
2015;C1052;61;129;1;1;4;15;1.1;1;66;56;13.05;154.00
2015;C1052;29;7;1;1;4;20;2;1;34;33;9.42;147.00
2015;C1052;63;129;1;1;4;30;2;1;14;14;10.80;141.00
2015;C1052;58;129;1;1;4;15;1.2;1;29;28;12.83;138.00
2015;C1052;28;129;1;1;4;10;2;1;35;34;8.94;129.00
2015;C1052;56;129;1;1;4;15;1.1;1;44;43;10.10;123.00
2015;C1052;15;129;1;1;4;10;2;1;36;37;3.86;93.00
2015;C1052;46;129;1;1;4;15;2;1;40;41;13.13;88.00
2015;C1052;17;129;1;1;4;15;2;1;53;55;7.19;81.00
2015;C1052;3;129;1;1;4;15;1.2;1;45;45;6.26;3.00
2015;C1052;36;129;906;906;4;;;1;38;38;16.86;177.00
2015;C1052;38;129;906;906;4;;;1;31;31;17.67;164.00
2015;C1052;59;129;906;906;4;;;1;28;28;15.25;142.00
2015;C2055;32;129;1;1;4;15;2;1;42;42;13.27;213.00
2015;C2055;15;129;1;1;4;20;1.2;1;41;40;16.08;59.00
2015;C2055;3;129;1;1;4;20;1.2;1;42;42;8.29;59.00
2015;C2055;12;129;1;1;4;20;1.1;1;34;34;10.48;54.00
2015;C2055;13;129;1;1;4;20;1.2;1;36;36;12.97;51.00
2015;C2055;2;129;1;1;4;20;1.2;1;43;43;2.29;51.00
2015;C2055;1;129;1;1;4;20;1.2;1;55;52;1.79;26.00
2015;C2055;11;129;1;1;4;20;1.1;1;46;46;8.51;22.00
2015;C2055;34;129;1;1;4;10;2;1;46;45;15.34;18.00
2015;C2055;33;129;1;1;4;25;2;1;36;34;11.37;0.00
2015;C2055;8;129;906;906;4;;;1;30;30;14.26;188.00
2015;C2055;10;129;906;906;4;;;1;37;35;16.39;148.00
2015;C2055;9;129;906;906;4;;;1;23;22;17.72;145.00
2015;C2055;6;129;906;906;4;;;1;32;32;15.52;78.00
2015;C2055;14;129;906;906;4;;;1;34;32;15.23;14.00
2015;C2056;40;17;1;1;4;25;1.1;2;11;13;7.46;350.00
2015;C2056;41;17;1;1;4;20;1.1;2;16;16;12.22;310.00
2015;C2056;25;17;1;1;4;15;1.1;1;24;22;7.07;223.00
2015;C2056;6;17;1;1;4;15;2;1;29;29;12.79;211.00
2015;C2056;24;17;1;1;4;15;1.1;1;19;18;7.89;201.00
2015;C2056;2;17;1;1;4;30;1.1;1;23;23;9.61;184.00
2015;C2056;4;17;1;1;4;10;1.1;1;45;44;14.47;179.00
2015;C2056;1;17;1;1;4;15;3;1;25;25;6.36;178.00
2015;C2056;36;17;1;1;4;20;1.1;1;12;12;11.93;172.00
2015;C2056;37;17;1;1;4;20;1.1;1;13;14;8.66;163.00
2015;C2056;22;17;1;1;4;15;1.1;1;22;21;9.61;148.00
2015;C2056;38;17;1;1;4;25;1.1;1;18;17;5.27;121.00
2015;C2056;27;17;1;1;4;15;1.1;1;20;20;10.75;115.00
2015;C2056;23;17;1;1;4;15;1.1;1;31;32;2.09;113.00
2015;C2056;20;17;1;1;4;15;2;1;26;26;10.56;97.00
2015;C2056;17;17;1;1;4;15;2;1;23;23;4.96;90.00
2015;C2056;26;17;1;1;4;15;1.1;1;25;25;8.36;85.00
2015;C2056;11;17;1;1;4;5;1.1;1;42;41;12.78;70.00
2015;C2056;16;17;1;1;4;15;1.1;1;28;28;9.59;65.00
2015;C2056;39;17;1;1;4;20;1.1;1;14;16;12.00;40.00
2015;C2056;5;17;906;906;4;;;1;26;23;14.16;199.00
2015;C2056;3;17;906;906;4;;;1;35;36;14.21;164.00
2015;C2056;21;17;906;906;4;;;1;28;30;13.29;120.00
2015;C2056;19;17;906;906;4;;;1;30;29;16.43;90.00
2015;C2056;34;17;906;906;4;;;1;16;15;15.88;71.00
2015;C2056;35;17;906;906;4;;;1;19;20;14.68;60.00
2015;C2056;33;17;906;906;4;;;1;16;16;14.40;49.00
2015;C2056;10;17;906;906;4;;;1;34;35;14.42;37.00
2015;C2056;9;17;906;906;4;;;1;25;24;15.35;27.00
2015;C2056;8;17;906;906;4;;;1;15;16;16.86;15.00
2015;C2056;7;17;906;906;4;;;1;33;24;13.54;15.00
2015;C0927;12;20;1;1;4;15;3;1;33;31;8.77;335.00
2015;C0927;11;20;1;1;4;25;3;1;27;28;4.71;316.00
2015;C0927;9;20;1;1;4;15;3;1;27;26;11.51;311.00
2015;C0927;8;20;1;1;4;20;3;1;25;25;11.35;311.00
2015;C0927;5;20;1;1;4;20;3;1;37;39;8.54;283.00
2015;C0927;32;20;1;1;4;15;3;1;33;32;9.06;280.00
2015;C0927;33;3;1;1;4;0;1.1;1;12;14;11.42;268.00
2015;C0927;2;20;1;1;4;20;3;1;43;43;4.27;257.00
2015;C0927;1;20;1;1;4;20;3;1;35;32;3.48;229.00
2015;C0927;29;20;1;1;4;25;3;1;16;17;11.24;190.00
2015;C0927;31;20;1;1;4;15;3;1;19;17;11.80;184.00
2015;C0927;28;20;1;1;4;20;3;1;23;22;5.82;173.00
2015;C0927;27;20;1;1;4;10;3;1;39;44;9.00;162.00
2015;C0927;22;20;1;1;4;10;3;1;25;24;10.39;149.00
2015;C0927;21;20;1;1;4;15;3;1;28;27;9.20;146.00
2015;C0927;15;20;1;1;4;15;3;1;27;30;6.12;108.00
2015;C0927;18;20;1;1;4;15;3;1;35;32;10.43;95.00
2015;C0927;16;20;1;1;4;15;3;1;30;28;8.73;87.00
2015;C0927;36;20;1;1;4;20;3;1;23;26;11.90;84.00
2015;C0927;17;20;1;1;4;20;2;1;18;17;8.20;70.00
2015;C0927;35;20;1;1;4;15;3;1;42;42;11.63;44.00
2015;C0927;13;20;1;1;4;25;3;1;32;33;4.11;17.00
2015;C0927;34;20;1;1;4;25;3;1;31;31;10.58;12.00
2015;C0927;14;20;1;1;4;20;3;1;15;14;7.47;5.00
2015;C0927;7;20;29;29;4;;;1;20;19;10.85;306.00
2015;C0927;23;20;906;906;4;;;1;17;18;16.17;142.00
2015;C0927;19;20;906;906;4;;;1;36;33;13.13;117.00
2015;C0947;4;49;1;1;4;30;1.2;1;17;18;6.08;310.00
2015;C0947;7;49;1;1;4;40;1.2;1;14;16;8.78;304.00
2015;C0947;6;49;1;1;4;20;1.2;1;16;16;7.21;284.00
2015;C0947;8;49;1;1;4;30;1.2;1;16;17;12.25;278.00
2015;C0947;27;49;1;1;4;30;1.2;1;18;19;9.99;210.00
2015;C0947;1;49;1;1;4;20;1.2;1;18;17;1.36;185.00
2015;C0947;2;49;1;1;4;15;1.2;1;16;16;2.25;181.00
2015;C0947;37;49;1;1;4;25;1.2;1;13;13;9.20;156.00
2015;C0947;3;49;1;1;4;20;1.2;1;18;18;2.41;154.00
2015;C0947;26;49;1;1;4;35;1.2;1;19;17;12.29;151.00
2015;C0947;22;49;1;1;4;40;1.2;1;25;28;10.56;25.00
2015;C0947;13;49;906;906;4;;;1;17;18;14.73;306.00
2015;C0947;14;49;906;906;4;;;1;18;16;17.16;300.00
2015;C0947;11;49;906;906;4;;;1;22;24;17.14;276.00
2015;C0947;10;49;906;906;4;;;1;17;18;15.24;273.00
2015;C0947;17;49;906;906;4;;;1;17;17;14.70;176.00
2015;C0947;25;49;906;906;4;;;1;17;18;15.92;134.00
2015;C0947;23;49;906;906;4;;;1;32;26;14.33;10.00
2015;C2047;30;20;1;1;4;5;1.2;1;26;25;7.31;358.00
2015;C2047;29;20;1;1;4;10;1.2;1;34;33;9.95;354.00
2015;C2047;27;20;1;1;4;10;1.2;1;24;24;6.29;340.00
2015;C2047;28;20;1;1;4;10;1.2;1;28;26;7.64;335.00
2015;C2047;40;20;1;1;4;10;1.2;1;29;28;12.95;325.00
2015;C2047;39;20;1;1;4;10;1.2;1;24;25;12.80;322.00
2015;C2047;38;20;1;1;4;5;1.2;1;32;33;10.79;294.00
2015;C2047;25;20;1;1;4;10;1.2;1;27;27;3.83;289.00
2015;C2047;37;20;1;1;4;5;1.2;1;36;36;10.28;283.00
2015;C2047;24;20;1;1;4;10;1.2;1;20;20;0.55;275.00
2015;C2047;26;20;1;1;4;15;1.2;1;27;28;7.74;264.00
2015;C2047;21;20;1;1;4;10;1.2;1;21;21;7.45;230.00
2015;C2047;20;20;1;1;4;5;1.2;1;24;21;10.50;226.00
2015;C2047;22;20;1;1;4;5;1.2;1;36;36;3.04;218.00
2015;C2047;19;20;1;1;4;5;1.2;1;35;34;9.69;214.00
2015;C2047;41;20;1;1;4;5;1.2;1;41;38;17.85;203.00
2015;C2047;23;20;1;1;4;5;1.2;1;29;27;2.40;197.00
2015;C2047;18;20;1;1;4;5;1.2;1;23;21;3.71;181.00
2015;C2047;15;20;1;1;4;10;1.2;1;29;29;9.89;173.00
2015;C2047;16;20;1;1;4;10;1.2;1;26;25;8.24;170.00
2015;C2047;12;20;1;1;4;5;1.2;1;20;20;12.59;164.00
2015;C2047;36;20;1;1;4;10;1.2;1;25;25;11.55;154.00
2015;C2047;13;20;1;1;4;5;1.2;1;19;19;10.25;146.00
2015;C2047;35;20;1;1;4;5;1.2;1;17;17;9.52;145.00
2015;C2047;11;20;1;1;4;15;1.2;1;26;27;7.58;145.00
2015;C2047;10;20;1;1;4;15;1.2;1;33;35;9.76;130.00
2015;C2047;9;20;1;1;4;10;1.2;1;18;18;9.67;115.00
2015;C2047;34;20;1;1;4;10;1.2;1;35;38;10.97;114.00
2015;C2047;33;20;1;1;4;10;1.2;1;32;34;12.93;98.00
2015;C2047;8;20;1;1;4;5;1.2;1;36;33;5.69;82.00
2015;C2047;32;20;1;1;4;20;1.2;1;25;28;9.56;74.00
2015;C2047;31;20;1;1;4;5;1.2;1;37;36;12.89;63.00
2015;C2047;7;20;1;1;4;5;1.2;1;27;26;5.40;63.00
2015;C2047;6;20;1;1;4;10;1.2;1;28;27;7.02;59.00
2015;C2047;5;20;1;1;4;10;1.2;1;40;36;10.03;45.00
2015;C2047;4;20;1;1;4;15;1.2;1;28;27;10.02;39.00
2015;C2047;3;20;1;1;4;10;1.2;1;26;24;8.17;21.00
2015;C2047;2;20;1;1;4;10;1.2;1;38;35;5.84;10.00
2015;C2047;1;20;1;1;4;10;1.2;1;38;37;3.62;8.00
2015;C2047;17;20;906;906;4;;;1;28;30;17.13;269.00
2015;C2047;14;20;906;906;4;;;1;33;31;16.85;256.00
2015;C2048;14;125;1;1;4;10;2;1;31;32;11.40;343.00
2015;C2048;35;125;1;1;4;5;1.2;1;26;26;5.81;343.00
2015;C2048;13;109;1;1;4;0;1.2;1;23;23;12.31;338.00
2015;C2048;12;109;1;1;4;5;1.2;1;19;20;8.47;313.00
2015;C2048;34;109;1;1;4;5;1.2;1;19;21;12.16;302.00
2015;C2048;11;109;1;1;4;10;1.2;1;20;22;8.22;266.00
2015;C2048;33;125;1;1;4;5;2;1;20;22;6.70;265.00
2015;C2048;10;109;1;1;4;15;1.2;1;19;20;5.39;258.00
2015;C2048;39;125;1;1;4;5;2;1;21;22;12.80;253.00
2015;C2048;40;125;1;1;4;10;2;1;16;17;12.10;241.00
2015;C2048;41;109;1;1;4;5;1.2;1;20;20;12.60;233.00
2015;C2048;42;109;1;1;4;5;1.2;1;18;20;12.40;220.00
2015;C2048;43;125;1;1;4;5;2;1;26;26;12.25;212.00
2015;C2048;32;125;1;1;4;10;2;1;22;24;2.16;206.00
2015;C2048;38;109;1;1;4;10;1.2;1;20;20;7.99;205.00
2015;C2048;37;125;1;1;4;5;2;1;25;26;9.00;178.00
2015;C2048;8;125;1;1;4;10;2;1;30;31;12.08;156.00
2015;C2048;1;125;1;1;4;10;2;1;32;30;3.24;144.00
2015;C2048;7;125;1;1;4;15;2;1;26;25;12.08;128.00
2015;C2048;5;125;1;1;4;10;2;1;32;31;9.13;127.00
2015;C2048;9;125;1;1;4;10;2;1;20;21;6.07;125.00
2015;C2048;2;125;1;1;4;15;2;1;40;39;12.21;110.00
2015;C2048;36;125;1;1;4;5;2;1;22;23;10.24;100.00
2015;C2048;3;125;1;1;4;10;2;1;34;36;6.98;66.00
2015;C2048;4;125;1;1;4;15;2;1;28;28;11.53;32.00
2015;C2048;6;125;1;1;4;10;1.2;1;28;30;11.36;15.00
2015;C2048;15;125;1;1;4;5;2;1;22;23;11.86;2.00
2015;C2049;2;20;1;1;4;20;2;1;75;75;11.90;313.00
2015;C2049;43;20;1;1;4;20;2;1;10;10;10.59;294.00
2015;C2049;42;20;1;1;4;15;2;1;11;10;9.81;290.00
2015;C2049;41;20;1;1;4;20;2;1;13;13;8.54;290.00
2015;C2049;40;20;1;1;4;25;2;1;11;11;8.15;285.00
2015;C2049;33;20;1;1;4;25;2;1;12;13;4.45;283.00
2015;C2049;44;20;1;1;4;25;2;1;15;15;10.42;281.00
2015;C2049;34;20;1;1;4;25;2;1;10;10;3.55;248.00
2015;C2049;39;20;1;1;4;20;2;1;10;10;4.02;220.00
2015;C2049;10;20;1;1;4;20;2;1;39;40;17.84;180.00
2015;C2049;23;20;1;1;4;15;2;1;48;55;10.50;145.00
2015;C2049;8;20;1;1;4;30;2;1;23;20;7.25;135.00
2015;C2049;37;20;1;1;4;25;2;1;13;12;9.75;128.00
2015;C2049;36;20;1;1;4;20;2;1;12;14;9.46;125.00
2015;C2049;38;20;1;1;4;25;2;1;12;12;12.78;117.00
2015;C2049;5;20;1;1;4;25;2;1;52;53;11.73;44.00
2015;C2049;1;20;1;1;4;15;2;1;58;58;3.23;40.00
2015;C2049;4;20;1;1;4;15;2;1;70;64;4.00;22.17
2015;C2049;32;20;19;3;4;30;2;1;9;9;3.13;299.00
2015;C2049;35;20;19;3;4;20;2;1;6;6;1.77;238.00
2015;C2049;31;20;19;3;4;20;2;1;6;6;3.16;150.00
2015;C2049;9;20;906;906;4;;;1;26;26;14.79;192.00
2015;C2049;7;20;906;906;4;;;1;33;24;17.08;86.00
2015;C2050;36;125;1;1;4;5;1.2;1;14;14;7.91;357.00
2015;C2050;35;125;1;1;4;10;1.2;1;16;15;6.78;355.00
2015;C2050;17;125;1;1;4;0;;1;16;16;12.47;352.00
2015;C2050;34;125;1;1;4;10;1.2;1;21;20;6.46;350.00
2015;C2050;30;125;1;1;4;5;1.2;1;16;16;12.74;330.00
2015;C2050;31;125;1;1;4;5;1.2;1;14;15;12.35;320.00
2015;C2050;32;125;1;1;4;10;1.2;1;17;17;10.73;305.00
2015;C2050;37;125;1;1;4;5;1.2;1;19;19;11.18;273.00
2015;C2050;38;125;1;1;4;10;1.2;1;20;21;10.88;270.00
2015;C2050;33;109;1;1;4;5;1.1;1;10;11;11.68;27.00
2015;C2050;13;125;1;1;4;10;1.2;1;19;19;12.98;5.00
2015;C2050;15;125;1;1;4;10;1.2;1;18;19;10.25;5.00
2015;C2050;14;125;1;1;4;5;1.2;1;18;19;11.60;3.00
2015;C2050;16;125;1;1;4;10;1.2;1;15;15;9.15;2.00
2015;C2050;18;125;906;906;4;;;1;17;18;16.15;355.00
2015;C2050;29;125;906;906;4;;;1;13;12;15.57;334.00
2015;C2050;9;125;906;906;4;;;1;18;19;17.15;10.00
2015;C2050;10;125;906;906;4;;;1;16;16;15.89;8.00
2015;C2050;11;125;906;906;4;;;1;14;14;14.80;8.00
2015;C2050;12;125;906;906;4;;;1;13;14;13.85;5.00
2015;C2051;4;20;1;1;4;25;1.2;1;33;37;2.87;356.00
2015;C2051;13;20;1;1;4;35;1.2;1;35;35;5.55;352.00
2015;C2051;27;20;1;1;4;20;1.2;1;30;29;12.52;349.00
2015;C2051;22;20;1;1;4;65;1.2;1;66;60;17.41;334.00
2015;C2051;24;20;1;1;4;25;1.2;1;24;22;9.65;324.00
2015;C2051;12;20;1;1;4;30;1.2;1;33;33;6.30;324.00
2015;C2051;25;20;1;1;4;20;1.2;1;31;28;11.18;317.00
2015;C2051;26;20;1;1;4;15;1.2;1;61;51;15.64;265.00
2015;C2051;3;20;1;1;4;25;1.2;1;27;27;2.87;260.00
2015;C2051;10;20;1;1;4;40;1.2;1;28;30;7.31;258.00
2015;C2051;23;20;1;1;4;30;1.2;1;39;37;7.92;224.00
2015;C2051;9;20;1;1;4;40;1.2;1;26;27;5.36;218.00
2015;C2051;19;20;1;1;4;30;1.2;1;40;33;12.60;205.00
2015;C2051;5;20;1;1;4;20;1.2;1;42;40;17.54;188.00
2015;C2051;18;20;1;1;4;15;1.2;1;38;38;12.72;181.00
2015;C2051;11;20;1;1;4;25;1.2;1;54;53;17.95;177.00
2015;C2051;17;20;1;1;4;25;1.2;1;32;31;11.32;169.00
2015;C2051;7;20;1;1;4;40;1.2;1;41;41;17.35;135.00
2015;C2051;31;20;1;1;4;35;1.2;1;47;45;14.17;106.00
2015;C2051;32;20;1;1;4;40;1.2;1;44;42;16.72;82.00
2015;C2051;16;20;1;1;4;50;1.2;1;73;73;8.07;81.00
2015;C2051;15;20;1;1;4;40;1.2;1;41;39;12.50;54.00
2015;C2051;30;20;1;1;4;15;1.2;1;32;29;10.71;43.00
2015;C2051;14;20;1;1;4;20;1.2;1;41;40;8.68;22.00
2015;C2051;29;20;1;1;4;15;1.2;1;20;21;10.61;13.00
2015;C2051;28;20;1;1;4;20;1.2;1;45;39;10.70;7.00
2015;C2051;8;20;1;1;4;25;1.2;1;44;48;5.76;5.00
2015;C2051;21;20;906;906;4;;;1;37;37;16.87;233.00
2015;C2066;6;29;1;1;4;15;1.1;2;17;19;7.60;357.00
2015;C2066;9;29;1;1;4;25;1.1;2;17;19;8.70;315.00
2015;C2066;32;29;1;1;4;15;1.1;2;12;14;9.35;285.00
2015;C2066;2;49;1;1;4;45;1.1;1;26;32;6.10;254.00
2015;C2066;4;29;1;1;4;20;1.1;2;14;14;9.50;150.00
2015;C2066;1;49;1;1;4;35;1.1;1;15;17;4.35;120.00
2015;C2066;34;2;1;1;4;5;1.1;1;15;14;11.60;112.00
2015;C2066;36;23;1;1;4;15;3;2;10;11;10.56;90.00
2015;C2066;3;29;1;1;4;30;1.1;2;16;17;6.40;65.00
2015;C2066;35;2;1;1;4;10;1.1;2;14;13;12.52;40.00
2015;C2066;8;29;1;1;4;25;1.1;1;16;17;9.65;20.00
2015;C2066;33;5;1;1;4;25;1.1;1;14;12;12.05;5.00
2015;C2066;7;5;906;906;4;;;1;28;29;14.60;320.00
2015;C2066;5;49;906;906;4;;;1;16;18;14.15;288.00
2015;C2066;11;2;906;906;4;;;1;14;15;18.00;280.00
2015;C2008;33;41;1;1;4;5;1.1;2;16;16;7.77;282.00
2015;C0563;2;15;1;1;4;50;1.1;1;76;75;4.94;348.00
2015;C0563;3;15;1;1;4;40;1.1;2;24;26;3.80;320.00
2015;C2008;32;41;906;906;4;;;2;19;17;16.85;146.00
2015;C2008;31;41;1;1;4;5;1.1;2;18;18;1.16;180.00
2015;C2008;21;41;1;1;4;10;1.1;2;25;22;5.87;160.00
2015;C2008;20;41;906;906;4;;;2;22;20;16.70;57.00
2015;C2008;17;41;1;1;4;5;1.1;2;25;23;5.47;33.00
2015;C2008;16;41;1;1;4;0;1.1;1;21;21;5.37;335.00
2015;C2008;14;41;1;1;4;0;1.1;2;19;18;11.28;277.00
2015;C2008;13;41;1;1;4;0;1.1;2;15;14;8.66;272.00
2015;C2008;12;41;1;1;4;5;1.1;2;19;16;5.67;247.00
2015;C2008;11;41;1;1;4;5;1.1;2;26;24;9.35;250.00
2015;C2008;8;41;1;1;4;5;1.1;1;28;29;11.30;139.00
2015;C2008;7;41;906;906;4;;;1;23;25;13.40;98.00
2015;C2008;6;41;906;906;4;;;1;23;23;14.30;73.00
2015;C2008;5;41;906;906;4;;;1;31;37;15.80;27.00
2015;C2008;3;41;1;1;4;10;1.1;1;31;31;12.46;262.00
2015;C2008;2;20;1;1;4;20;1.1;1;37;43;17.96;195.00
2015;C2008;1;41;1;1;4;15;1.1;2;42;33;9.58;195.00
2015;C0047;31;116;906;906;4;;;1;24;23;15.89;342.00
2015;C0047;26;123;906;906;4;;;1;21;18;17.67;261.00
2015;C0047;17;116;906;906;4;;;1;31;32;17.09;95.00
2015;C0047;16;116;906;906;4;;;1;17;17;15.17;85.00
2015;C0047;14;116;1;1;4;25;1.1;1;28;26;5.89;79.00
2015;C0047;13;116;1;1;4;15;1.2;1;39;38;10.22;3.00
2015;C0047;12;116;1;1;4;5;1.2;1;38;35;2.97;288.00
2015;C0047;10;116;906;906;4;;;1;33;30;17.28;249.00
2015;C0047;9;116;906;906;4;;;1;35;33;16.16;242.00
2015;C0047;8;116;1;1;4;15;;1;18;18;6.17;216.00
2015;C0047;5;116;1;1;4;15;1.1;1;25;24;7.76;182.00
2015;C0047;4;123;906;906;4;;;1;26;25;13.35;199.00
2015;C0047;3;116;1;1;4;30;1.1;1;20;19;12.46;189.00
2015;C0047;2;116;1;1;4;10;1.2;1;62;54;15.68;168.00
2015;C0047;1;123;1;1;4;20;2;1;41;38;14.92;140.00
2015;C0162;36;118;1;1;4;10;1.1;1;25;26;4.20;310.00
2015;C0162;35;118;1;1;4;10;1.1;1;52;48;15.30;350.00
2015;C0563;4;15;1;1;4;50;1.2;1;78;82;5.00;42.00
2015;C0563;9;41;1;1;4;30;1.1;1;28;27;6.71;222.00
2015;C0563;11;15;1;1;4;60;1.2;1;24;26;11.91;244.00
2015;C0563;12;15;1;1;4;70;1.1;1;84;79;15.55;277.00
2015;C0563;13;15;906;906;4;;;1;24;25;13.54;305.00
2015;C0563;14;15;906;906;4;;;1;24;25;13.38;296.00
2015;C0563;27;15;906;906;4;;;1;21;22;16.24;203.00
2015;C0563;28;41;906;906;4;;;1;34;32;17.32;223.00
2015;C0563;29;15;906;906;4;;;1;20;21;16.78;229.00
2015;C0563;30;41;906;906;4;;;1;27;28;15.33;232.00
2015;C0563;31;15;29;29;4;;;2;31;29;24.68;192.00
2015;C0563;34;15;906;906;4;;;1;19;21;13.73;191.00
2015;C0563;35;49;1;1;4;60;1.1;1;14;16;11.39;172.00
2015;C0563;37;15;906;906;4;;;1;25;25;17.40;172.00
2015;C0563;38;15;1;1;4;60;1.1;1;91;86;6.24;186.00
2015;C0563;39;15;1;1;4;50;1.2;2;17;16;4.06;42.00
2015;C0563;40;73;48;48;4;;;2;15;16;10.64;90.00
2015;C0563;41;15;1;1;4;50;1.1;1;61;55;9.76;115.00
2015;C0563;42;41;1;1;4;30;1.1;1;12;11;11.05;142.00
2015;C0563;43;41;1;1;4;20;1.2;1;14;12;12.20;125.00
2015;C0563;44;15;1;1;4;50;1.2;2;17;17;11.19;152.00
2015;C0563;45;15;1;1;4;60;1.2;1;18;19;11.77;257.00
2015;C0563;46;15;1;1;4;30;1.2;2;27;32;6.53;358.00
2015;C0563;47;15;1;1;4;30;1.2;2;22;26;6.30;345.00
2015;C0563;48;15;1;1;4;60;1.1;1;72;74;16.30;37.00
2015;C0563;49;15;1;1;4;60;1.2;1;50;52;13.60;63.00
2015;C0563;50;15;2;2;4;60;1.1;2;16;16;7.30;265.00
2015;C0563;51;15;2;2;4;60;1.2;2;18;19;7.60;290.00
2015;C0563;52;15;2;2;4;60;1.1;2;24;24;7.80;280.00
2015;C0563;53;15;2;2;4;50;1.1;2;19;22;8.20;279.00
2015;C0514;41;41;1;1;4;20;1.1;2;11;12;9.60;120.00
2015;C0514;40;41;1;1;4;20;1.1;1;11;10;5.08;110.00
2015;C2008;34;41;1;1;4;5;1.1;2;14;15;12.09;344.00
2015;C2008;35;29;1;1;4;5;1.1;1;13;13;4.10;296.00
2015;C2008;36;29;1;1;4;5;1.1;1;12;15;3.26;345.00
2015;C2008;37;58;29;29;4;;;2;16;16;12.38;310.00
2015;C2008;38;58;29;29;4;;;2;15;16;12.35;336.00
2015;C2008;39;29;1;1;4;5;1.2;2;15;16;8.30;3.00
2015;C2008;40;29;1;1;4;5;1.1;2;13;17;9.44;43.00
2015;C2008;41;29;1;1;4;10;1.1;1;13;16;11.84;72.00
2015;C0161;19;20;906;906;4;;;1;27;30;14.00;235.00
2015;C0161;18;20;906;906;4;;;1;24;25;15.60;225.00
2015;C0161;17;20;1;1;4;25;1.1;1;34;37;13.00;235.00
2015;C2011;22;20;906;906;4;;;1;24;25;13.98;170.00
2015;C2011;21;20;906;906;4;;;1;27;26;13.83;148.00
2015;C2011;20;20;1;1;4;35;1.1;1;28;26;10.66;124.00
2015;C2011;19;58;1;1;4;15;;2;19;18;8.53;110.00
2015;C2011;18;20;1;1;4;25;1.1;1;19;18;9.02;155.00
2015;C2011;17;58;1;1;4;10;1.1;2;21;24;8.01;95.00
2015;C0476;2;29;1;1;4;15;3;2;23;28;2.91;70.00
2015;C0475;48;49;1;1;4;25;1.2;1;24;27;9.33;352.00
2015;C0475;47;49;1;1;4;65;1.2;2;13;16;9.78;158.00
2015;C0475;46;29;1;1;4;35;2;2;13;14;8.10;280.00
2015;C0475;45;29;1;1;4;20;2;1;13;14;10.55;251.00
2015;C0475;44;29;1;1;4;25;1.2;1;12;12;9.67;220.00
2015;C0475;43;49;906;906;4;;;1;17;20;14.02;215.00
2015;C0475;42;49;1;1;4;40;1.2;1;16;19;11.93;127.00
2015;C0475;41;49;1;1;4;25;1.2;1;19;22;10.90;115.00
2015;C0475;40;29;1;1;4;20;1.2;2;13;18;11.88;102.00
2015;C0475;39;49;1;1;4;10;1.2;2;19;17;9.22;86.00
2015;C0475;38;49;1;1;4;40;1.2;2;25;24;8.61;53.00
2015;C0475;37;29;1;1;4;10;1.2;2;14;15;4.34;40.00
2015;C0475;36;29;1;1;4;25;2;2;14;14;5.38;2.00
2015;C0475;35;29;1;1;4;15;1.2;2;17;16;6.05;332.00
2015;C0475;34;29;1;1;4;20;2;1;13;13;3.91;296.00
2015;C0475;33;29;1;1;4;20;1.2;2;12;12;2.47;255.00
2015;C0475;32;49;1;1;4;20;1.2;2;26;25;6.77;50.00
2015;C0475;30;49;1;1;4;35;1.2;1;25;24;8.87;177.00
2015;C0475;29;49;1;1;4;30;1.2;1;20;22;7.18;196.00
2015;C0475;28;49;1;1;4;25;1.2;1;18;17;8.96;201.00
2015;C0475;27;49;1;1;4;35;1.2;1;24;22;11.00;202.00
2015;C0475;23;49;1;1;4;15;1.2;1;19;24;10.82;267.00
2015;C0475;22;49;1;1;4;30;1.2;1;23;28;7.48;267.00
2015;C0475;18;15;1;1;4;85;1.2;2;25;28;11.30;204.00
2015;C0475;15;29;1;1;4;20;1.2;2;13;14;7.31;123.00
2015;C0475;14;29;1;1;4;25;2;2;15;15;7.64;106.00
2015;C0056;1;118;1;1;4;10;1.1;1;35;37;0.70;235.00
2015;C0056;2;118;1;1;4;20;1.2;1;70;70;6.38;336.00
2015;C0056;3;118;1;1;4;20;2;1;91;91;6.35;333.00
2015;C0056;4;118;1;1;4;40;1.2;1;81;81;16.01;320.00
2015;C0056;6;118;1;1;4;15;2;1;86;86;12.24;135.00
2015;C0056;7;118;1;1;4;10;2;1;54;52;17.09;153.00
2015;C0056;10;118;1;1;4;5;1.1;1;51;52;15.41;165.00
2015;C0056;11;118;1;1;4;10;1.2;1;49;45;16.04;178.00
2015;C0056;14;118;1;1;4;25;1.2;1;61;60;14.75;200.00
2015;C0056;38;118;19;19;;;;1;65;65;50.00;315.00
2015;C0056;39;118;19;19;;;;1;32;37;55.00;312.00
2015;C0056;40;118;19;19;;;;1;68;68;58.00;316.00
2015;C0056;43;20;1;1;4;20;1.1;1;16;15;10.21;7.00
2015;C0056;44;20;1;1;4;10;1.1;1;17;18;5.09;65.00
2015;C0056;45;5;1;1;4;10;1.1;1;19;19;11.59;95.00
2015;C0056;46;20;1;1;4;5;1.1;1;12;13;9.48;162.00
2015;C0056;47;20;1;1;4;10;1.1;1;19;19;5.45;237.00
2015;C0056;48;20;1;1;4;10;1.1;1;21;21;11.30;238.00
2015;C0056;49;20;1;1;4;10;1.1;1;22;19;12.40;269.00
2015;C0056;50;5;1;1;4;15;1.1;1;24;27;11.14;319.00
2015;C0056;51;20;1;1;4;15;1.1;3;15;14;0.80;190.00
2015;C0056;52;20;1;1;4;10;1.1;2;14;18;3.59;93.00
2015;C0056;53;20;1;1;4;10;1.1;2;18;20;8.80;310.00
2015;C0057;2;118;1;1;4;10;2;1;57;57;1.19;17.00
2015;C0057;3;100;1;1;4;5;2;1;57;56;5.56;79.00
2015;C0057;4;118;1;1;4;5;2;1;39;42;7.42;112.00
2015;C0057;5;100;1;1;4;10;1.1;1;40;40;14.11;101.00
2015;C0057;19;100;1;1;4;10;3;1;41;41;12.93;281.00
2015;C0057;20;100;1;1;4;15;3;1;53;55;13.40;295.00
2015;C0057;21;100;1;1;4;10;2;1;50;50;15.59;329.00
2015;C0057;22;100;1;1;4;5;2;1;41;39;9.92;341.00
2015;C0057;23;118;1;1;4;5;2;1;33;34;9.03;353.00
2015;C0057;24;118;1;1;4;10;2;1;37;41;8.41;16.00
2015;C0057;31;100;1;1;4;10;1.2;1;39;40;15.46;186.00
2015;C0057;32;100;2;2;4;10;1.1;1;40;40;17.85;49.00
2015;C0057;35;100;906;906;4;;;1;33;30;17.52;195.00
2015;C0057;36;118;1;1;4;10;2;1;46;44;10.51;116.00
2015;C0057;37;100;1;1;4;5;1.1;1;27;29;12.39;5.00
2015;C0057;38;100;1;1;4;10;2;1;40;40;15.42;61.00
2015;C0057;39;100;1;1;4;10;2;1;36;34;4.23;55.00
2015;C0057;40;100;1;1;4;10;1.1;1;31;30;10.70;42.00
2015;C0057;41;118;1;1;4;5;2;1;37;41;7.40;92.00
2015;C0057;42;118;1;1;4;15;1.2;1;33;34;11.23;108.00
2015;C0057;44;100;1;1;4;10;1.1;1;28;29;11.63;33.00
2015;C0057;45;100;1;1;4;10;2;1;48;43;13.37;82.00
2015;C0069;4;116;1;1;4;25;1.1;1;38;40;6.46;359.00
2015;C0730;3;20;1;1;4;15;1.1;1;45;45;5.00;325.00
2015;C2025;2;49;1;1;4;20;1.1;1;37;34;7.72;73.00
2015;C2025;1;46;1;1;4;20;1.1;2;20;20;1.50;116.00
2015;C0730;36;20;1;1;4;10;1.1;1;35;38;12.50;341.00
2015;C0662;46;29;1;1;4;5;1.1;1;16;18;4.91;139.00
2015;C0662;47;29;1;1;4;25;1.1;2;13;12;8.61;139.00
2015;C0788;21;49;906;906;4;;;1;24;23;17.92;3.00
2015;C0788;17;41;906;906;4;;;1;25;21;15.84;20.00
2015;C0788;26;41;906;906;4;;;1;23;20;13.87;151.00
2015;C0788;11;41;906;906;4;;;1;28;24;15.56;240.00
2015;C0788;28;41;906;906;4;;;1;18;17;13.77;261.00
2015;C0788;29;41;906;906;4;;;1;18;17;13.77;267.00
2015;C0788;12;41;906;906;4;;;1;31;28;15.52;268.00
2015;C0788;30;41;906;906;4;;;1;17;16;14.13;283.00
2015;C0788;15;41;906;906;4;;;1;24;19;14.06;335.00
2015;C0788;20;41;906;906;4;;;1;20;18;15.76;338.00
2015;C0788;36;41;1;1;4;5;1.1;2;11;10;6.10;110.00
2015;C0132;45;20;1;1;4;35;1.1;1;25;26;5.40;80.00
2015;C0132;44;20;1;1;4;20;1.1;1;24;26;8.20;95.00
2015;C0132;43;20;1;1;4;30;1.1;1;22;22;4.71;146.00
2015;C0132;42;20;1;1;4;25;1.1;1;23;25;9.55;160.00
2015;C0132;41;20;1;1;4;20;1.1;1;23;22;10.89;163.00
2015;C0132;40;20;1;1;4;25;;1;25;25;10.22;180.00
2015;C0132;37;20;1;1;4;20;;1;19;17;1.00;211.00
2015;C0132;38;20;1;1;4;25;1.1;1;26;26;5.95;192.00
2015;C0132;39;20;1;1;4;35;1.1;1;30;26;5.80;213.00
2015;C0132;32;20;906;906;4;;;1;26;25;15.71;163.00
2015;C0132;30;20;1;1;4;20;;1;40;44;13.05;234.00
2015;C0132;28;20;906;906;4;;;1;33;36;15.56;272.00
2015;C0132;26;20;906;906;4;;;1;28;28;13.67;277.00
2015;C0132;25;20;1;1;4;20;;1;21;18;6.13;269.00
2015;C0132;22;20;906;906;4;;;1;36;39;14.22;310.00
2015;C0132;23;20;1;1;4;25;1.1;1;26;26;10.00;285.00
2015;C0132;24;20;1;1;4;20;1.1;1;30;31;8.39;271.00
2015;C0132;21;20;906;906;4;;;1;17;21;14.00;315.00
2015;C0132;19;20;906;906;4;;;1;23;23;14.97;318.00
2015;C0132;18;20;1;1;4;20;;1;23;22;5.34;22.00
2015;C0132;17;20;1;1;4;30;;1;34;34;7.09;320.00
2015;C0132;16;20;1;1;4;40;1.1;1;33;30;11.95;320.00
2015;C0132;14;20;906;906;4;;;1;32;31;13.71;335.00
2015;C0132;12;20;906;906;4;;;1;30;33;15.77;347.00
2015;C0132;11;20;906;906;4;;;2;25;27;15.35;22.00
2015;C0132;10;20;1;1;4;20;1.1;1;26;26;10.85;16.00
2015;C0132;5;20;906;906;4;;;1;23;22;16.31;88.00
2015;C0132;2;20;1;1;4;25;1.1;1;29;30;5.65;115.00
2015;C0132;1;20;1;1;4;20;1.1;1;28;29;8.26;120.00
2015;C0131;49;72;1;1;4;20;1.1;1;12;12;3.42;214.00
2015;C0131;47;29;1;1;4;35;1.1;1;22;25;10.66;18.00
2015;C0131;46;68;1;1;4;40;1.1;1;21;22;10.68;10.00
2015;C0131;45;118;1;1;4;10;1.1;1;11;11;11.33;136.00
2015;C0131;44;116;1;1;4;10;1.1;1;15;15;12.23;110.00
2015;C0131;43;116;1;1;4;15;1.1;1;10;11;2.11;239.00
2015;C0131;31;68;906;906;4;;;1;31;32;17.40;118.00
2015;C0131;38;116;1;1;4;20;2;1;22;24;5.78;120.00
2015;C0131;29;70;1;1;4;40;1.1;1;36;45;9.55;35.00
2015;C0131;28;29;1;1;4;40;;1;25;24;10.36;53.00
2015;C0131;27;68;1;1;4;70;;1;27;26;12.06;65.00
2015;C0131;25;116;906;906;4;;;1;22;23;16.43;120.00
2015;C0131;26;68;906;906;4;;;1;21;29;14.47;86.00
2015;C0131;24;116;906;906;4;;;1;25;26;15.47;122.00
2015;C0131;22;116;906;906;4;;;1;24;25;13.01;115.00
2015;C0131;19;116;1;1;4;35;1.2;1;18;18;7.58;146.00
2015;C0131;17;68;1;1;4;75;1.1;1;35;33;12.51;160.00
2015;C0131;15;68;1;1;4;70;2;1;33;31;6.59;315.00
2015;C0131;16;68;1;1;4;60;1.1;1;40;42;11.46;166.00
2015;C0131;14;5;1;1;4;25;2;1;29;27;9.23;350.00
2015;C0131;13;68;1;1;4;50;1.1;1;23;23;7.30;353.00
2015;C0131;12;68;1;1;4;50;1.1;1;29;31;6.27;355.00
2015;C0131;10;29;1;1;4;30;1.1;1;24;26;4.90;35.00
2015;C0131;9;48;1;1;4;15;1.1;1;17;19;7.99;48.00
2015;C0131;8;68;1;1;4;70;1.1;2;24;27;4.17;120.00
2015;C0788;19;41;1;1;4;10;1.1;1;28;24;12.57;65.00
2015;C0788;38;41;1;1;4;20;1.1;1;10;10;6.50;212.00
2015;C0132;8;20;1;1;4;35;1.1;1;40;38;10.15;40.00
2015;C0131;4;68;1;1;4;70;1.1;2;24;26;5.34;76.00
2015;C0131;2;116;1;1;4;30;1.1;1;20;21;6.31;160.00
2015;C0131;1;116;1;1;4;90;1.1;1;25;25;3.09;190.00
2015;C0174;1;116;1;1;4;10;3;1;56;56;5.60;105.00
2015;C0174;2;134;1;1;4;25;1.2;1;43;45;6.90;180.00
2015;C0174;3;134;1;1;4;15;2;1;45;50;12.90;193.00
2015;C0174;5;116;1;1;4;5;3;1;36;37;12.30;255.00
2015;C0174;6;116;1;1;4;5;3;1;38;39;12.80;255.00
2015;C0174;9;116;1;1;4;5;1.2;1;19;19;10.90;304.00
2015;C0174;11;116;1;1;4;10;2;1;33;33;8.00;60.00
2015;C0174;12;116;1;1;4;10;2;1;45;39;7.30;60.00
2015;C0174;13;116;906;906;4;;;1;39;38;15.80;210.00
2015;C0174;14;116;906;906;4;;;1;37;32;15.80;210.00
2015;C0174;15;116;1;1;4;20;3;1;43;44;16.50;210.00
2015;C0174;17;116;906;906;4;;;1;25;26;15.70;237.00
2015;C0174;18;116;1;1;4;5;3;1;51;50;16.00;10.00
2015;C0174;19;116;906;906;4;;;1;38;36;18.00;19.00
2015;C0174;20;116;1;1;4;10;3;1;48;46;15.70;37.00
2015;C0174;31;116;906;906;4;;;1;27;31;15.50;252.00
2015;C0174;36;116;1;1;4;15;1.2;1;29;33;9.90;300.00
2015;C0174;37;134;1;1;4;5;3;1;42;42;12.70;227.00
2015;C0174;38;134;1;1;4;5;3;1;20;20;12.20;190.00
2015;C0174;39;134;1;1;4;20;1.2;1;20;19;12.10;140.00
2015;C0174;40;116;23;23;;;;1;22;22;4.40;97.00
2015;C0174;41;134;1;1;4;5;1.2;1;11;12;4.60;270.00
2015;C2062;2;134;1;1;4;20;1.2;1;19;21;4.80;192.00
2015;C2062;3;134;1;1;4;35;1.1;1;20;21;5.10;223.00
2015;C2062;4;134;1;1;4;45;1.1;1;37;39;9.00;245.00
2015;C2062;5;134;1;1;4;30;1.1;1;29;29;9.40;245.00
2015;C2062;6;134;1;1;4;20;1.1;1;24;24;6.50;288.00
2015;C2062;7;134;1;1;4;30;1.1;1;22;24;9.30;316.00
2015;C2062;8;134;1;1;4;20;1.2;1;29;29;12.00;317.00
2015;C2062;9;134;1;1;4;45;2;1;20;21;9.00;346.00
2015;C2062;11;134;1;1;4;40;1.2;1;42;38;12.60;20.00
2015;C2062;12;134;1;1;4;50;1.2;1;35;36;12.50;23.00
2015;C2062;13;134;1;1;4;40;1.2;1;36;38;7.40;40.00
2015;C2062;14;134;1;1;4;40;1.2;1;27;26;5.40;0.00
2015;C2062;15;134;1;1;4;20;1.1;1;19;20;4.30;60.00
2015;C2062;16;134;1;1;4;30;1.1;1;28;29;5.90;110.00
2015;C2062;17;134;1;1;4;35;1.2;1;34;36;6.60;110.00
2015;C2062;18;134;1;1;4;35;1.1;1;26;28;7.60;85.00
2015;C2062;19;134;1;1;4;35;1.2;1;21;23;11.40;72.00
2015;C2062;20;134;906;906;4;;;1;35;37;14.70;65.00
2015;C2062;31;134;906;906;4;;;1;25;23;17.70;318.00
2015;C2062;32;134;906;906;4;;;1;23;23;16.80;307.00
2015;C2062;33;134;29;29;4;;;1;37;38;19.00;307.00
2015;C2062;34;134;1;1;4;35;1.1;1;12;10;3.20;170.00
2015;C2062;35;63;1;1;4;15;1.2;1;14;15;5.30;170.00
2015;C2063;1;116;1;1;4;10;2;2;33;35;8.60;225.00
2015;C2063;2;116;1;1;4;25;2;1;41;39;4.40;237.00
2015;C2063;3;116;1;1;4;15;2;1;22;23;3.50;255.00
2015;C2063;4;116;1;1;4;15;2;1;32;32;11.30;340.00
2015;C2063;5;116;1;1;4;15;2;1;17;17;4.50;68.00
2015;C2063;6;116;1;1;4;25;1.2;1;46;48;9.00;40.00
2015;C2063;7;116;1;1;4;25;2;1;30;33;8.80;32.00
2015;C2063;8;116;1;1;4;25;2;1;32;36;12.40;40.00
2015;C2063;15;116;1;1;4;15;2;1;40;39;14.60;100.00
2015;C2063;16;116;906;906;4;;;1;35;40;15.00;120.00
2015;C2063;17;116;906;906;4;;;1;24;27;17.40;145.00
2015;C2063;19;116;906;906;4;;;1;42;36;13.20;168.00
2015;C2063;20;116;1;1;4;15;2;1;58;80;13.00;180.00
2015;C2063;21;116;1;1;4;10;2;1;22;24;4.40;330.00
2015;C2064;1;116;1;1;4;20;1.2;1;18;18;1.10;180.00
2015;C2064;2;116;1;1;4;15;2;1;33;35;5.90;322.00
2015;C2064;3;116;1;1;4;20;1.2;1;34;32;11.40;25.00
2015;C2064;4;116;1;1;4;5;1.2;1;32;32;8.30;42.00
2015;C2064;5;118;1;1;4;35;1.2;1;44;42;5.30;63.00
2015;C2064;6;116;1;1;4;20;2;1;34;34;6.60;97.00
2015;C2064;7;116;1;1;4;10;1.2;1;24;24;7.30;101.00
2015;C2064;8;116;1;1;4;15;1.2;1;35;33;12.50;119.00
2015;C2064;9;116;906;906;4;;;1;20;19;14.70;98.00
2015;C2064;10;116;906;906;4;;;1;21;21;15.20;87.00
2015;C2064;11;116;906;906;4;;;1;31;29;16.20;95.00
2015;C2064;19;116;1;1;4;20;2;1;49;50;14.80;212.00
2015;C2064;20;116;1;1;4;15;2;1;42;45;12.50;248.00
2015;C2064;21;118;1;1;4;25;1.1;1;15;15;10.50;210.00
2015;C2064;22;116;1;1;4;15;1.2;1;16;16;8.80;275.00
2015;C2065;1;15;1;1;4;50;1.2;2;28;22;4.00;312.00
2015;C2065;2;15;906;906;4;;;3;32;29;13.20;340.00
2015;C2065;3;15;1;1;4;55;1.2;3;20;18;9.60;221.00
2015;C2065;5;15;906;906;4;;;2;22;22;13.50;194.00
2015;C2065;6;15;29;29;;;;2;8;7;17.00;221.00
2015;C2065;7;15;906;906;4;;;3;24;32;16.00;242.00
2015;C2065;8;15;906;906;4;;;3;20;20;16.00;250.00
2015;C2065;9;15;29;29;;;;2;16;15;15.50;263.00
2015;C2065;10;15;906;906;4;;;2;38;36;17.00;265.00
2015;C2065;11;63;1;1;4;99;1.1;2;13;12;12.20;270.00
2015;C2065;12;15;906;906;4;;;2;27;27;17.00;321.00
2015;C2065;14;15;906;906;4;;;3;19;20;17.40;70.00
2015;C2065;15;15;906;906;4;;;3;24;24;17.60;80.00
2015;C2065;16;15;906;906;4;;;2;22;22;16.50;89.00
2015;C2065;17;15;906;906;4;;;2;26;26;15.20;89.00
2015;C2065;31;15;906;906;4;;;2;15;16;15.30;110.00
2015;C2065;32;10;1;1;4;15;1.1;1;12;11;7.60;95.00
2015;C2065;33;10;1;1;4;10;1.1;1;15;14;9.00;69.00
2015;C2065;34;10;1;1;4;10;1.1;1;14;12;10.10;60.00
2015;C2065;35;10;1;1;4;5;1.1;1;14;12;9.20;90.00
2015;C2065;36;10;1;1;4;15;1.1;1;16;15;1.90;220.00
2015;C2065;37;10;1;1;4;30;1.1;1;11;11;9.60;179.00
2015;C2065;38;15;1;1;4;25;2;1;19;19;8.50;190.00
2015;C2065;39;15;1;1;4;20;1.2;1;20;19;12.10;0.00
2015;C2065;40;35;1;1;4;20;1.1;3;20;19;7.60;22.00
2015;C2065;41;10;1;1;4;5;1.1;1;17;15;6.20;27.00
2015;C2065;42;10;1;1;4;5;1.1;1;11;9;9.70;129.00
2015;C2065;43;10;1;1;4;25;1.1;1;10;10;8.90;183.00
2015;C2065;44;10;2;2;4;5;1.1;1;16;18;4.20;22.00
2015;C2054;41;129;1;1;4;10;1.2;1;36;36;12.19;75.00
2015;C2054;56;49;1;1;4;35;1.1;1;26;26;6.25;77.00
2015;C2054;60;129;1;1;4;15;1.2;1;43;44;17.37;82.00
2015;C2054;58;49;1;1;4;30;1.1;1;29;29;3.28;97.00
2015;C2054;39;35;1;1;4;35;1.1;2;12;14;10.28;102.00
2015;C2054;31;129;1;1;4;10;1.2;1;35;33;8.26;110.00
2015;C2010;8;41;1;1;4;15;1.1;2;14;14;6.74;291.00
2015;C2010;7;41;1;1;4;20;1.1;2;19;19;5.48;268.00
2015;C2010;6;41;1;1;4;15;;2;23;23;7.51;263.00
2015;C2010;5;41;1;1;4;10;1.1;2;18;19;6.56;241.00
2015;C2010;4;41;1;1;4;5;1.1;2;21;23;4.03;207.00
2015;C2010;3;41;1;1;4;25;1.1;1;15;16;4.54;174.00
2015;C2010;1;41;1;1;4;15;1.1;2;15;16;1.12;207.00
2015;C0662;76;49;1;1;4;60;1.1;1;11;11;12.71;291.00
2015;C0662;77;29;1;29;4;;;2;18;19;9.30;314.00
2015;C0662;78;29;1;29;4;;;2;13;12;5.02;315.00
2015;C0662;79;29;1;29;4;;;2;15;14;6.02;317.00
2015;C0662;80;29;1;1;4;10;2;2;19;18;9.28;317.00
2015;C0662;81;29;1;29;4;;;2;12;14;5.69;321.00
2015;C0662;85;49;1;1;4;25;2;3;26;28;6.11;325.00
2015;C0662;83;29;1;1;4;10;2;2;15;16;5.70;326.00
2015;C0602;53;56;1;1;4;10;1.1;1;18;18;5.05;331.00
2015;C0602;54;68;1;1;4;30;3;1;11;11;12.17;338.00
2015;C0601;39;29;1;1;4;10;1.2;2;10;10;6.00;335.00
2015;C0601;62;49;1;1;4;5;1.1;1;11;11;8.06;354.00
2015;C0663;37;20;1;1;4;5;1.1;1;45;47;16.73;300.00
2015;C0663;66;20;1;1;4;30;1.1;1;12;13;12.27;307.00
2015;C0663;35;20;1;1;4;15;1.1;2;17;19;3.43;327.00
2015;C0663;68;20;1;23;4;;;2;10;11;10.02;330.00
2015;C0663;69;20;1;23;4;;;2;10;10;10.98;345.00
2015;C0663;70;20;1;23;4;;;1;14;14;6.87;355.00
2015;C0613;26;41;906;906;4;;;1;27;24;13.40;185.00
2015;C0613;28;48;906;906;4;;;1;23;22;16.60;234.00
2015;C0613;14;41;906;906;4;;;1;25;23;14.00;260.00
2015;C0613;18;41;906;906;4;;;1;24;24;14.60;313.00
2015;C2020;35;46;906;906;4;;;1;13;11;99.00;0.00
2015;C2020;34;46;1;1;4;35;1.1;2;10;12;11.17;211.00
2015;C2020;33;46;1;1;4;40;1.1;2;14;14;10.90;213.00
2015;C2020;32;46;1;1;4;30;1.1;1;15;16;9.50;209.00
2015;C2020;31;46;1;1;4;20;1.1;1;19;19;10.14;227.00
2015;C2020;30;46;1;1;4;25;1.1;1;19;16;8.09;243.00
2015;C2020;28;46;1;1;4;20;1.1;1;12;13;11.18;262.00
2015;C2020;29;46;1;1;4;20;1.1;1;14;14;11.44;230.00
2015;C2020;27;46;1;1;4;30;1.1;1;19;20;8.00;277.00
2015;C2020;26;46;1;1;4;20;1.1;1;19;19;7.04;257.00
2015;C2020;22;46;906;906;4;;;1;13;14;99.00;30.00
2015;C2020;21;46;1;1;4;20;1.1;1;15;16;10.81;182.00
2015;C2020;18;46;1;1;4;25;1.1;1;18;19;5.02;267.00
2015;C2020;20;46;1;1;4;30;1.1;1;20;17;6.75;193.00
2015;C0568;12;3;906;906;4;;;3;20;21;17.01;103.00
2015;C0568;44;3;2;2;4;10;1.1;3;27;28;10.35;45.00
2015;C0568;11;29;906;906;4;;;3;28;30;17.67;116.00
2015;C0568;10;29;906;906;4;;;3;20;22;14.90;113.00
2015;C0568;14;3;906;906;4;;;2;17;16;17.47;171.00
2015;C0568;39;23;23;23;4;;;2;14;16;12.40;176.00
2015;C0568;42;3;1;1;4;5;1.1;1;23;22;8.42;82.00
2015;C0568;43;5;1;1;4;10;1.1;3;19;17;5.57;117.00
2015;C0568;3;29;1;1;4;0;1.1;3;15;17;4.48;80.00
2015;C0568;21;29;1;1;4;15;1.2;2;25;24;2.68;96.00
2015;C0568;2;29;1;1;4;0;1.1;2;21;19;2.04;101.00
2015;C0568;8;29;1;1;4;5;1.1;3;19;18;9.28;114.00
2015;C0568;27;29;1;1;4;10;1.1;3;14;14;12.86;123.00
2015;C0568;9;3;1;1;4;15;1.1;2;21;24;7.62;130.00
2015;C2045;7;5;1;1;4;20;1.2;1;22;20;8.81;343.00
2015;C2045;6;49;1;1;4;35;1.1;1;30;25;10.20;333.00
2015;C2045;5;49;1;1;4;25;1.1;1;16;15;6.28;331.00
2015;C2045;3;49;1;1;4;25;1.1;1;18;17;9.60;310.00
2015;C2045;39;49;1;1;4;30;1.1;1;27;27;3.43;297.00
2015;C2045;36;29;1;1;4;30;1.2;2;17;16;10.94;295.00
2015;C2045;37;49;1;1;4;40;1.1;1;14;16;7.15;275.00
2015;C2045;15;49;1;1;4;40;1.1;1;83;83;12.15;226.00
2015;C2045;38;5;1;1;4;25;1.1;2;19;20;12.78;203.00
2015;C2045;9;29;1;1;4;35;1.1;2;17;15;5.20;162.00
2015;C2045;10;49;1;1;4;20;1.2;1;18;17;6.48;139.00
2015;C2045;24;5;1;1;4;10;1.1;1;17;18;12.50;130.00
2015;C2045;21;49;1;1;4;25;1.2;1;31;29;11.16;116.00
2015;C2045;20;49;1;1;4;40;2;1;19;17;7.88;94.00
2015;C2045;18;23;1;1;4;15;1.2;1;25;20;4.33;88.00
2015;C2045;33;29;1;1;4;40;1.2;2;15;14;12.85;60.00
2015;C2045;17;5;1;1;4;30;1.1;1;18;19;10.55;38.00
2015;C2045;8;49;1;1;4;20;1.1;1;25;22;5.66;26.00
2015;C2045;34;29;1;1;4;30;1.2;2;14;13;10.63;25.00
2015;C2045;35;5;1;1;4;25;1.1;1;13;12;8.21;5.00
2015;C2045;40;5;1;1;4;5;1.1;2;13;12;8.50;45.00
2015;C2045;1;29;19;19;4;;;1;27;27;3.43;297.00
2015;C2045;4;41;906;906;4;;;1;23;20;13.07;320.00
2015;C2045;32;49;906;906;4;;;1;38;40;14.71;297.00
2015;C2045;22;5;906;906;4;;;1;19;18;14.58;113.00
2015;C0568;5;29;1;1;4;5;1.1;3;17;15;5.01;135.00
2015;C0568;7;3;1;1;4;10;1.1;2;29;25;7.79;158.00
2015;C0568;35;29;1;1;4;15;1.1;2;14;14;8.17;219.00
2015;C0568;34;29;1;1;4;5;1.1;2;13;13;6.39;218.00
2015;C2054;38;129;1;1;4;30;1.1;1;14;14;10.82;112.00
2015;C2054;61;129;1;1;4;15;1.2;1;40;40;14.40;117.00
2015;C2054;12;129;1;1;4;15;1.2;1;17;17;12.19;124.00
2015;C2054;11;129;1;1;4;10;2;1;23;24;7.38;155.00
2015;C2054;10;129;1;1;4;10;2;1;20;21;6.74;165.00
2015;C2054;33;35;1;1;4;15;1.1;2;34;32;12.10;165.00
2015;C2054;9;129;1;1;4;5;2;1;26;27;5.62;183.00
2015;C2054;8;129;1;1;4;10;2;1;31;33;5.29;198.00
2015;C2054;37;35;1;1;4;15;1.1;2;32;32;12.90;227.00
2015;C2054;5;129;1;1;4;10;2;1;30;30;1.77;230.00
2015;C2054;7;129;1;1;4;10;2;1;23;23;7.90;241.00
2015;C2054;6;129;1;1;4;10;2;1;27;27;4.76;263.00
2015;C2054;40;129;1;1;4;20;1.2;1;22;21;11.93;265.00
2015;C2054;59;35;1;1;4;15;1.1;1;40;41;14.00;272.00
2015;C2054;51;49;1;1;4;15;1.2;1;28;29;7.31;310.00
2015;C2054;50;35;1;1;4;15;1.1;1;18;19;8.21;320.00
2015;C2054;49;129;1;1;4;40;1.1;1;13;13;6.99;337.00
2015;C2054;48;35;1;1;4;15;1.1;1;20;22;9.00;347.00
2015;C2054;52;129;1;1;4;15;1.2;1;29;29;6.02;355.00
2015;C2054;1;129;1;1;4;15;2;1;25;25;1.17;357.00
2015;C1049;29;6;906;906;4;;;2;38;38;13.67;299.00
2015;C1049;15;6;29;29;4;;;1;33;38;99.00;0.00
2015;C1049;7;15;29;29;4;;;1;50;48;99.00;10.00
2015;C1049;35;6;29;29;4;;;1;32;32;9.58;105.00
2015;C1049;52;118;1;1;4;5;1.2;1;15;14;12.58;33.00
2015;C1049;51;118;1;1;4;20;1.2;1;21;20;12.28;51.00
2015;C1049;50;6;1;1;4;10;1.2;2;23;23;12.02;60.00
2015;C1049;49;118;1;1;4;15;1.2;1;19;17;10.40;72.00
2015;C1049;48;100;1;1;4;15;1.2;1;65;70;15.30;82.00
2015;C1049;47;6;1;1;4;20;1.2;1;23;21;12.77;83.00
2015;C1049;45;6;1;1;4;15;1.2;1;18;18;12.07;94.00
2015;C1049;44;6;1;1;4;20;1.2;2;15;16;12.20;105.00
2015;C1049;1;6;1;1;4;20;1.2;1;46;47;1.43;107.00
2015;C1049;43;100;1;1;4;10;1.2;1;56;51;14.48;112.00
2015;C1049;46;6;1;1;4;15;1.2;1;32;33;9.80;114.00
2015;C1049;42;6;1;1;4;35;1.2;1;30;28;12.27;132.00
2015;C1049;41;118;1;1;4;10;1.2;1;15;15;7.75;142.00
2015;C1049;40;6;1;1;4;20;1.2;1;29;31;7.85;158.00
2015;C1049;39;6;1;1;4;15;1.2;1;31;30;12.49;165.00
2015;C1049;37;129;1;1;4;10;1.2;1;27;25;11.78;187.00
2015;C1049;36;129;1;1;4;10;1.2;1;38;40;10.99;188.00
2015;C1049;38;129;1;1;4;5;1.2;1;55;56;13.30;190.00
2015;C1049;3;6;1;1;4;25;1.2;1;39;43;11.03;330.00
2015;C1049;2;6;1;1;4;20;1.2;1;49;47;9.35;359.00
2015;C1024;24;41;906;906;4;;;3;22;19;14.85;42.00
2015;C1024;23;41;906;906;4;;;3;28;26;17.40;57.00
2015;C1024;2;41;906;906;4;;;3;28;26;15.20;66.00
2015;C1024;22;41;906;906;4;;;3;29;27;15.50;82.00
2015;C1024;12;41;906;906;4;;;3;26;25;15.41;289.00
2015;C1024;11;41;906;906;4;;;3;30;29;15.20;334.00
2015;C1024;27;41;29;29;4;;;3;28;25;99.00;0.00
2015;C1024;28;15;29;29;4;;;3;20;21;99.00;10.00
2015;C1024;29;41;29;29;4;;;3;31;30;99.00;20.00
2015;C1024;30;41;29;29;4;;;3;35;38;99.00;30.00
2015;C1024;8;41;29;29;4;;;3;22;25;99.00;40.00
2015;C1024;34;41;1;1;4;25;1.2;1;11;12;9.99;15.00
2015;C1024;3;41;1;1;4;25;1.2;3;31;27;10.33;33.00
2015;C1024;18;41;1;1;4;25;1.2;3;28;28;5.70;47.00
2015;C1024;21;41;1;1;4;30;1.2;3;19;21;11.46;80.00
2015;C1024;46;41;1;1;4;30;1.2;1;12;12;11.15;112.00
2015;C1024;20;41;1;1;4;20;1.2;3;28;27;7.80;118.00
2015;C1024;45;41;1;1;4;30;1.2;1;15;15;12.12;126.00
2015;C1024;19;41;1;1;4;25;1.2;3;26;24;3.97;135.00
2015;C1024;1;41;1;1;4;25;1.2;3;30;28;1.18;150.00
2015;C1024;44;6;1;1;4;45;1.1;2;10;10;11.85;173.00
2015;C1024;41;15;1;1;4;40;1.1;2;10;11;11.85;207.00
2015;C1024;42;41;1;1;4;50;1.2;2;18;17;8.20;212.00
2015;C1024;43;41;1;1;4;30;1.2;2;12;13;5.40;216.00
2015;C1024;40;6;1;1;4;50;1.1;2;11;12;12.12;235.00
2015;C1024;13;41;1;1;4;25;1.2;3;32;32;5.40;250.00
2015;C1024;39;41;1;1;4;30;1.2;2;17;18;12.52;276.00
2015;C1024;38;41;1;1;4;25;1.2;2;12;12;11.87;285.00
2015;C1024;14;41;1;1;4;25;1.2;3;31;31;3.75;302.00
2015;C1024;37;41;1;1;4;25;1.2;2;12;12;12.55;304.00
2015;C1024;36;41;1;1;4;30;1.2;2;13;13;11.50;310.00
2015;C1024;15;41;1;1;4;30;1.2;3;27;27;4.90;318.00
2015;C1024;35;41;1;1;4;30;1.2;2;14;14;10.67;320.00
2015;C1024;31;41;1;1;4;25;1.2;3;19;18;12.38;332.00
2015;C1024;33;41;1;1;4;30;1.2;1;12;12;2.54;340.00
2015;C1024;16;41;1;1;4;30;1.2;3;26;25;7.75;355.00
2015;C1024;17;41;1;1;4;25;1.2;3;27;25;11.39;358.00
2015;C0100;12;118;1;1;4;10;1.1;1;35;37;5.60;75.00
2015;C0100;11;118;1;1;4;10;1.1;1;39;40;7.60;79.00
2015;C0100;10;118;1;1;4;10;1.1;1;50;48;8.28;55.00
2015;C2027;40;49;1;1;4;30;1.1;3;14;16;6.58;322.00
2015;C2027;39;49;18;18;4;;;1;15;14;10.00;115.00
2015;C2027;38;49;23;23;4;;;1;11;11;9.00;115.00
2015;C2027;37;49;29;29;4;;;1;11;11;10.50;145.00
2015;C2027;36;46;19;19;4;;;1;12;12;10.00;150.00
2015;C2027;35;49;1;1;4;20;1.1;1;14;13;6.00;195.00
2015;C2027;34;49;1;1;4;25;1.1;1;11;11;4.00;180.00
2015;C2027;33;49;1;1;4;25;1.1;1;12;11;7.25;295.00
2015;C2027;28;49;1;1;4;35;1.1;1;20;18;12.80;110.00
2015;C2027;24;49;906;906;4;;;1;18;15;18.00;336.00
2015;C2027;23;49;1;1;4;20;1.1;1;16;17;8.19;30.00
2015;C2027;21;49;906;906;4;;;1;16;14;15.20;300.00
2015;C2027;17;49;906;906;4;;;1;17;16;15.80;213.00
2015;C2027;15;49;906;906;4;;;1;15;14;14.80;217.00
2015;C2027;14;49;1;1;4;25;1.1;1;20;21;9.30;165.00
2015;C2027;12;49;906;906;4;;;1;13;14;13.55;202.00
2015;C2027;9;49;1;1;4;25;1.1;1;18;23;4.30;85.00
2015;C2027;8;49;1;1;4;35;1.1;1;19;18;9.22;197.00
2015;C2027;7;49;1;1;4;20;1.1;1;15;16;10.54;327.00
2015;C2027;6;49;906;906;4;;;1;16;16;14.08;274.00
2015;C2027;5;49;1;1;4;15;1.1;1;19;19;2.10;101.00
2015;C0901;13;49;906;906;4;;;1;29;28;15.40;54.00
2015;C0901;31;49;2;2;4;15;1.1;1;21;25;12.47;100.00
2015;C0901;32;41;2;2;4;10;1.1;1;14;13;5.28;190.00
2015;C0901;33;29;2;2;4;20;1.1;2;12;14;9.35;210.00
2015;C0901;34;49;2;2;4;25;1.1;1;25;26;9.00;225.00
2015;C0901;35;49;2;2;4;15;1.1;1;27;26;11.41;305.00
2015;C2027;1;49;1;1;4;30;1.1;3;22;21;4.70;255.00
2015;C2027;2;49;1;1;4;30;1.1;1;16;14;7.04;254.00
2015;C2027;4;49;1;1;4;25;1.1;2;16;16;10.08;286.00
2015;C1012;69;15;1;1;4;50;1.1;2;12;12;9.82;355.00
2015;C1012;63;15;1;1;4;55;1.1;2;14;15;4.93;350.00
2015;C1012;62;15;1;1;4;60;1.1;2;14;16;5.78;341.00
2015;C1012;60;15;1;1;4;90;1.1;2;12;12;10.13;338.00
2015;C1012;61;15;1;1;4;60;1.1;2;12;13;7.45;333.00
2015;C1012;59;15;1;1;4;75;1.1;2;12;14;12.17;320.00
2015;C1012;58;15;1;1;4;60;1.1;2;19;19;10.40;320.00
2015;C1012;57;15;1;1;4;55;1.1;2;14;14;7.13;305.00
2015;C1012;56;15;1;1;4;45;1.2;2;18;19;10.15;295.00
2015;C1012;55;15;1;1;4;80;1.1;2;19;19;12.50;280.00
2015;C1012;54;15;1;1;4;65;1.1;2;16;16;11.65;263.00
2015;C1012;53;15;1;1;4;65;1.1;2;16;17;6.72;250.00
2015;C1012;51;15;1;1;4;70;1.1;2;16;16;9.13;236.00
2015;C1012;52;15;1;1;4;90;1.1;2;20;20;3.82;236.00
2015;C1012;50;15;1;1;4;85;1.1;2;16;16;10.29;224.00
2015;C1012;49;15;1;1;4;60;1.1;2;18;18;9.06;210.00
2015;C1012;48;15;1;1;4;70;1.1;2;18;18;10.83;190.00
2015;C1012;47;15;1;1;4;80;1.1;2;19;18;10.60;174.00
2015;C1012;45;15;1;1;4;65;1.1;2;15;16;7.90;163.00
2015;C1012;46;15;1;1;4;90;1.1;2;12;13;11.90;154.00
2015;C1012;43;15;1;1;4;60;1.1;2;12;12;8.28;147.00
2015;C1012;44;15;1;1;4;95;1.1;2;12;14;8.85;144.00
2015;C1012;40;15;1;1;4;30;1.1;2;16;17;7.27;125.00
2015;C1012;38;15;1;1;4;40;1.1;2;15;15;10.44;122.00
2015;C1012;1;15;1;1;4;70;1.2;3;19;19;0.97;121.00
2015;C1012;42;15;1;1;4;95;1.1;2;11;12;5.40;112.00
2015;C1012;41;15;1;1;4;80;1.1;2;10;10;6.56;110.00
2015;C1012;32;15;1;1;4;65;1.2;2;16;16;2.25;110.00
2015;C1012;39;15;1;1;4;35;1.1;2;11;11;9.06;108.00
2015;C1012;36;15;1;1;4;40;1.1;2;11;11;7.98;97.00
2015;C1012;37;15;1;1;4;45;1.1;2;15;16;11.88;90.00
2015;C1012;35;15;1;1;4;50;1.2;2;14;13;7.56;84.00
2015;C1012;34;15;1;1;4;60;1.1;2;11;12;10.40;72.00
2015;C1012;33;15;1;1;4;70;1.1;2;17;15;6.78;72.00
2015;C1012;65;15;1;1;4;70;1.1;2;16;15;11.45;54.00
2015;C1012;66;15;1;1;4;70;1.1;2;16;15;11.52;38.00
2015;C1012;64;15;1;1;4;55;1.1;2;13;13;4.25;28.00
2015;C1012;67;15;1;1;4;60;1.1;2;14;14;9.46;20.00
2015;C1012;68;15;1;1;4;50;1.1;2;14;14;11.53;3.00
2015;C1012;5;15;29;29;4;;;3;24;23;18.98;287.00
2015;C1012;9;15;29;29;4;;;3;16;15;99.00;150.00
2015;C1012;8;15;29;29;4;;;3;20;19;99.00;140.00
2015;C1012;7;15;29;29;4;;;3;18;16;99.00;130.00
2015;C1012;6;15;29;29;4;;;3;21;18;99.00;120.00
2015;C1012;31;15;29;29;4;;;3;20;19;99.00;110.00
2015;C1012;3;15;29;29;4;;;3;24;22;99.00;100.00
2015;C1012;23;15;29;29;4;;;3;19;19;99.00;90.00
2015;C1012;20;15;29;29;4;;;3;19;18;99.00;80.00
2015;C1012;19;15;29;29;4;;;3;26;23;99.00;70.00
2015;C1012;17;15;29;29;4;;;3;19;18;99.00;60.00
2015;C1012;16;15;29;29;4;;;3;22;20;99.00;50.00
2015;C1012;15;15;29;29;4;;;3;25;22;99.00;40.00
2015;C1012;14;15;29;29;4;;;3;23;21;99.00;30.00
2015;C1012;13;15;29;29;4;;;3;23;22;99.00;20.00
2015;C1012;11;15;29;29;4;;;3;15;14;99.00;10.00
2015;C1012;10;15;29;29;4;;;3;20;17;99.00;0.00
2015;C2025;17;49;1;1;4;15;1.1;1;22;23;8.57;315.00
2015;C2025;15;49;1;1;4;15;1.1;2;20;19;7.77;273.00
2015;C2025;14;46;1;1;4;20;1.1;2;21;21;8.86;262.00
2015;C2052;37;6;1;1;4;20;1.2;2;31;31;9.15;308.00
2015;C2052;33;6;1;1;4;25;;1;42;49;8.85;342.00
2015;C1110;10;54;1;1;4;15;1.1;3;40;41;4.28;288.00
2015;C1110;8;54;1;1;4;20;1.1;2;21;23;7.90;288.00
2015;C1110;9;54;1;1;4;15;1.1;3;38;40;6.70;302.00
2015;C1110;13;54;1;1;4;20;1.1;2;24;25;0.75;332.00
2015;C0128;40;49;1;1;4;10;1.1;3;14;14;6.73;310.00
2015;C0128;39;49;1;1;4;15;1.1;3;13;14;5.72;322.00
2015;C0128;38;49;19;19;4;;;2;15;16;5.03;340.00
2015;C0156;17;35;906;906;4;;;1;24;22;16.74;298.00
2015;C0156;16;134;1;29;4;;;1;26;26;12.83;264.00
2015;C0156;15;48;906;906;4;;;1;21;19;14.41;229.00
2015;C0156;14;35;1;1;4;35;1.1;1;37;36;12.22;228.00
2015;C0156;12;35;1;1;4;35;1.1;1;45;40;12.33;202.00
2015;C0156;10;68;906;906;4;;;3;18;18;14.53;157.00
2015;C0156;7;68;29;29;4;;;2;14;15;20.00;149.00
2015;C0156;4;68;906;906;4;;;3;22;26;17.45;141.00
2015;C2025;19;49;1;1;4;30;1.1;1;24;22;5.75;329.00
2015;C2025;18;46;1;1;4;30;1.1;2;19;19;6.97;332.00
2015;C2025;13;46;1;1;4;15;1.1;1;26;23;8.67;254.00
2015;C2025;12;46;1;1;4;20;1.1;1;20;18;6.63;212.00
2015;C2025;11;46;1;1;4;15;1.2;2;13;15;12.14;112.00
2015;C2025;10;46;906;906;4;;;2;20;20;14.52;111.00
2015;C2025;9;49;1;1;4;10;1.1;1;34;33;12.87;104.00
2015;C2025;6;46;1;1;4;5;1.1;2;16;14;5.97;17.00
2015;C0161;16;20;906;906;4;;;1;29;30;13.70;225.00
2015;C2025;4;46;1;1;4;30;1.1;2;19;18;7.15;259.00
2015;C2025;3;46;1;1;4;10;1.1;2;20;19;6.33;131.00
2015;C0161;15;63;906;906;4;;;2;17;17;15.50;185.00
2015;C0161;12;20;1;1;4;40;1.1;2;16;17;10.50;175.00
2015;C0161;11;134;906;906;4;;;1;13;14;17.70;135.00
2015;C0161;10;134;906;906;4;;;1;19;17;15.50;140.00
2015;C0161;9;20;1;1;4;20;1.1;1;28;29;13.00;155.00
2015;C0161;8;63;906;906;4;;;2;16;15;13.80;135.00
2015;C0161;7;134;1;1;4;10;1.1;1;30;31;12.60;140.00
2015;C0007;11;116;1;1;4;5;1.2;1;40;40;15.20;351.00
2015;C0007;10;100;906;906;4;;;1;36;37;14.13;318.00
2015;C0007;9;100;906;906;4;;;1;32;31;14.27;305.00
2015;C0617;11;49;906;906;4;;;3;20;18;14.10;156.00
2015;C1110;21;54;1;1;4;25;1.1;2;23;24;8.00;9.00
2015;C1110;18;54;1;1;4;25;1.1;3;32;34;5.20;38.00
2015;C1110;14;54;1;1;4;15;1.1;3;37;39;2.35;65.00
2015;C1110;17;54;1;23;4;;;2;19;20;6.30;91.00
2015;C1110;16;54;1;1;4;20;1.1;3;40;45;7.50;108.00
2015;C0127;16;118;1;1;4;25;1.1;1;23;24;4.54;326.00
2015;C0127;15;118;1;1;4;35;1.1;1;27;28;5.81;305.00
2015;C0127;14;118;1;1;4;25;1.1;1;27;28;11.77;293.00
2015;C0127;13;118;1;1;4;25;1.1;1;36;37;12.32;289.00
2015;C0127;12;134;1;1;4;20;1.2;1;39;37;10.37;287.00
2015;C0127;11;134;1;1;4;35;1.1;1;34;33;8.25;284.00
2015;C0127;10;134;1;1;4;30;1.2;1;38;38;11.28;265.00
2015;C0127;9;134;1;1;4;30;1.1;1;38;44;10.42;222.00
2015;C0127;8;116;1;1;4;20;1.1;1;26;27;4.71;215.00
2015;C0127;7;116;1;1;4;20;1.1;1;36;37;6.59;212.00
2015;C2053;6;20;1;1;4;10;1.2;1;43;42;17.06;343.00
2015;C2053;5;20;1;1;4;10;1.2;1;56;60;11.04;332.00
2015;C2053;45;20;1;1;4;10;1.2;1;30;28;9.90;308.00
2015;C2053;47;20;1;1;4;10;1.2;1;41;44;15.41;307.00
2015;C2053;48;20;1;1;4;10;1.2;1;42;44;14.91;307.00
2015;C2053;49;20;1;1;4;10;1.2;1;42;47;14.18;307.00
2015;C2053;46;20;1;1;4;15;1.2;1;21;21;8.89;304.00
2015;C2053;4;20;1;1;4;10;1.2;1;40;37;10.51;297.00
2015;C2053;2;20;1;1;4;10;1.2;1;39;40;14.90;200.00
2015;C2053;31;20;1;1;4;10;1.2;1;22;22;12.72;180.00
2015;C2053;35;20;1;1;4;15;1.2;1;24;25;8.55;162.00
2015;C2053;32;20;1;1;4;10;1.2;1;36;35;11.62;158.00
2015;C2053;34;20;1;1;4;10;1.2;1;21;22;9.40;158.00
2015;C2053;33;20;1;1;4;10;1.2;1;33;36;11.23;154.00
2015;C2053;36;20;1;1;4;5;1.2;1;30;31;7.63;150.00
2015;C2053;38;20;1;1;4;15;1.2;1;29;30;10.07;140.00
2015;C2053;37;20;1;1;4;10;1.2;1;32;34;8.59;139.00
2015;C2053;39;20;1;1;4;10;1.2;1;20;18;9.68;110.00
2015;C2053;40;20;1;1;4;10;1.2;1;26;29;11.45;101.00
2015;C2053;41;20;1;1;4;10;1.2;1;29;32;11.72;98.00
2015;C2053;1;20;1;1;4;15;1.2;1;40;41;1.44;90.00
2015;C2053;42;20;1;1;4;10;1.2;1;22;24;11.36;81.00
2015;C2053;43;20;1;1;4;5;1.2;2;48;50;11.42;58.00
2015;C2053;44;20;1;1;4;10;1.2;1;28;30;12.15;44.00
2015;C2053;20;20;29;29;4;;;1;38;35;99.00;10.00
2015;C2053;19;20;29;29;4;;;1;18;17;99.00;9.00
2015;C2053;17;20;29;29;4;;;1;27;27;99.00;2.00
2015;C2053;3;20;906;906;4;;;1;31;33;15.66;265.00
2015;C2053;30;20;906;906;4;;;1;35;37;15.66;41.00
2015;C0161;6;134;1;1;4;15;1.1;1;34;34;8.90;150.00
2015;C0161;5;20;1;1;4;40;1.1;1;30;30;9.40;125.00
2015;C0156;1;118;1;1;4;30;1.1;1;60;61;5.42;125.00
2015;C0161;4;63;1;1;4;20;1.1;1;20;19;7.00;125.00
2015;C0127;6;116;1;1;4;15;1.1;1;22;22;9.04;187.00
2015;C0127;2;118;1;1;4;25;1.1;1;29;29;2.68;354.00
2015;C0161;3;134;1;1;4;10;1.1;1;25;28;8.75;220.00
2015;C0161;2;10;1;1;4;10;1.1;1;14;15;8.30;220.00
2015;C0007;15;116;1;1;4;5;2;1;42;39;10.60;65.00
2015;C0007;14;116;906;906;4;;;1;34;34;13.10;39.00
2015;C0161;1;10;1;1;4;20;1.1;1;19;22;6.30;220.00
2015;C0007;8;100;1;1;4;5;1.2;1;27;26;8.30;292.00
2015;C0007;7;100;1;1;4;20;1.1;1;32;36;4.11;272.00
2015;C0007;6;118;19;3;4;5;1.2;1;39;37;3.50;195.00
2015;C0007;5;100;19;3;4;25;1.1;1;34;37;3.80;140.00
2015;C0007;4;134;1;1;4;30;1.2;1;29;30;4.10;96.00
2015;C0007;3;134;1;1;4;20;1.2;1;40;40;6.10;65.00
2015;C0007;2;100;1;1;4;10;2;1;44;45;8.79;335.00
2015;C0007;1;118;1;1;4;15;1.2;1;42;40;1.82;333.00
2015;C1110;15;54;1;1;4;15;1.1;3;38;40;11.00;139.00
2015;C1110;12;54;1;1;4;10;1.1;2;25;27;3.30;185.00
2015;C1110;11;54;1;1;4;15;1.1;3;30;33;6.30;233.00
2015;C0128;37;49;1;1;4;10;1.1;2;13;14;8.21;345.00
2015;C0128;35;49;19;19;4;;;3;14;15;15.27;0.00
2015;C0101;24;116;19;19;4;;;1;55;55;24.08;325.00
2015;C0101;23;116;1;1;4;5;1.2;1;42;46;16.35;346.00
2015;C0101;22;116;1;1;4;10;2;1;47;48;15.51;308.00
2015;C0101;21;116;1;1;4;5;1.2;1;68;71;17.44;281.00
2015;C0101;13;116;19;19;4;;;1;38;40;31.80;268.00
2015;C0101;5;118;1;1;4;5;2;1;96;94;17.52;136.00
2015;C0101;6;116;906;906;4;;;1;27;29;15.20;191.00
2015;C0101;4;116;1;1;4;10;1.2;1;52;55;12.95;254.00
2015;C0101;3;116;1;1;4;10;1.2;1;45;44;12.07;248.00
2015;C0101;2;116;1;1;4;10;2;1;66;70;3.66;207.00
2015;C0101;1;116;1;1;4;10;2;1;76;80;1.72;123.00
2015;C0100;36;118;906;906;4;;;1;26;24;17.35;149.00
2015;C0100;35;118;906;906;4;;;1;33;31;14.92;202.00
2015;C0100;34;118;1;1;4;5;1.1;1;30;31;7.61;200.00
2015;C0100;33;118;906;906;4;;;1;36;37;14.05;110.00
2015;C0100;32;118;1;1;4;5;1.1;1;45;42;14.51;98.00
2015;C0100;15;118;906;906;4;;;1;33;32;14.48;262.00
2015;C0100;16;118;1;1;4;5;1.1;1;56;54;15.29;248.00
2015;C0100;21;118;1;1;4;5;1.1;1;59;53;14.24;218.00
2015;C0100;22;20;906;906;4;;;3;35;35;14.29;210.00
2015;C0100;24;118;906;906;4;;;1;40;36;17.82;163.00
2015;C0100;31;118;906;906;4;;;1;32;30;16.54;180.00
2015;C0128;34;49;19;19;4;;;3;20;20;8.92;0.00
2015;C0128;33;49;19;19;4;;;2;11;11;7.85;0.00
2015;C0128;32;49;1;1;4;10;1.1;3;16;18;6.89;0.00
2015;C0128;31;49;1;1;4;10;1.1;2;14;14;0.74;0.00
2015;C0128;30;118;1;1;4;45;1.2;2;34;34;12.35;0.00
2015;C0128;29;49;906;906;4;;;2;13;13;17.72;0.00
2015;C0128;22;49;906;906;4;;;3;14;15;16.25;0.00
2015;C0128;20;49;906;906;4;;;2;12;13;13.49;0.00
2015;C0128;19;49;19;19;4;;;2;14;15;12.03;0.00
2015;C0128;17;49;1;1;4;10;1.1;2;12;15;11.73;0.00
2015;C0128;16;49;1;1;4;10;1.1;2;14;14;11.48;0.00
2015;C0128;14;49;1;1;4;5;1.1;2;17;17;10.97;0.00
2015;C0128;13;49;1;1;4;5;1.1;2;17;17;11.05;0.00
2015;C0128;12;49;1;1;4;5;1.1;3;20;21;10.31;0.00
2015;C0128;11;49;1;1;4;5;1.1;2;16;16;10.48;0.00
2015;C0128;10;49;1;1;4;20;1.1;3;19;20;0.00;0.00
2015;C0128;8;49;1;1;4;10;1.1;2;19;20;12.29;315.00
2015;C0128;7;116;19;3;4;5;1.1;2;12;13;10.60;300.00
2015;C0128;6;49;1;1;4;5;1.1;3;15;15;9.10;215.00
2015;C2052;36;1;1;1;4;10;1.2;1;47;48;6.52;250.00
2015;C2052;32;6;1;1;4;20;1.2;2;25;26;9.78;226.00
2015;C2052;35;1;1;1;4;15;;1;42;45;9.81;191.00
2015;C2052;4;6;1;1;4;15;1.2;1;26;28;9.89;156.00
2015;C2052;5;6;1;1;4;20;1.2;2;32;33;12.78;131.00
2015;C2052;1;6;1;1;4;20;1.2;2;38;35;5.26;52.00
2015;C2052;31;6;1;1;4;25;1.2;1;29;31;5.28;25.00
2015;C2052;34;6;1;1;4;25;1.2;2;21;23;9.40;10.00
2015;C2052;7;6;906;906;4;;;2;29;31;16.00;165.00
2015;C2052;6;6;906;906;4;;;2;31;30;15.44;162.00
2015;C0007;13;134;906;906;4;;;1;32;35;14.40;24.00
2015;C0007;12;118;1;1;4;10;1.2;1;25;25;12.30;0.00
2015;C0100;14;118;1;1;4;5;1.1;1;46;49;15.66;275.00
2015;C0100;13;116;1;1;4;10;1.2;1;73;70;10.13;306.00
2015;C0901;21;49;906;906;4;;;1;28;28;17.80;72.00
2015;C2054;13;129;906;906;4;;;1;20;20;15.74;133.00
2015;C2054;14;129;906;906;4;;;1;19;19;14.91;134.00
2015;C0156;18;118;906;906;4;;;1;37;34;14.95;280.00
2015;C0156;19;35;906;906;4;;;1;26;26;14.22;294.00
2015;C0156;20;118;1;29;4;;;1;22;21;10.97;295.00
2015;C0156;22;134;1;1;4;10;1.1;1;48;44;8.16;298.00
2015;C0156;24;35;1;1;4;25;1.1;1;26;28;12.90;341.00
2015;C0156;25;35;1;1;4;30;1.1;1;38;38;12.54;352.00
2015;C0156;26;118;1;1;4;25;1.1;1;59;55;12.30;6.00
2015;C0156;27;68;29;29;4;;;1;24;22;12.81;20.00
2015;C0156;28;48;1;29;4;;;1;19;22;9.70;43.00
2015;C0156;29;118;1;1;4;20;1.1;1;43;39;8.95;76.00
2015;C0156;30;48;1;1;4;55;1.1;1;26;27;5.54;10.00
2015;C0156;35;68;1;1;4;5;1.1;2;17;17;6.15;64.00
2015;C0156;37;48;1;1;4;30;1.1;1;17;17;10.17;82.00
2015;C0156;38;118;1;29;4;;;1;22;23;12.95;133.00
2015;C0156;39;48;1;1;4;30;1.1;1;20;21;9.84;133.00
2015;C0156;40;35;1;1;4;30;1.1;3;22;21;11.88;281.00
2015;C0156;41;35;1;1;4;35;1.1;3;19;18;5.89;293.00
2015;C0156;42;35;1;1;4;40;1.1;3;23;22;4.15;306.00
2015;C0156;43;48;1;1;4;35;1.1;2;13;14;12.03;314.00
2015;C0156;44;118;1;1;4;30;1.1;1;52;50;16.10;71.00
2015;C0156;45;118;1;1;4;30;1.1;1;43;42;17.90;74.00
2015;C0156;46;118;1;1;4;40;1.1;1;49;45;13.42;105.00
2015;C0156;47;48;1;1;4;50;1.1;1;15;14;10.27;270.00
2015;C0156;48;48;1;1;4;50;1.1;1;11;11;12.74;272.00
2015;C0156;49;35;1;1;4;30;1.1;1;10;10;7.01;243.00
2015;C0187;1;5;1;1;4;25;1.2;2;31;32;1.58;185.00
2015;C0187;3;29;1;1;4;15;1.1;2;18;20;8.14;130.00
2015;C0187;4;20;1;1;4;10;1.1;2;20;21;8.34;73.00
2015;C0187;8;5;1;1;4;20;1.2;2;34;31;12.67;62.00
2015;C0187;9;99;1;1;4;90;1.1;1;42;41;10.78;335.00
2015;C0187;13;15;1;1;4;80;1.1;3;39;31;11.38;254.00
2015;C0187;19;29;906;906;4;;;2;24;26;13.78;199.00
2015;C0187;21;5;906;906;4;;;2;32;31;13.61;150.00
2015;C0187;25;15;906;906;4;;;2;30;30;14.54;298.00
2015;C0187;27;15;906;906;4;;;2;19;18;15.92;296.00
2015;C0187;31;29;23;23;4;;;3;17;17;8.22;301.00
2015;C0187;32;5;906;906;4;;;2;18;20;15.19;90.00
2015;C0187;33;15;906;906;4;;;2;26;25;15.81;100.00
2015;C0187;36;35;29;29;4;;;3;18;16;20.62;210.00
2015;C0187;37;15;1;1;4;80;1.1;1;51;42;15.09;285.00
2015;C0187;38;15;906;906;4;;;2;33;29;17.34;94.00
2015;C0187;39;29;19;19;4;;;2;15;15;6.00;235.00
2015;C0187;40;29;19;19;4;;;2;16;16;7.09;105.00
2015;C0187;41;29;19;19;4;;;3;16;16;8.22;120.00
2015;C0187;42;29;19;19;4;;;3;14;15;11.43;127.00
2015;C0187;43;29;23;23;4;;;2;12;12;9.95;148.00
2015;C0187;44;29;1;1;4;25;1.1;2;18;19;8.85;351.00
2015;C0190;1;49;906;906;4;;;1;18;18;13.64;241.00
2015;C0190;3;134;1;1;4;20;1.1;1;20;20;7.46;223.00
2015;C0190;4;134;1;1;4;35;1.2;1;23;22;6.02;198.00
2015;C0190;7;134;1;1;4;15;2;1;22;21;3.93;232.00
2015;C0190;8;134;906;906;4;;;1;23;21;16.73;251.00
2015;C0190;9;134;906;906;4;;;1;26;26;16.98;260.00
2015;C0190;10;134;906;906;4;;;1;16;15;15.70;267.00
2015;C0190;16;134;1;1;4;50;1.1;1;21;22;12.91;280.00
2015;C0190;17;134;1;1;4;35;1.1;1;20;21;12.28;281.00
2015;C0190;18;134;1;1;4;10;2;1;26;25;10.06;279.00
2015;C0190;19;134;1;1;4;10;2;1;19;17;11.79;292.00
2015;C0190;27;134;1;1;4;30;1.1;1;20;19;11.13;308.00
2015;C0190;28;134;906;906;4;;;1;16;16;13.51;298.00
2015;C0190;29;134;906;906;4;;;1;29;29;13.45;304.00
2015;C0190;30;134;1;1;4;25;1.1;1;19;19;12.08;329.00
2015;C0190;33;134;1;1;4;25;1.2;1;24;24;12.02;167.00
2015;C0190;34;134;906;906;4;;;1;27;26;17.47;179.00
2015;C0190;39;134;906;906;4;;;1;23;24;15.09;137.00
2015;C0190;40;134;906;906;4;;;1;37;34;17.93;219.00
2015;C0190;41;134;1;1;4;70;1.1;1;16;15;2.88;22.00
2015;C0190;42;134;1;1;4;20;1.1;1;14;14;3.67;49.00
2015;C0190;43;134;1;1;4;20;1.1;1;17;17;4.07;77.00
2015;C0190;44;134;1;1;4;50;1.1;1;14;14;4.38;68.00
2015;C0190;45;134;1;1;4;20;1.1;1;15;15;4.87;47.00
2015;C0190;46;134;1;1;4;75;1.1;1;14;14;4.87;38.00
2015;C0190;47;134;1;1;4;10;1.1;1;17;17;10.70;33.00
2015;C0190;48;134;1;1;4;45;1.1;1;20;20;12.00;79.00
2015;C0190;49;134;1;1;4;20;1.1;1;13;13;12.00;87.00
2015;C0190;50;134;1;1;4;25;1.1;1;18;18;10.60;113.00
2015;C0190;51;134;1;1;4;20;1.1;1;18;18;8.48;95.00
2015;C0190;52;134;1;1;4;20;1.1;1;19;19;5.82;107.00
2015;C0190;53;134;1;1;4;15;1.2;1;18;18;7.30;130.00
2015;C0190;54;134;1;1;4;15;3;1;21;20;5.20;191.00
2015;C0190;55;134;18;18;4;;;1;14;15;3.69;118.00
2015;C0190;56;134;1;1;4;15;1.1;1;16;16;4.56;244.00
2015;C0190;57;134;1;1;4;15;1.1;1;15;15;7.30;297.00
2015;C0190;58;134;1;1;4;20;1.1;1;16;16;8.25;78.00
2015;C0190;59;134;1;1;4;30;1.1;1;15;13;3.68;220.00
2015;C0216;1;49;1;1;4;50;1.1;3;25;24;2.42;43.00
2015;C0216;2;49;1;1;4;35;1.1;2;18;18;9.78;144.00
2015;C0216;4;49;1;1;4;40;1.1;3;18;18;9.51;156.00
2015;C0216;5;49;1;1;4;25;1.1;3;31;29;10.96;143.00
2015;C0216;7;49;23;23;4;;;3;21;23;11.26;205.00
2015;C0216;12;13;906;906;4;;;2;26;25;16.41;220.00
2015;C0216;16;49;1;1;4;25;1.1;3;32;34;9.57;243.00
2015;C0216;17;13;29;29;4;;;3;24;21;18.40;202.00
2015;C0216;25;49;1;1;4;50;1.1;2;21;19;10.51;70.00
2015;C0216;31;13;906;906;4;;;2;19;19;17.89;235.00
2015;C0216;32;22;1;1;4;20;1.1;2;20;18;11.95;227.00
2015;C0216;33;29;906;906;4;;;2;26;24;14.10;156.00
2015;C0216;38;23;1;1;4;35;1.1;2;12;11;2.50;260.00
2015;C0216;39;29;1;1;4;15;1.2;2;11;11;3.45;90.00
2015;C0216;40;23;1;1;4;20;1.1;2;10;10;12.46;90.00
2015;C0216;41;29;1;1;4;20;1.1;2;16;16;12.88;174.00
2015;C0216;42;29;1;1;4;30;2;2;16;16;12.12;203.00
2015;C2054;15;129;906;906;4;;;1;18;18;14.11;139.00
2015;C2054;26;129;906;906;4;;;1;26;26;14.56;184.00
2015;C2054;53;129;1;1;4;15;1.2;1;25;25;5.70;13.00
2015;C2054;24;129;29;29;4;;;1;21;21;99.00;0.00
2015;C2054;19;35;906;906;4;;;2;34;36;13.95;225.00
2015;C2054;25;35;906;906;4;;;2;25;25;16.72;210.00
2015;C2025;20;49;1;1;4;15;1.1;1;31;27;6.10;347.00
2015;C2025;21;46;1;1;4;10;1.1;2;21;23;10.29;351.00
2015;C2025;22;46;1;1;4;15;1.1;2;15;16;11.86;346.00
2015;C2025;23;46;1;1;4;25;1.1;1;17;15;3.40;39.00
2015;C2025;24;46;906;906;4;;;2;13;14;13.39;67.00
2015;C2025;25;46;1;1;4;30;1.1;1;14;12;10.38;49.00
2015;C2025;26;46;1;1;4;15;1.1;2;10;10;10.15;194.00
2015;C0475;13;49;1;1;4;35;1.2;1;22;28;6.17;88.00
2015;C1110;25;54;906;906;4;;;2;23;24;17.00;70.00
2015;C1110;24;54;906;906;4;;;2;23;24;15.00;75.00
2015;C1110;7;54;906;902;4;25;1.1;3;395;40;15.20;297.00
2015;C1110;5;54;906;906;4;;;2;17;18;16.65;312.00
2015;C1110;6;54;906;906;4;;;2;21;22;16.90;318.00
2015;C1110;20;54;1;1;4;30;1.1;2;18;18;7.10;4.00
2015;C1110;19;54;1;1;4;20;1.1;2;16;17;6.90;8.00
2015;C0161;20;10;1;1;4;15;1.1;1;17;17;9.25;310.00
2015;C0161;21;20;1;1;4;80;1.1;2;14;15;7.45;25.00
2015;C0161;22;49;1;1;4;55;1.1;1;26;26;8.80;45.00
2015;C0161;23;10;1;1;4;40;1.1;2;16;15;11.10;85.00
2015;C0161;24;49;906;906;4;;;1;19;19;13.50;93.00
2015;C0161;25;20;906;906;4;;;2;18;15;17.00;100.00
2015;C0161;26;20;906;906;4;;;2;26;29;17.80;115.00
2015;C0161;32;29;1;1;4;10;1.1;2;13;13;7.80;270.00
2015;C0161;33;20;1;1;4;80;1.1;2;16;18;6.80;10.00
2015;C0161;34;63;1;1;4;25;1.1;2;16;16;7.30;75.00
2015;C0161;35;29;1;1;4;10;1.1;2;13;13;9.20;185.00
2015;C0161;36;23;1;1;4;40;1.1;2;11;11;4.70;225.00
2015;C0161;37;20;1;1;4;20;1.1;2;12;13;8.20;65.00
2015;C0161;38;134;1;1;4;5;1.1;1;40;41;16.00;60.00
2015;C0163;1;118;1;1;4;10;2;1;43;39;0.20;235.00
2015;C0163;3;118;1;1;4;20;1.1;1;45;41;8.10;359.00
2015;C0163;4;118;1;1;4;10;2;1;43;41;8.80;45.00
2015;C0163;5;118;1;1;4;35;1.1;1;26;25;8.80;75.00
2015;C0163;6;118;1;1;4;15;1.1;1;42;43;10.50;110.00
2015;C0163;9;100;1;1;4;15;1.1;1;35;37;11.80;145.00
2015;C0163;11;100;1;1;4;30;1.1;1;36;36;9.20;160.00
2015;C0163;12;100;1;1;4;5;1.1;1;31;31;3.20;185.00
2015;C0163;23;118;1;1;4;10;1.1;1;59;55;12.30;30.00
2015;C0163;24;100;1;1;4;15;1.1;1;42;42;12.66;20.00
2015;C0163;25;118;906;906;4;;;1;31;33;14.20;20.00
2015;C0163;26;118;906;906;4;;;1;37;33;17.10;10.00
2015;C0163;27;100;906;906;4;;;1;37;39;17.60;1.00
2015;C0163;28;20;906;906;4;;;2;20;20;14.10;350.00
2015;C0163;29;100;906;906;4;;;1;24;23;14.30;335.00
2015;C0163;31;118;1;1;4;15;1.1;1;31;32;6.30;220.00
2015;C0163;33;118;906;906;4;;;1;36;37;16.20;335.00
2015;C0163;35;20;1;1;4;35;1.1;2;15;15;9.30;270.00
2015;C0163;36;118;1;1;4;15;1.1;1;19;20;5.00;250.00
2015;C0163;37;100;1;1;4;20;1.1;1;29;29;6.50;60.00
2015;C0163;39;20;1;1;4;25;1.1;2;15;15;9.30;270.00
2015;C0163;40;118;1;1;4;10;3;1;35;36;5.00;359.00
2015;C0193;1;29;1;1;4;30;1.1;2;26;26;0.60;30.00
2015;C0193;3;29;1;1;4;15;1.1;2;17;20;4.65;90.00
2015;C0193;4;29;1;1;4;15;1.1;2;16;17;6.80;75.00
2015;C0193;6;29;1;1;4;20;1.1;2;16;17;7.20;50.00
2015;C0193;9;29;1;1;4;25;1.1;3;21;26;13.00;60.00
2015;C0193;10;29;906;906;4;;;2;21;25;14.30;50.00
2015;C0193;11;23;906;906;4;;;1;24;18;13.44;75.00
2015;C0193;12;29;906;906;4;;;2;18;22;13.50;85.00
2015;C0193;13;29;1;1;4;15;1.1;2;14;18;12.80;95.00
2015;C0193;14;29;1;1;4;10;1.1;1;20;24;12.04;110.00
2015;C0193;15;23;1;1;4;15;;1;18;27;12.95;120.00
2015;C0193;16;23;906;906;4;;;1;19;28;13.60;110.00
2015;C0193;18;29;1;1;4;10;1.1;2;16;18;7.50;160.00
2015;C0193;20;29;1;1;4;25;;3;30;31;8.30;175.00
2015;C0193;21;29;1;1;4;30;1.1;3;30;30;11.52;210.00
2015;C0193;22;29;906;906;4;;;1;20;20;15.30;200.00
2015;C0193;23;29;906;906;4;;;2;18;19;15.00;185.00
2015;C0193;24;29;906;906;4;;;2;18;18;13.80;170.00
2015;C0193;25;29;906;906;4;;;2;16;19;16.04;165.00
2015;C0193;27;29;906;906;4;;;1;18;21;16.60;190.00
2015;C0193;28;29;906;906;4;;;1;21;24;18.00;194.00
2015;C0193;30;118;1;1;4;25;2;1;53;53;14.20;285.00
2015;C0193;32;29;1;1;4;10;1.1;3;24;24;6.40;260.00
2015;C0193;33;23;1;1;4;30;1.1;1;20;20;4.30;200.00
2015;C0193;34;29;1;1;4;25;1.1;3;22;25;12.10;250.00
2015;C0193;35;29;906;906;4;;;2;20;22;13.10;230.00
2015;C0193;36;29;1;1;4;10;2;2;19;20;7.90;270.00
2015;C0193;37;68;906;906;4;;;1;36;41;15.60;60.00
2015;C0193;38;29;1;11;4;100;;2;21;28;12.00;359.00
2015;C0193;39;29;1;1;4;15;1.1;1;16;15;9.30;150.00
2015;C0193;40;29;1;1;4;30;1.1;2;13;12;12.60;185.00
2015;C0193;41;118;1;1;4;10;1.1;1;15;15;7.60;315.00
2015;C0193;42;29;1;1;4;10;1.1;2;14;15;12.90;285.00
2015;C2000;1;11;1;42;4;100;;1;31;25;4.40;290.00
2015;C2000;2;11;1;1;4;10;1.1;2;20;25;3.40;75.00
2015;C2000;6;29;1;1;4;5;1.1;1;25;29;3.10;195.00
2015;C2000;10;20;1;1;4;50;1.1;1;45;50;9.70;215.00
2015;C2000;11;11;1;1;4;15;1.1;1;28;28;12.80;335.00
2015;C2000;14;11;1;1;4;25;1.1;1;38;41;9.10;355.00
2015;C2000;16;11;906;906;4;;;1;18;17;13.20;30.00
2015;C2000;18;11;1;1;4;15;1.1;1;25;32;7.30;50.00
2015;C2000;19;11;1;1;4;30;1.1;1;41;43;9.50;50.00
2015;C2000;21;11;1;1;4;30;1.1;1;18;18;8.40;20.00
2015;C2000;22;11;1;1;4;20;2;1;38;43;8.30;100.00
2015;C2000;29;11;906;906;4;;;2;27;30;16.00;50.00
2015;C2000;33;11;1;1;4;35;1.1;2;20;18;11.00;310.00
2015;C2000;49;21;1;1;4;10;3;1;24;24;11.00;270.00
2015;C2000;50;21;1;1;4;10;2;1;19;19;13.00;235.00
2015;C2000;58;29;1;1;4;10;2;2;13;16;12.40;215.00
2015;C2000;59;29;906;906;4;;;2;15;17;15.30;215.00
2015;C2000;60;1;906;906;4;;;2;16;20;17.20;195.00
2015;C2000;61;11;1;1;4;20;1.1;1;29;31;6.40;150.00
2015;C0120;1;118;1;1;4;15;1.1;1;45;48;2.66;110.00
2015;C0120;2;99;1;39;4;100;;2;26;25;5.29;27.00
2015;C0120;3;118;1;1;4;15;1.1;1;65;65;14.37;62.00
2015;C0120;4;118;1;1;4;25;1.1;1;54;61;17.61;55.00
2015;C0120;5;118;1;1;4;50;1.1;1;58;53;17.09;252.00
2015;C0120;6;118;1;1;4;15;1.1;1;43;45;8.10;275.00
2015;C0120;7;118;1;1;4;15;1.1;1;56;53;6.67;290.00
2015;C0120;8;118;1;1;4;15;1.1;1;59;65;12.28;332.00
2015;C0120;11;118;1;1;4;25;1.1;1;85;67;16.48;345.00
2015;C0120;12;118;906;906;4;;;1;33;37;14.20;350.00
2015;C0120;13;118;1;1;4;25;1.1;1;80;80;14.46;6.00
2015;C0120;15;118;1;1;4;35;1.1;1;42;44;14.32;56.00
2015;C0120;18;118;1;1;4;20;1.1;1;32;35;10.94;87.00
2015;C0120;19;118;1;1;4;15;1.1;1;48;50;10.10;100.00
2015;C0120;20;99;29;29;;;;2;16;19;8.15;143.00
2015;C0120;21;118;1;1;4;35;1.2;1;56;53;12.31;162.00
2015;C0120;22;118;1;1;4;35;1.2;1;64;65;13.54;127.00
2015;C0120;23;118;1;1;4;15;1.1;1;59;56;16.41;167.00
2015;C0120;25;118;1;1;4;35;1.1;1;42;48;17.54;184.00
2015;C0120;28;118;1;1;4;15;1.2;1;65;70;15.97;225.00
2015;C0120;29;118;1;1;4;35;1.2;1;30;32;12.98;206.00
2015;C0120;32;118;1;1;4;30;1.1;1;18;18;4.61;1.67
2015;C0153;1;68;1;1;4;5;1.1;2;19;21;1.68;157.00
2015;C0153;4;20;1;11;4;100;;2;29;30;9.15;241.00
2015;C0153;12;20;1;1;4;20;1.1;2;22;21;2.69;28.00
2015;C0153;20;68;1;1;4;40;1.1;2;21;20;11.95;8.00
2015;C0153;21;5;1;1;4;15;1.1;2;17;17;7.37;65.00
2015;C0153;24;20;1;38;4;100;;2;19;20;11.10;100.00
2015;C0153;26;29;1;1;4;25;1.1;2;22;24;11.46;131.00
2015;C0153;27;29;1;1;4;25;1.1;2;17;19;7.64;154.00
2015;C0153;32;29;1;1;4;15;1.1;2;17;21;12.72;35.00
2015;C0153;33;20;906;906;4;;;2;24;23;13.09;46.00
2015;C0153;34;20;1;22;4;99;1.1;2;19;19;12.93;61.00
2015;C0153;35;29;906;906;4;;;2;13;16;13.15;42.00
2015;C0153;36;20;19;19;;;;2;13;14;12.62;102.00
2015;C0153;37;20;1;11;4;100;;1;23;27;12.66;209.00
2015;C0153;39;29;906;906;4;;;2;17;20;16.51;21.00
2015;C0153;40;29;1;1;4;15;1.1;1;12;15;9.31;84.00
2015;C0153;42;29;1;1;4;60;1.1;1;13;14;7.18;34.00
2015;C0153;43;29;1;1;4;10;1.1;1;17;20;11.42;183.00
2015;C0153;44;22;1;1;4;15;1.1;1;11;11;10.02;134.00
2015;C0154;6;20;906;906;4;;;1;29;31;15.05;200.00
2015;C0154;7;64;906;906;4;;;2;15;15;17.21;193.00
2015;C0154;9;20;906;906;4;;;2;22;21;17.89;205.00
2015;C0154;20;5;18;18;;;;2;17;15;5.41;45.00
2015;C0154;21;64;1;1;4;40;1.1;1;13;14;4.42;10.00
2015;C0154;22;20;1;1;4;40;1.1;2;15;16;3.24;36.00
2015;C0154;23;20;1;14;4;100;;2;13;14;1.89;40.00
2015;C0154;24;64;19;19;4;;;1;24;31;3.91;332.00
2015;C0154;27;116;19;19;4;;;1;19;19;3.02;114.00
2015;C0154;29;116;19;19;4;;;2;10;12;8.59;158.00
2015;C0154;30;116;19;19;4;;;2;16;19;4.23;230.00
2015;C2020;36;46;1;1;4;35;1.1;2;10;10;10.23;169.00
2015;C0617;13;49;906;906;4;;;3;15;16;14.30;195.00
2015;C0617;18;49;906;906;4;;;3;16;15;16.40;252.00
2015;C0442;10;66;1;1;4;20;1.1;1;20;23;4.66;263.00
2015;C0442;6;15;1;1;4;30;1.2;2;24;25;4.76;248.00
2015;C0442;4;15;1;1;4;35;1.2;2;22;22;6.00;190.00
2015;C0442;1;15;1;1;4;50;1.1;2;17;16;1.07;212.00
2015;C1190;9;29;1;1;4;65;2;1;23;22;7.85;94.00
2015;C1190;8;49;1;1;4;35;1.1;1;36;34;1.71;145.00
2015;C1190;6;29;1;1;4;75;3;1;17;15;7.60;65.00
2015;C1190;5;29;1;1;4;85;1.1;1;18;18;10.97;45.00
2015;C1190;3;49;1;1;4;15;2;1;25;25;1.38;263.00
2015;C0185;47;29;1;1;4;45;1.1;2;12;14;8.12;142.00
2015;C0185;46;29;1;1;4;35;1.1;2;11;13;6.83;145.00
2015;C0185;45;29;1;1;4;35;1.1;2;11;13;10.23;83.00
2015;C0185;44;29;1;1;4;25;1.1;2;14;18;9.08;63.00
2015;C0185;43;20;1;1;4;20;1.1;2;14;18;11.42;20.00
2015;C0185;42;29;1;1;4;30;1.1;2;11;12;7.12;32.00
2015;C0185;41;29;1;1;4;35;1.1;2;12;15;4.13;49.00
2015;C0185;40;29;1;1;4;30;1.1;2;15;13;11.00;310.00
2015;C0185;39;29;1;1;4;60;1.1;2;11;12;9.05;278.00
2015;C0185;38;20;1;1;4;35;1.1;2;22;19;5.99;358.00
2015;C0185;37;20;1;1;4;55;1.1;2;23;26;7.57;334.00
2015;C0185;36;20;1;1;4;99;1.1;2;17;16;5.10;331.00
2015;C0185;35;5;1;1;4;50;1.1;2;31;31;2.93;275.00
2015;C0476;1;49;1;1;4;25;1.1;1;17;22;2.14;169.00
2015;C0185;34;29;906;906;4;;;2;12;12;14.42;147.00
2015;C0185;4;20;1;1;4;60;1.1;2;23;24;6.30;208.00
2015;C0185;1;20;1;1;4;15;1.1;2;23;23;3.33;1.00
2015;C0155;36;20;19;19;4;;;2;2;2;1.93;36.00
2015;C0155;35;20;1;1;4;20;1.1;1;20;25;10.42;124.00
2015;C0155;34;20;1;1;4;20;1.1;2;14;14;9.86;20.00
2015;C0155;31;118;1;1;4;55;1.1;1;44;44;13.82;111.00
2015;C0155;28;118;1;1;4;70;1.1;1;37;41;6.98;18.00
2015;C0155;27;20;1;1;4;15;1.1;2;16;16;9.96;108.00
2015;C0155;24;118;1;1;4;35;1.1;1;38;38;9.05;146.00
2015;C0155;22;118;1;1;4;55;1.1;1;42;38;9.51;80.00
2015;C0155;21;116;906;906;4;;;1;36;34;16.00;83.00
2015;C0155;20;118;1;1;4;50;1.1;1;43;39;14.27;82.00
2015;C0155;19;118;906;906;4;;;1;33;36;16.13;71.00
2015;C0155;18;20;906;906;4;;;2;23;22;16.05;48.00
2015;C0155;17;118;1;1;4;50;1.1;1;44;44;16.92;20.00
2015;C0155;16;116;1;1;4;60;1.1;1;44;44;4.22;22.00
2015;C0155;14;118;1;1;4;40;1.2;1;44;42;14.69;10.00
2015;C0155;13;20;1;1;4;15;1.1;2;17;18;8.44;18.00
2015;C0155;12;118;906;906;4;;;1;35;31;13.85;339.00
2015;C0155;11;118;906;906;4;;;1;26;28;14.49;321.00
2015;C0155;10;118;1;1;4;50;1.1;1;42;44;12.69;323.00
2015;C0155;9;118;1;1;4;50;1.1;1;37;39;10.67;260.00
2015;C0155;8;118;1;1;4;60;1.1;1;30;33;11.99;303.00
2015;C0155;7;116;1;1;4;95;1.1;1;28;30;5.59;300.00
2015;C0155;6;118;1;1;4;40;1.1;1;28;26;7.34;323.00
2015;C0155;5;118;1;1;4;40;1.1;1;28;29;5.67;343.00
2015;C0155;4;118;1;1;4;30;1.1;1;64;62;4.44;336.00
2015;C0186;1;20;1;1;4;40;1.1;1;34;36;1.60;289.00
2015;C0186;4;118;1;1;4;70;1.2;1;18;17;6.41;347.00
2015;C0186;5;1;1;1;4;25;1.1;1;23;21;5.77;108.00
2015;C0186;6;15;1;1;4;35;1.1;2;32;33;8.53;68.00
2015;C0186;8;23;1;1;4;30;1.1;1;16;16;3.14;200.00
2015;C0186;9;118;1;1;4;40;1.2;1;43;45;11.67;182.00
2015;C0186;10;36;906;906;4;;;1;30;32;15.62;170.00
2015;C0186;11;36;1;1;4;75;1.1;1;17;17;10.12;137.00
2015;C0186;12;49;906;906;4;;;1;34;35;16.50;143.00
2015;C0186;18;5;1;1;4;20;1.1;1;31;29;10.48;105.00
2015;C0186;19;23;1;1;4;30;1.1;1;17;15;5.12;88.00
2015;C0186;21;20;19;19;4;;;1;49;47;8.16;13.00
2015;C0186;22;20;19;19;4;;;1;33;33;10.48;0.00
2015;C0186;23;118;906;906;4;;;1;29;30;13.11;345.00
2015;C0186;24;24;906;906;4;;;1;21;19;17.04;29.00
2015;C0186;35;49;1;1;4;10;1.1;1;15;16;8.00;170.00
2015;C0186;36;63;1;1;4;35;1.1;1;13;16;5.79;124.00
2015;C0186;37;20;18;18;4;;;1;11;12;9.50;111.00
2015;C0186;38;63;1;18;4;;;2;15;15;12.79;143.00
2015;C0186;40;15;1;14;4;100;;1;16;17;3.26;142.00
2015;C0186;41;15;1;1;4;40;1.2;2;19;20;3.41;44.00
2015;C2054;46;129;1;1;4;15;1.2;1;34;34;9.60;20.00
2015;C2054;54;129;1;11;4;100;;1;21;21;5.79;28.00
2015;C2054;45;129;1;1;4;10;1.2;1;33;33;10.63;40.00
2015;C2054;57;49;1;1;4;35;1.1;1;30;30;5.40;70.00
2015;C2054;42;129;1;11;4;100;;1;11;11;9.19;68.00
2015;C2054;43;129;1;1;4;10;1.2;1;32;32;12.45;53.00
2015;C0101;28;116;19;19;4;;;1;51;52;26.30;27.00
2015;C0101;30;116;1;1;4;10;2;1;58;61;15.64;40.00
2015;C0127;1;134;1;1;4;20;1.2;1;36;34;2.79;268.00
2015;C0128;5;49;1;1;4;5;1.1;2;14;15;6.50;241.00
2015;C0128;4;49;1;1;4;10;1.1;2;15;15;6.38;234.00
2015;C0128;3;49;1;1;4;10;1.1;2;18;20;5.32;282.00
2015;C0007;16;118;1;1;4;20;1.2;1;26;24;10.30;84.00
2015;C0007;17;100;1;1;4;15;1.1;1;34;34;10.26;100.00
2015;C0007;18;118;1;1;4;10;1.1;1;22;22;10.40;103.00
2015;C0007;19;134;1;1;4;60;1.2;1;33;37;10.20;153.00
2015;C0007;20;100;1;1;4;15;1.1;1;25;25;10.00;160.00
2015;C0007;21;100;1;1;4;10;1.1;1;23;22;7.30;180.00
2015;C0007;22;100;1;1;4;10;1.1;1;23;22;7.99;195.00
2015;C0007;23;100;1;1;4;10;1.1;1;32;28;12.20;240.00
2015;C0007;24;118;906;906;4;;;1;39;35;13.12;293.00
2015;C0007;29;100;1;1;4;25;1.2;1;41;38;17.54;359.00
2015;C0007;30;100;1;1;4;10;1.1;1;45;43;16.60;30.00
2015;C0035;1;118;1;1;4;15;1.2;1;65;64;3.00;129.00
2015;C0035;2;118;1;1;4;20;2;1;47;53;7.55;34.00
2015;C0035;3;118;1;1;4;5;1.2;1;45;51;7.60;74.00
2015;C0035;4;118;23;23;;;;1;35;32;13.00;110.00
2015;C0035;5;118;906;906;4;;;1;39;39;14.30;117.00
2015;C0035;6;118;1;1;4;10;2;1;53;57;13.50;137.00
2015;C0035;7;118;1;1;4;15;2;1;53;52;9.60;166.00
2015;C0035;8;118;1;1;4;10;1.2;1;39;44;8.15;225.00
2015;C0035;9;118;1;1;4;15;1.1;1;43;43;2.80;261.00
2015;C0035;10;118;1;1;4;10;2;1;59;57;9.40;334.00
2015;C0035;11;118;1;1;4;5;2;1;43;48;10.30;354.00
2015;C0035;12;116;1;1;4;20;1.2;1;61;63;9.70;5.00
2015;C0035;13;118;1;1;4;10;2;1;53;53;11.50;71.00
2015;C0035;14;118;1;1;4;5;2;1;53;60;14.00;62.00
2015;C0035;15;118;1;1;4;10;2;1;50;53;15.60;72.00
2015;C0035;19;118;1;1;4;5;1.2;1;58;59;15.80;153.00
2015;C0035;20;118;1;1;4;10;1.2;1;59;59;14.40;181.00
2015;C0035;21;118;1;1;4;5;1.2;1;30;30;12.60;219.00
2015;C0035;22;118;906;906;4;;;1;28;28;14.60;238.00
2015;C0035;23;118;906;906;4;;;1;25;26;16.00;251.00
2015;C0035;28;134;1;1;4;5;1.2;1;41;40;9.50;331.00
2015;C0035;29;118;1;1;4;10;1.2;1;52;57;12.90;346.00
2015;C0035;31;118;1;1;4;5;1.1;1;33;32;12.90;328.00
2015;C0035;32;118;1;1;4;10;1.2;1;45;49;8.50;231.00
2015;C0035;33;134;1;1;4;25;1.1;1;33;33;12.13;242.00
2015;C0035;34;118;2;2;4;5;1.2;1;36;36;8.60;227.00
2015;C0042;1;118;1;1;4;15;3;1;60;59;1.30;133.00
2015;C0042;2;118;1;1;4;15;2;1;54;59;2.47;162.00
2015;C0042;3;118;1;1;4;20;1.2;1;47;47;6.67;198.00
2015;C0042;4;118;1;1;4;10;1.2;1;52;52;16.60;268.00
2015;C0042;5;118;1;1;4;10;1.2;1;49;49;17.80;285.00
2015;C0042;6;118;1;1;4;5;2;1;47;45;17.30;306.00
2015;C0042;7;118;1;1;4;5;2;1;50;48;15.40;323.00
2015;C0042;8;118;906;19;4;;;1;38;39;16.40;330.00
2015;C0042;11;118;1;1;4;5;1.2;1;37;35;10.30;100.00
2015;C0042;12;118;1;1;4;5;3;1;56;59;9.50;179.00
2015;C0042;13;118;1;1;4;35;1.2;1;45;44;16.40;226.00
2015;C0042;30;118;1;1;4;10;2;1;57;55;15.70;159.00
2015;C0042;31;118;23;23;4;;;1;42;43;10.80;250.00
2015;C0042;32;118;1;1;4;15;1.2;1;34;46;12.10;235.00
2015;C0042;33;118;1;1;4;5;2;1;43;44;10.96;172.00
2015;C0042;34;118;1;1;4;5;1.2;1;21;21;10.29;355.00
2015;C0042;35;118;1;1;4;10;1.1;1;24;25;11.29;353.00
2015;C0042;36;118;1;1;4;5;2;1;26;27;12.77;25.00
2015;C0042;37;118;1;1;4;25;1.2;1;20;21;9.64;20.00
2015;C0042;38;118;1;1;4;5;1.1;1;17;18;10.71;41.00
2015;C0042;39;118;1;1;4;20;1.2;1;33;33;7.89;97.00
2015;C0042;40;118;1;1;4;15;2;1;42;44;9.80;68.00
2015;C0042;41;118;1;1;4;15;1.2;1;40;40;15.45;330.00
2015;C0042;42;118;1;1;4;15;1.1;1;12;14;12.00;55.00
2015;C0074;1;118;1;1;4;5;1.1;1;33;32;1.20;87.00
2015;C0074;2;118;1;1;4;5;1.1;1;45;51;4.40;183.00
2015;C0074;3;118;1;1;4;10;1.2;1;54;50;5.70;303.00
2015;C0074;4;118;1;1;4;10;1.1;1;48;49;7.00;300.00
2015;C0074;6;118;1;1;4;5;1.2;1;45;42;10.30;115.00
2015;C0074;7;118;1;1;4;10;1.2;1;48;48;8.80;146.00
2015;C0074;8;118;1;1;4;5;1.2;1;40;44;11.20;174.00
2015;C0074;9;118;29;23;4;;;1;36;34;10.30;194.00
2015;C0074;10;118;1;1;4;5;1.2;1;40;38;9.60;216.00
2015;C0074;11;118;1;1;4;15;1.2;1;48;52;10.80;255.00
2015;C0074;12;118;1;1;4;5;1.2;1;50;58;17.20;159.00
2015;C0074;13;118;1;1;4;5;2;1;55;57;12.50;305.00
2015;C0074;14;118;1;1;4;5;1.2;1;50;51;14.40;330.00
2015;C0074;15;118;1;1;4;10;1.2;1;56;51;10.80;355.00
2015;C0074;16;118;1;1;4;5;1.2;1;50;53;17.10;46.00
2015;C0074;17;118;1;1;4;5;2;1;47;44;17.40;63.00
2015;C0074;20;118;1;1;4;5;1.2;1;42;40;15.90;96.00
2015;C0074;21;118;906;906;4;;;1;40;38;17.90;123.00
2015;C0074;22;118;1;1;4;10;1.1;1;32;34;12.20;153.00
2015;C0074;23;118;1;1;4;5;1.2;1;61;60;16.20;174.00
2015;C0074;28;118;19;29;4;;;1;45;47;24.40;258.00
2015;C0074;31;118;1;1;4;5;1.1;1;43;39;10.22;282.00
2015;C0074;32;118;1;1;4;5;1.2;1;42;44;13.94;193.00
2015;C0105;1;118;1;1;4;25;2;1;52;49;1.15;41.00
2015;C0105;2;118;1;1;4;5;3;1;49;50;3.50;75.00
2015;C0105;3;118;1;1;4;0;3;1;46;48;12.80;305.00
2015;C0105;5;118;906;902;4;5;1.1;1;40;40;15.70;312.00
2015;C0105;6;118;1;1;4;5;3;1;45;52;13.90;338.00
2015;C0105;7;118;1;1;4;5;2;1;31;31;7.85;12.00
2015;C0105;8;118;1;1;4;10;1.2;1;34;36;8.90;70.00
2015;C0105;10;118;1;1;4;5;1.1;1;41;42;17.00;131.00
2015;C0105;18;118;1;1;4;5;1.2;1;45;47;16.80;226.00
2015;C0105;23;118;1;1;4;5;2;1;41;46;16.92;260.00
2015;C0105;24;118;906;902;4;5;1.1;1;40;41;17.40;279.00
2015;C0105;27;118;1;1;4;25;1.2;1;44;42;17.74;315.00
2015;C0105;28;118;1;1;4;5;2;1;41;41;16.82;337.00
2015;C0105;31;118;1;1;4;5;2;1;32;32;5.60;225.00
2015;C0105;32;118;1;1;4;5;2;1;28;28;7.55;255.00
2015;C0105;33;118;1;1;4;5;2;1;28;28;10.65;272.00
2015;C0105;34;118;23;23;4;;;1;18;19;9.81;227.00
2015;C0105;35;118;1;1;4;5;1.1;1;22;23;9.84;137.00
2015;C0105;36;118;1;1;4;5;1.1;1;25;26;10.20;131.00
2015;C0105;37;118;1;23;4;;;1;22;22;8.80;132.00
2015;C0105;39;118;1;23;4;;;1;18;19;5.52;130.00
2015;C0105;40;118;1;32;4;100;;1;28;29;8.50;47.00
2015;C0105;41;118;1;1;4;25;1.1;1;21;22;8.35;33.00
2015;C0105;42;118;1;1;4;10;1.1;1;21;22;9.80;357.00
2015;C0105;43;118;19;3;4;5;2;1;41;42;14.00;312.00
2015;C0105;44;118;2;2;4;5;2;1;46;46;14.00;180.00
2015;C0111;1;118;1;1;4;5;2;1;62;55;2.20;343.00
2015;C0111;2;118;1;1;4;15;1.2;1;29;29;3.80;110.00
2015;C0111;3;118;1;1;4;5;2;1;38;38;3.60;168.00
2015;C0111;4;116;1;1;4;0;2;1;46;43;10.10;245.00
2015;C0111;5;118;23;23;4;;;1;27;26;9.70;277.00
2015;C0111;6;118;1;1;4;5;2;1;32;32;7.20;129.00
2015;C0111;7;116;1;1;4;10;2;1;40;45;12.20;192.00
2015;C0111;8;116;1;1;4;5;2;1;41;43;15.10;217.00
2015;C0111;9;118;1;1;4;10;2;1;45;41;17.40;230.00
2015;C0111;10;118;1;1;4;15;2;1;37;36;12.80;123.00
2015;C0111;11;116;1;1;4;5;2;1;46;47;14.90;150.00
2015;C0111;12;116;1;1;4;5;3;1;46;48;15.10;179.00
2015;C0111;31;116;1;41;4;100;;1;20;19;10.58;26.00
2015;C0111;32;118;1;1;4;10;2;1;22;22;10.60;54.00
2015;C0111;33;118;1;23;4;;;1;19;19;12.29;88.00
2015;C0111;34;118;1;23;4;;;1;19;21;8.70;224.00
2015;C0111;35;118;1;23;4;;;1;20;20;5.48;238.00
2015;C0111;36;118;1;1;4;5;1.1;1;20;19;10.11;288.00
2015;C0111;37;118;1;1;4;10;1.2;1;19;20;9.77;306.00
2015;C0111;38;118;1;23;4;;;1;26;25;9.40;319.00
2015;C0111;39;118;1;23;4;;;1;27;28;8.65;332.00
2015;C0111;40;118;1;23;4;;;1;18;18;11.90;344.00
2015;C0111;41;118;1;41;4;100;;1;22;22;6.91;353.00
2015;C0133;1;118;1;1;4;65;1.1;1;42;43;0.60;205.00
2015;C0133;5;35;1;1;4;15;1.1;1;22;21;4.00;125.00
2015;C0133;6;35;1;1;4;15;1.1;1;33;33;5.20;155.00
2015;C0133;11;36;1;1;4;30;2;1;31;32;11.90;359.00
2015;C0133;13;116;906;906;4;;;1;20;21;13.70;102.00
2015;C0133;16;134;906;906;4;;;1;35;36;17.80;150.00
2015;C0133;30;36;1;1;4;45;2;1;19;19;9.80;43.00
2015;C0170;2;118;1;18;4;;;1;55;56;12.00;108.00
2015;C0170;3;118;1;1;4;5;3;1;39;35;3.30;292.00
2015;C0170;4;118;1;1;4;5;2;1;60;65;6.00;269.00
2015;C0170;6;118;19;19;;;;1;26;26;8.90;315.00
2015;C0170;11;116;906;906;4;;;1;33;33;14.40;103.00
2015;C0170;13;118;906;906;4;;;1;33;31;14.60;260.00
2015;C0170;20;118;19;19;;;;1;26;26;8.90;315.00
2015;C0170;21;118;1;23;4;;;1;32;33;7.50;62.00
2015;C0170;22;118;1;1;4;15;1.2;1;37;42;7.00;41.00
2015;C0170;23;118;42;42;4;;;1;37;40;9.70;357.00
2015;C0170;24;118;1;1;4;10;2;1;42;43;12.00;8.00
2015;C0170;25;118;1;1;4;10;1.2;1;49;49;13.40;3.00
2015;C0170;26;118;1;1;4;10;3;1;45;39;16.20;13.00
2015;C0170;32;118;1;1;4;0;2;1;50;54;5.40;90.00
2015;C0170;33;118;1;1;4;5;3;1;34;35;4.80;337.00
2015;C0170;34;118;1;1;4;5;3;1;36;34;6.15;324.00
2015;C0170;35;118;1;29;4;;;1;39;37;6.20;289.00
2015;C0170;36;118;1;1;4;5;1.2;1;32;31;8.90;291.00
2015;C0170;37;118;2;2;4;0;2;1;56;56;1.50;105.00
2015;C0204;1;118;1;1;4;10;1.2;1;42;44;0.90;13.00
2015;C0204;2;118;1;1;4;15;1.2;1;40;42;11.00;45.00
2015;C0204;3;118;1;1;4;10;2;1;52;57;18.00;86.00
2015;C0204;4;118;906;906;4;;;1;31;34;16.00;117.00
2015;C0204;5;118;1;1;4;15;2;1;48;50;12.90;296.00
2015;C0204;6;118;1;1;4;10;2;1;45;41;14.90;31.00
2015;C0204;31;123;1;1;4;5;1.2;1;66;66;1.80;90.00
2015;C0204;32;123;1;1;4;5;1.1;1;52;51;9.80;123.00
2015;C0204;33;123;1;23;4;;;1;39;41;11.80;95.00
2015;C0204;34;123;1;23;4;;;1;31;30;11.85;92.00
2015;C0204;35;123;1;1;4;10;1.2;1;38;42;14.80;72.00
2015;C0204;36;123;1;1;4;5;1.2;1;41;42;16.10;63.00
2015;C0204;37;123;1;1;4;25;1.2;1;50;50;11.00;355.00
2015;C0204;38;116;1;1;4;20;2;1;54;57;13.00;253.00
2015;C0204;39;116;1;1;4;10;1.2;1;48;49;12.85;216.00
2015;C0204;40;116;1;1;4;10;1.2;1;46;49;12.85;217.00
2015;C0204;41;123;1;1;4;5;1.1;1;29;33;10.60;184.00
2015;C0204;42;123;1;1;4;5;1.1;1;31;31;12.50;137.00
2015;C0204;43;123;1;1;4;10;1.1;1;27;27;11.10;165.00
2015;C0204;44;123;23;23;4;;;1;34;36;6.80;234.00
2015;C0204;45;118;2;2;4;35;1.1;1;41;41;15.90;110.00
2015;C0217;1;118;1;1;4;15;1.2;1;40;43;1.24;119.00
2015;C0217;2;123;1;1;4;10;2;1;52;56;3.82;29.00
2015;C0217;3;118;1;1;4;20;1.2;1;62;65;8.43;161.00
2015;C0217;4;116;1;1;4;35;1.1;1;30;29;7.76;175.00
2015;C0217;5;123;1;1;4;15;1.2;1;41;46;7.30;232.00
2015;C0217;6;123;1;1;4;5;1.2;1;52;57;10.50;315.00
2015;C0217;7;123;906;906;4;;;1;31;30;13.90;358.00
2015;C0217;8;116;906;906;4;;;1;27;28;14.90;21.00
2015;C0217;9;123;1;1;4;10;1.1;1;29;29;11.60;53.00
2015;C0217;10;123;1;1;4;5;2;1;53;52;11.98;110.00
2015;C0217;11;116;1;1;4;30;1.1;1;34;30;11.56;126.00
2015;C0217;12;123;1;1;4;10;1.2;1;41;38;15.81;206.00
2015;C0217;15;123;1;1;4;5;1.1;1;44;44;16.20;301.00
2015;C0217;16;123;1;1;4;10;1.1;1;33;32;12.50;322.00
2015;C0217;17;123;1;1;4;5;1.2;1;79;80;16.20;335.00
2015;C0217;21;123;906;906;4;;;1;29;28;16.30;93.00
2015;C0217;31;123;1;1;4;10;1.1;1;42;37;6.00;18.00
2015;C0217;32;123;1;1;4;5;1.2;1;25;27;11.15;213.00
2015;C0217;33;123;1;1;4;5;1.2;1;34;32;9.80;350.00
2015;C0217;34;123;906;906;4;;;1;32;33;15.10;72.00
2015;C0217;35;123;1;1;4;5;1.1;1;23;24;10.12;75.00
2015;C0217;36;123;1;1;4;15;2;1;25;26;10.40;37.00
2015;C0236;1;118;1;1;4;10;1.2;1;45;46;0.90;53.00
2015;C0236;2;116;1;1;4;5;1.2;1;35;35;5.60;320.00
2015;C0236;3;116;1;1;4;5;1.1;1;24;25;6.00;5.00
2015;C0236;4;116;1;1;4;5;1.1;1;37;34;8.90;58.00
2015;C0236;5;116;1;1;4;5;1.1;1;32;30;7.40;127.00
2015;C0236;6;116;1;1;4;5;1.1;1;34;33;8.30;130.00
2015;C0236;7;116;1;1;4;10;1.2;1;39;39;6.10;246.00
2015;C0236;8;116;1;1;4;20;1.2;1;31;28;7.50;235.00
2015;C0236;9;116;1;1;4;5;1.1;1;31;28;7.00;281.00
2015;C0236;10;116;1;1;4;10;1.2;1;46;44;16.10;309.00
2015;C0236;11;116;906;906;4;;;1;40;36;17.30;330.00
2015;C0236;13;116;906;906;4;;;1;34;32;15.10;347.00
2015;C0236;14;116;906;906;4;;;1;30;33;16.10;32.00
2015;C0236;15;116;906;906;4;;;1;35;36;15.90;46.00
2015;C0236;17;116;906;906;4;;;1;34;34;14.60;149.00
2015;C0236;18;116;1;1;4;5;1.1;1;28;28;12.50;154.00
2015;C0236;19;116;906;902;4;5;1.2;1;41;36;16.10;218.00
2015;C0236;25;116;906;906;4;;;1;41;37;17.30;358.00
2015;C0236;31;116;23;23;;;;1;17;18;4.37;195.00
2015;C0236;32;116;23;23;;;;1;13;13;4.60;182.00
2015;C0236;33;116;23;23;;;;1;14;14;9.10;196.00
2015;C0236;34;116;1;23;4;;;1;41;37;12.80;215.00
2015;C0236;35;116;23;23;;;;1;22;21;7.88;85.00
2015;C0041;6;118;1;1;4;20;1.1;1;39;42;16.42;276.00
2015;C0041;1;100;1;1;4;35;2;1;71;72;4.73;305.00
2015;C0162;34;118;1;1;4;20;1.1;1;38;35;9.70;3.00
2015;C0162;33;118;1;1;4;15;1.1;1;32;32;12.78;55.00
2015;C0162;32;20;1;1;4;20;1.1;2;25;25;12.80;235.00
2015;C0162;31;20;1;1;4;30;1.1;2;18;19;11.20;195.00
2015;C0162;30;118;1;1;4;15;;1;31;31;12.70;135.00
2015;C0162;29;118;1;1;4;10;1.1;1;37;36;11.70;110.00
2015;C0162;28;118;906;906;4;;;1;36;34;13.79;80.00
2015;C0162;27;118;1;1;4;50;1.1;1;22;22;9.90;50.00
2015;C0162;26;118;1;1;4;10;1.1;1;46;45;8.25;19.00
2015;C0162;25;118;1;1;4;40;1.1;1;23;22;8.40;333.00
2015;C0162;24;118;1;1;4;10;1.1;1;41;42;10.40;325.00
2015;C0162;23;118;1;1;4;15;1.1;1;31;30;7.80;320.00
2015;C0162;22;118;1;1;4;15;1.1;1;32;32;10.40;306.00
2015;C0162;21;118;906;906;4;;;1;37;35;13.60;292.00
2015;C0162;20;118;906;906;4;;;1;22;20;16.40;283.00
2015;C0162;19;118;906;906;4;;;1;30;31;15.30;272.00
2015;C0162;18;118;906;906;4;;;1;37;38;17.10;276.00
2015;C0162;16;118;1;1;4;10;1.1;1;33;31;11.70;160.00
2015;C0162;15;118;1;1;4;15;1.1;1;32;32;8.20;165.00
2015;C0162;14;118;1;1;4;10;1.1;1;37;52;7.50;123.00
2015;C0162;13;118;1;1;4;15;1.1;1;42;42;7.25;65.00
2015;C0162;12;118;1;1;4;20;1.1;1;24;24;4.50;40.00
2015;C0162;11;118;1;1;4;20;1.1;1;33;32;3.00;25.00
2015;C0162;10;118;41;41;;;;1;23;25;6.80;310.00
2015;C0162;9;118;1;1;4;20;1.1;1;32;33;12.30;266.00
2015;C0162;8;118;1;1;4;10;1.1;1;23;23;9.70;210.00
2015;C0162;7;118;1;1;4;55;1.1;1;32;31;9.90;155.00
2015;C0162;6;118;1;1;4;25;1.1;1;27;27;1.50;355.00
2015;C0162;5;118;1;1;4;35;1.1;1;35;35;6.50;274.00
2015;C0162;4;118;1;1;4;25;1.1;1;36;33;9.80;246.00
2015;C0162;3;118;1;1;4;15;1.1;1;34;33;6.90;218.00
2015;C0162;2;118;1;1;4;30;1.1;1;22;23;6.80;169.00
2015;C0162;1;118;1;1;4;15;1.1;1;35;37;1.25;224.00
2015;C0041;2;118;1;1;4;25;1.1;1;45;48;5.51;238.00
2015;C0041;29;8;1;1;4;30;1.1;1;30;35;3.18;192.00
2015;C0041;34;118;1;1;4;20;1.1;1;32;32;10.27;142.00
2015;C0041;27;118;1;1;4;20;1.1;1;27;27;12.95;74.00
2015;C0041;33;118;1;1;4;15;1.1;1;35;35;4.75;37.00
2015;C0041;10;116;19;19;4;;;1;36;34;9.80;328.00
2015;C0041;30;118;29;29;4;;;1;55;56;14.40;208.00
2015;C0041;28;8;29;29;4;;;1;29;28;13.85;171.00
2015;C0041;32;8;29;29;4;;;1;21;21;10.82;164.00
2015;C0041;31;8;906;906;4;;;2;22;38;17.95;154.00
2015;C0060;25;20;1;1;4;10;1.1;1;36;39;8.20;310.00
2015;C0060;32;118;1;1;4;15;1.1;1;30;30;12.95;303.00
2015;C0060;24;10;1;1;4;25;1.1;1;25;20;8.80;283.00
2015;C0060;27;118;1;1;4;30;1.1;1;18;19;6.05;170.00
2015;C0060;2;20;1;1;4;30;1.1;1;53;53;9.05;138.00
2015;C0060;1;20;1;1;4;25;1.1;1;57;67;3.75;63.00
2015;C0061;13;20;1;1;4;30;1.1;1;30;34;6.27;355.00
2015;C0061;14;20;1;23;4;;;1;25;27;9.43;348.00
2015;C0061;11;20;1;1;4;30;1.1;1;27;29;8.93;307.00
2015;C0061;12;20;1;1;4;35;1.1;1;41;45;4.86;296.00
2015;C0061;1;20;1;1;4;20;1.1;2;26;33;5.48;252.00
2015;C0061;31;20;1;1;4;25;1.1;1;39;47;14.84;228.00
2015;C0061;26;20;1;1;4;15;1.1;1;27;29;7.08;145.00
2015;C0061;23;20;1;1;4;40;1.1;1;41;43;16.28;128.00
2015;C0061;25;20;1;1;4;20;1.1;1;31;32;8.82;103.00
2015;C0061;17;20;1;1;4;25;1.1;1;37;42;9.92;33.00
2015;C0061;16;20;1;1;4;15;1.1;1;45;48;13.41;28.00
2015;C0061;15;20;1;1;4;20;1.1;1;31;31;8.65;8.00
2015;C0061;10;20;906;906;4;;;1;27;32;13.80;307.00
2015;C0061;21;20;906;906;4;;;1;33;31;15.82;80.00
2015;C2028;8;118;1;1;4;15;1.1;1;34;32;11.75;341.00
2015;C2028;23;118;1;1;4;5;1.1;1;34;35;5.39;332.00
2015;C2028;6;134;1;1;4;20;1.1;1;24;26;13.00;324.00
2015;C2028;7;118;1;1;4;5;1.1;1;65;61;17.85;323.00
2015;C2028;5;118;1;1;4;5;1.1;1;45;41;10.31;297.00
2015;C2028;4;118;1;1;4;15;1.1;1;29;28;6.24;283.00
2015;C2028;3;118;1;1;4;15;1.1;1;32;32;12.11;251.00
2015;C2028;2;118;1;1;4;5;1.1;1;23;25;5.60;242.00
2015;C2028;1;118;1;1;4;5;1.1;1;54;49;5.08;137.00
2015;C2028;26;118;1;1;4;10;1.1;1;23;22;12.55;107.00
2015;C2028;9;134;1;1;4;25;1.1;1;27;29;9.20;50.00
2015;C2028;22;118;1;1;4;5;1.1;1;26;26;6.99;38.00
2015;C2028;25;118;906;906;4;;;1;26;27;13.89;290.00
2015;C2028;18;35;906;906;4;;;2;23;26;17.06;209.00
2015;C2028;17;20;906;906;4;;;1;20;20;15.10;185.00
2015;C2029;31;29;1;1;4;30;2;2;21;23;9.50;327.00
2015;C2029;9;29;1;1;4;45;1.2;2;18;19;5.20;316.00
2015;C2029;30;29;1;1;4;20;2;2;18;16;12.00;307.00
2015;C2029;8;29;1;1;4;30;2;2;17;19;5.70;304.00
2015;C2029;7;29;1;1;4;30;2;2;13;14;7.95;300.00
2015;C2029;5;29;1;1;4;20;2;2;16;18;7.67;255.00
2015;C2029;4;29;1;1;4;35;2;2;18;18;12.15;234.00
2015;C2029;20;29;1;1;4;30;2;2;22;17;9.95;194.00
2015;C2029;2;23;1;1;4;35;2;1;15;18;4.60;185.00
2015;C2029;19;23;1;1;4;35;1.2;1;14;21;10.20;180.00
2015;C2029;16;29;1;1;4;25;2;2;17;16;7.15;167.00
2015;C2029;15;29;1;1;4;25;2;2;12;15;7.00;127.00
2015;C2029;14;29;1;1;4;30;2;2;14;14;6.35;99.00
2015;C2029;13;29;1;1;4;40;2;2;14;16;9.55;68.00
2015;C2029;12;29;1;1;4;35;2;2;15;16;8.60;65.00
2015;C2029;11;29;1;1;4;15;2;2;15;16;6.44;48.00
2015;C2029;1;29;1;1;4;30;2;2;15;13;1.00;18.00
2015;C2029;32;29;18;18;4;;;2;15;15;8.90;145.00
2015;C2029;3;29;23;23;4;;;2;15;14;9.38;218.00
2015;C2029;17;68;23;23;4;;;1;15;15;7.50;182.00
2015;C2029;29;29;906;906;4;;;2;17;16;15.90;273.00
2015;C2029;28;5;906;906;4;;;2;14;15;15.30;264.00
2015;C2029;27;29;906;906;4;;;2;14;13;14.50;252.00
2015;C2029;23;29;906;906;4;;;2;15;17;16.20;220.00
2015;C2029;21;29;906;906;4;;;2;14;15;15.20;201.00
2015;C2030;22;20;1;1;4;40;1.1;1;40;40;17.50;209.00
2015;C2030;20;34;1;1;4;40;1.1;1;50;49;12.30;191.00
2015;C2030;34;68;1;1;4;40;1.1;2;29;29;11.20;102.00
2015;C2030;35;22;1;1;4;20;1.1;1;20;18;9.10;99.00
2015;C2030;30;22;1;1;4;25;1.1;1;23;20;7.40;88.00
2015;C2030;37;22;1;1;4;15;1.1;1;28;25;9.60;74.00
2015;C2030;29;22;1;1;4;40;1.1;1;24;26;5.25;14.00
2015;C2030;33;22;906;906;4;;;1;28;26;15.30;111.00
2015;C2030;38;22;906;906;4;;;2;21;20;15.00;81.00
2015;C2030;47;22;906;906;4;;;1;25;24;17.20;76.00
2015;C2030;50;20;906;906;4;;;1;36;36;16.70;47.00
2015;C2030;49;13;906;906;4;;;1;30;30;14.60;45.00
2015;C2031;10;29;1;1;4;40;1.1;1;19;19;12.95;259.00
2015;C2031;8;68;1;1;4;20;2;1;39;37;7.20;244.00
2015;C2031;36;29;1;1;4;30;1.1;1;24;23;12.10;150.00
2015;C2031;31;68;1;1;4;30;2;3;34;50;12.25;70.00
2015;C2031;3;36;1;1;4;40;1.1;1;25;25;5.23;60.00
2015;C2031;2;13;1;1;4;25;1.1;1;22;20;4.36;25.00
2015;C2031;34;68;29;29;4;;;2;21;27;31.00;120.00
2015;C2031;39;29;906;906;4;;;1;24;23;15.40;283.00
2015;C2031;38;29;906;906;4;;;1;18;20;14.30;235.00
2015;C2031;19;29;906;906;4;;;1;23;23;18.00;213.00
2015;C2031;17;29;906;906;4;;;1;26;22;14.75;197.00
2015;C2031;32;13;906;906;4;;;1;35;31;15.40;106.00
2015;C0219;45;29;1;1;4;5;2;2;17;20;12.00;52.00
2015;C0219;44;29;906;906;4;;;2;17;18;15.30;345.00
2015;C0219;41;29;906;906;4;;;2;18;17;15.20;18.00
2015;C0219;40;29;1;1;4;10;1.2;2;12;12;11.80;356.00
2015;C0219;39;29;1;1;4;15;2;2;16;18;10.90;318.00
2015;C0219;38;29;1;1;4;15;2;2;14;16;12.80;305.00
2015;C0219;37;29;1;1;4;5;1.2;2;13;14;12.80;294.00
2015;C0219;35;29;1;1;4;10;1.1;2;12;14;12.10;245.00
2015;C0219;34;29;906;906;4;;;2;19;20;15.15;324.00
2015;C0219;32;29;1;1;4;5;1.2;2;21;18;8.50;138.00
2015;C0219;31;29;3;3;4;;;2;15;18;11.60;194.00
2015;C0219;29;29;906;906;4;;;2;16;16;15.00;355.00
2015;C0219;28;29;906;906;4;;;2;18;17;13.80;286.00
2015;C0219;25;49;906;906;4;;;2;18;17;13.80;286.00
2015;C0219;22;134;1;1;4;15;1.2;1;20;20;12.00;240.00
2015;C0219;21;29;906;906;4;;;2;21;25;15.90;220.00
2015;C0219;20;49;906;906;4;;;2;33;33;17.10;209.00
2015;C0219;19;29;906;906;4;;;2;20;21;14.00;181.00
2015;C0219;17;49;1;1;4;10;1.2;2;15;16;11.90;123.00
2015;C0219;14;29;1;1;4;5;1.2;2;16;18;10.86;113.00
2015;C0219;13;29;1;1;4;5;1.2;2;26;27;9.10;117.00
2015;C0219;12;29;906;906;4;;;2;15;15;13.50;96.00
2015;C0219;11;29;1;1;4;5;2;2;24;24;10.55;78.00
2015;C0219;9;29;1;1;4;10;1.2;2;18;17;9.12;20.00
2015;C0219;7;29;1;1;4;15;1.2;2;17;19;6.90;359.00
2015;C0219;6;29;1;1;4;5;1.2;2;19;22;8.30;235.00
2015;C0219;5;116;19;19;4;;;1;24;25;6.30;70.00
2015;C0117;1;20;1;1;4;20;1.1;1;74;74;2.30;96.00
2015;C0117;2;20;1;1;4;20;1.1;1;42;39;2.56;177.00
2015;C0117;3;20;1;1;4;20;1.1;1;57;48;15.70;70.00
2015;C0117;4;20;1;1;4;20;1.1;1;47;47;17.39;67.00
2015;C0117;5;20;906;906;4;;;1;33;31;13.30;85.00
2015;C0117;6;20;906;906;4;;;1;21;19;15.71;100.00
2015;C0117;10;20;1;1;4;5;1.1;1;26;25;6.03;172.00
2015;C0117;14;20;906;906;4;;;2;22;23;16.54;250.00
2015;C0117;16;20;906;906;4;;;2;19;20;15.90;259.00
2015;C0117;17;20;906;906;4;;;2;21;23;16.60;260.00
2015;C0117;18;20;906;906;4;;;2;18;19;16.29;263.00
2015;C0117;19;20;906;906;4;;;1;25;23;16.15;288.00
2015;C0117;24;20;906;906;4;;;1;25;27;17.71;200.00
2015;C0117;27;20;906;906;4;;;1;19;17;17.70;220.00
2015;C0117;30;20;906;906;4;;;2;30;29;17.50;250.00
2015;C0117;31;20;906;906;4;;;2;30;27;17.50;251.00
2015;C0117;34;20;1;1;4;20;1.1;2;19;22;4.93;270.00
2015;C0117;35;20;906;906;4;;;1;19;20;15.19;166.00
2015;C0117;36;20;1;1;4;25;1.1;1;19;21;6.36;337.00
2015;C0117;37;29;906;906;4;;;1;16;16;16.12;155.00
2015;C0117;38;29;1;1;4;25;1.1;1;11;11;6.16;337.00
2015;C0117;39;20;1;1;4;15;1.1;1;17;18;12.10;355.00
2015;C0119;1;100;1;1;4;15;1.1;1;41;39;2.50;316.00
2015;C0119;3;100;1;1;4;10;1.2;1;43;39;7.78;318.00
2015;C0119;8;100;29;29;;;;1;37;40;40.00;91.00
2015;C0119;20;116;1;1;4;30;2;1;63;60;13.18;120.00
2015;C0119;21;116;1;1;4;25;2;1;47;45;11.70;121.00
2015;C0119;23;116;1;1;4;30;1.2;1;50;52;11.25;119.00
2015;C0119;25;100;1;1;4;25;1.1;1;60;55;10.59;85.00
2015;C0119;26;10;29;29;;;;1;18;16;25.00;90.00
2015;C0119;27;100;1;1;4;15;2;1;44;45;14.02;203.00
2015;C0119;31;100;1;1;4;15;1.1;1;34;34;4.68;180.00
2015;C0119;32;64;1;1;4;30;1.2;1;14;15;7.30;35.00
2015;C0119;33;64;1;1;4;30;1.2;1;13;13;7.12;33.00
2015;C0119;34;100;906;906;4;;;1;41;37;14.14;325.00
2015;C0119;35;64;1;1;4;35;1.2;1;12;12;12.49;47.00
2015;C0119;36;100;1;1;4;15;1.1;1;14;14;2.72;179.00
2015;C0119;37;64;1;1;4;35;1.1;1;11;11;8.36;200.00
2015;C0119;38;64;1;1;4;35;1.1;1;14;15;8.30;200.00
2015;C0150;1;15;29;29;;;;2;32;36;5.64;287.00
2015;C0150;2;5;1;1;4;30;1.2;1;42;44;12.65;316.00
2015;C0150;3;15;29;29;;;;1;27;29;12.31;335.00
2015;C0150;4;15;1;1;4;50;1.1;1;57;57;11.14;348.00
2015;C0150;8;15;906;906;4;;;2;32;34;15.83;70.00
2015;C0150;9;15;906;906;4;;;1;36;35;15.25;74.00
2015;C0150;10;15;1;1;4;35;1.2;1;37;39;11.50;90.00
2015;C0150;11;15;29;29;;;;1;26;28;13.65;118.00
2015;C0150;13;15;1;1;4;40;1.2;1;38;40;11.86;135.00
2015;C0150;15;5;1;1;4;20;1.1;1;42;41;13.92;160.00
2015;C0150;22;10;906;906;4;;;1;26;30;15.57;241.00
2015;C0150;29;15;906;906;4;;;1;26;31;16.94;339.00
2015;C0150;32;15;1;1;4;25;1.2;2;25;25;11.06;277.00
2015;C0150;33;15;1;23;4;;;2;29;31;12.97;22.00
2015;C0150;34;15;906;906;4;;;1;27;30;15.25;25.00
2015;C0150;35;5;1;1;4;30;1.1;1;21;23;4.12;115.00
2015;C0150;36;5;1;1;4;25;1.1;1;24;24;11.23;243.00
2015;C0150;37;5;1;1;4;25;1.1;1;25;26;5.87;25.00
2015;C0150;39;15;1;1;4;35;1.1;1;32;36;1.82;262.00
2015;C0150;40;5;1;1;4;30;1.1;1;20;21;12.11;222.00
2015;C0150;41;15;906;906;4;;;1;24;27;16.00;202.00
2015;C0150;42;5;1;1;4;20;1.1;1;16;17;3.75;14.00
2015;C0150;43;5;1;1;4;15;1.1;1;16;17;2.41;143.00
2015;C0150;44;5;1;1;4;25;1.1;1;19;22;8.14;215.00
2015;C0150;45;5;1;1;4;20;1.1;1;17;18;9.96;227.00
2015;C0150;46;15;29;29;;;;2;26;24;4.78;272.00
2015;C0150;47;5;1;1;4;20;1.1;1;14;14;4.19;343.00
2015;C0152;1;11;1;1;4;30;1.1;1;19;20;8.09;335.00
2015;C0152;3;20;906;906;4;;;2;23;27;15.00;22.00
2015;C0152;4;20;906;906;4;;;2;20;22;13.36;51.00
2015;C0152;7;20;1;1;4;30;1.1;2;18;19;7.85;35.00
2015;C0152;9;20;906;906;4;;;2;21;19;16.50;74.00
2015;C0152;10;20;1;1;4;15;1.1;2;20;21;9.83;132.00
2015;C0152;11;20;1;1;4;15;1.1;1;21;22;4.74;85.00
2015;C0152;12;20;906;906;4;;;2;18;23;16.80;162.00
2015;C0152;16;20;906;906;4;;;2;24;23;16.35;158.00
2015;C0152;17;20;906;906;4;;;2;21;24;16.35;159.00
2015;C0152;18;20;906;906;4;;;2;16;17;16.40;160.00
2015;C0152;24;20;1;1;4;35;1.1;1;20;20;3.90;225.00
2015;C0152;25;20;1;1;4;30;1.1;1;25;25;3.90;230.00
2015;C0152;26;20;1;1;4;30;1.1;2;18;20;9.41;275.00
2015;C0152;28;20;906;906;4;;;2;21;23;13.25;325.00
2015;C0152;29;20;1;1;4;90;1.1;1;19;21;3.29;28.00
2015;C0152;32;20;906;906;4;;;2;17;19;13.05;35.00
2015;C0152;33;20;1;1;4;25;1.1;2;16;16;4.80;240.00
2015;C0152;34;20;1;1;4;35;1.1;2;16;16;11.51;167.00
2015;C0152;35;20;906;906;4;;;2;14;15;15.50;330.00
2015;C0152;36;20;1;1;4;30;1.1;2;12;15;11.79;2.00
2015;C0152;37;20;906;906;4;;;2;17;20;13.60;283.00
2015;C0152;38;20;1;1;4;25;1.1;2;13;16;10.87;3.00
2015;C0152;39;20;1;1;4;20;1.1;2;14;17;11.00;5.00
2015;C0152;40;20;1;1;4;25;1.1;2;17;21;11.00;99.00
2015;C0152;41;63;1;1;4;35;1.1;1;12;14;10.54;100.00
2015;C0152;42;20;1;1;4;25;1.1;2;11;11;4.60;152.00
2015;C0152;43;63;1;1;4;60;1.1;2;11;11;10.38;163.00
2015;C0152;44;63;1;1;4;20;1.1;1;10;10;1.54;25.00
2015;C0152;45;20;1;1;4;30;1.1;2;11;11;11.12;180.00
2015;C0184;3;15;1;1;4;70;1.1;3;31;32;3.25;191.00
2015;C0184;4;15;19;19;4;;;2;21;21;4.50;186.00
2015;C0184;5;15;1;1;4;50;1.2;2;33;35;3.44;170.00
2015;C0184;6;15;19;19;;;;1;28;29;7.21;114.00
2015;C0184;7;48;1;1;4;10;1.2;1;29;31;4.80;87.00
2015;C0184;10;15;29;29;4;;;2;32;31;11.00;94.00
2015;C0184;11;15;29;29;;;;2;26;28;11.90;96.00
2015;C0184;12;56;906;906;4;;;1;34;36;13.50;95.00
2015;C0184;13;5;1;1;4;10;1.2;1;41;39;14.20;80.00
2015;C0184;14;56;1;1;4;25;1.1;1;31;33;10.00;79.00
2015;C0184;15;56;1;1;4;30;1.1;1;37;39;9.00;75.00
2015;C0184;16;15;29;29;;;;1;30;29;8.10;62.00
2015;C0184;17;56;1;1;4;60;1.1;1;33;33;7.80;48.00
2015;C0184;19;56;1;1;4;40;1.1;1;32;31;9.54;29.00
2015;C0184;20;56;1;1;4;40;1.2;1;32;32;10.32;15.00
2015;C0184;21;56;19;19;;;;2;21;22;8.44;4.00
2015;C0184;22;15;1;1;4;50;1.2;2;33;35;7.70;5.00
2015;C0184;23;15;29;29;;;;2;18;17;6.73;296.00
2015;C0184;25;15;29;29;;;;2;18;17;7.78;290.00
2015;C0184;26;48;1;1;4;20;2;1;20;19;7.89;264.00
2015;C0184;27;35;1;1;4;35;1.1;1;30;33;5.79;255.00
2015;C0184;28;36;1;1;4;60;1.1;1;26;28;3.98;249.00
2015;C0184;31;22;1;1;4;35;1.1;1;21;21;11.98;315.00
2015;C0184;32;29;1;1;4;40;2;1;17;19;2.26;275.00
2015;C0184;33;15;906;906;4;;;2;26;26;13.86;255.00
2015;C0184;34;48;1;1;4;25;1.1;1;21;20;9.68;304.00
2015;C0184;35;48;906;906;4;;;1;26;26;14.80;293.00
2015;C0184;37;1;906;906;4;;;1;21;20;14.19;350.00
2015;C0184;38;56;906;906;4;;;2;34;33;14.42;95.00
2015;C0184;40;56;906;906;4;;;1;25;27;14.39;101.00
2015;C0184;41;48;906;906;4;;;1;21;22;15.69;311.00
2015;C0184;42;48;906;906;4;;;1;32;33;17.36;111.00
2015;C0184;43;29;1;1;4;25;2;1;13;15;9.59;315.00
2015;C0184;44;29;1;1;4;35;1.2;2;22;24;10.86;180.00
2015;C0184;45;29;1;1;4;35;1.2;2;23;23;10.90;180.00
2015;C0184;46;7;1;1;4;30;1.1;1;30;30;11.41;207.00
2015;C0184;47;29;1;1;4;30;1.2;1;15;16;6.15;217.00
2015;C0184;48;29;29;29;;;;1;16;16;6.23;236.00
2015;C2069;1;41;1;1;4;15;3;3;34;33;5.84;305.00
2015;C2069;2;41;1;1;4;30;2;3;37;38;9.15;108.00
2015;C2069;3;41;1;1;4;10;2;3;39;40;9.92;29.00
2015;C2069;4;41;1;1;4;20;1.2;3;21;22;12.65;230.00
2015;C2069;5;41;906;906;4;;;3;33;37;13.59;274.00
2015;C2069;6;41;1;1;4;10;3;3;48;42;13.74;250.00
2015;C2069;7;41;906;906;4;;;3;31;34;14.83;146.00
2015;C2069;8;41;1;1;4;5;2;3;43;45;16.19;87.00
2015;C2069;9;41;1;1;4;25;2;2;18;17;6.70;169.00
2015;C2069;10;41;23;23;;;;2;15;14;8.69;191.00
2015;C2069;11;41;906;906;4;;;3;20;21;13.11;198.00
2015;C2069;12;41;1;23;4;;;2;16;17;12.07;270.00
2015;C2069;13;41;1;1;4;10;1.2;2;15;15;10.71;140.00
2015;C2069;14;41;1;23;4;;;2;14;13;12.72;159.00
2015;C2069;15;41;906;906;4;;;2;13;14;13.08;208.00
2015;C2069;16;41;23;23;;;;2;11;11;1.71;68.00
2015;C2069;17;41;23;23;;;;2;11;11;2.41;252.00
2015;C2069;18;41;23;23;;;;2;10;10;7.26;356.00
2015;C2069;19;41;23;23;;;;2;12;12;4.09;158.00
2015;C2069;20;41;1;1;4;20;3;2;13;13;10.25;312.00
2015;C2019;2;41;1;1;4;30;2;2;17;17;2.73;242.00
2015;C2019;3;41;1;1;4;20;1.2;2;21;23;3.13;23.00
2015;C2019;4;49;1;1;4;45;1.1;3;28;28;4.28;71.00
2015;C2019;7;49;23;23;;;;3;28;32;5.39;238.00
2015;C2019;9;41;1;1;4;20;1.2;2;21;21;5.26;334.00
2015;C2019;10;41;1;1;4;35;2;2;20;19;8.19;359.00
2015;C2019;11;41;1;1;4;30;2;2;17;17;10.07;13.00
2015;C2019;12;41;23;23;4;;;2;16;17;6.08;27.00
2015;C2019;13;41;1;1;4;30;1.2;2;18;20;9.22;41.00
2015;C2019;14;41;23;23;;;;2;16;16;11.79;49.00
2015;C2019;15;41;1;1;4;15;1.2;2;16;17;11.75;51.00
2015;C2019;16;41;1;1;4;25;1.2;3;25;24;12.54;70.00
2015;C2019;17;49;1;1;4;45;1.1;2;15;16;11.27;76.00
2015;C2019;18;49;23;23;;;;2;13;14;11.15;81.00
2015;C2019;19;41;1;1;4;25;2;2;19;19;9.98;151.00
2015;C2019;20;41;1;1;4;25;2;2;24;23;8.39;159.00
2015;C2019;21;49;23;23;;;;3;30;28;11.10;171.00
2015;C2019;22;41;1;23;4;;;2;21;20;11.63;185.00
2015;C2019;23;41;1;1;4;20;2;3;24;27;10.17;212.00
2015;C2019;24;41;1;1;4;20;2;2;16;17;8.84;229.00
2015;C2019;25;41;1;1;4;15;2;2;24;23;9.49;269.00
2015;C2019;27;41;1;1;4;20;3;2;22;23;10.10;321.00
2015;C2019;28;49;906;906;4;;;3;27;27;14.07;1.00
2015;C2019;29;41;906;906;4;;;2;19;20;17.99;33.00
2015;C2019;31;41;906;906;4;;;2;16;17;14.95;82.00
2015;C2019;32;49;23;23;;;;2;18;17;12.56;118.00
2015;C2019;33;49;906;906;4;;;3;33;28;14.77;135.00
2015;C2019;34;41;906;906;4;;;2;19;18;16.90;105.00
2015;C2019;35;41;906;906;4;;;2;23;25;17.73;63.00
2015;C2019;36;41;23;23;;;;2;12;13;12.60;49.00
2015;C2019;37;41;1;1;4;20;1.1;1;12;13;10.23;115.00
2015;C2019;38;41;23;23;;;;2;13;14;10.66;127.00
2015;C2019;39;41;1;1;4;20;2;2;15;16;11.74;150.00
2015;C2019;40;41;23;23;;;;2;13;13;9.40;184.00
2015;C2018;1;41;1;11;4;100;;3;22;22;1.53;273.00
2015;C2018;3;46;1;1;4;15;1.2;3;37;39;7.80;35.00
2015;C2018;4;41;1;1;4;35;1.2;2;14;15;7.47;142.00
2015;C2018;5;41;1;11;4;100;;3;21;21;8.31;165.00
2015;C2018;6;41;1;11;4;100;;3;19;18;9.81;195.00
2015;C2018;7;41;1;1;4;55;2;3;19;20;6.24;195.00
2015;C2018;8;49;23;11;4;100;;2;14;13;6.98;260.00
2015;C2018;9;41;1;1;4;40;1.2;3;21;21;6.36;285.00
2015;C2018;10;41;1;11;4;100;;3;24;26;10.70;311.00
2015;C2018;11;41;1;11;4;100;;3;21;21;11.35;338.00
2015;C2018;12;41;1;11;4;100;;3;20;21;11.46;16.00
2015;C2018;13;41;906;906;4;;;3;18;18;14.46;31.00
2015;C2018;14;41;906;906;4;;;3;20;20;18.00;37.00
2015;C2018;15;41;906;906;4;;;2;16;15;15.36;50.00
2015;C2018;16;41;906;906;4;;;2;15;16;15.60;62.00
2015;C2018;17;46;906;906;4;;;1;15;18;16.78;142.00
2015;C2018;18;41;906;906;4;;;2;17;16;13.49;168.00
2015;C2018;20;41;1;1;4;25;1.1;3;21;19;12.72;198.00
2015;C2018;21;41;906;906;4;;;2;17;17;15.48;208.00
2015;C2018;22;41;1;1;4;30;1.1;2;14;15;12.57;218.00
2015;C2018;23;41;906;906;4;;;2;17;16;16.54;227.00
2015;C2018;24;41;906;906;4;;;2;15;14;15.42;243.00
2015;C2018;25;41;906;906;4;;;3;22;20;17.77;258.00
2015;C2018;26;41;906;906;4;;;2;16;17;15.38;266.00
2015;C2018;27;41;906;906;4;;;3;28;27;13.02;283.00
2015;C2018;28;41;906;906;4;;;2;18;19;17.99;274.00
2015;C2018;29;41;906;906;4;;;3;22;25;15.10;331.00
2015;C2018;31;41;906;906;4;;;2;17;18;16.35;290.00
2015;C2018;32;41;1;1;4;35;1.1;2;15;16;0.79;152.00
2015;C2018;33;41;1;11;4;100;;2;13;14;1.40;133.00
2015;C2018;34;41;1;11;4;100;;2;14;13;2.02;193.00
2015;C2018;35;41;23;11;4;100;;2;11;10;11.03;10.00
2015;C2018;36;41;23;11;4;100;;2;12;11;12.53;32.00
2015;C2018;37;41;1;11;4;100;;2;10;10;10.55;82.00
2015;C2018;38;41;1;1;4;15;1.1;2;12;12;6.15;65.00
2015;C2018;39;41;1;1;4;15;1.1;2;11;10;8.30;104.00
2015;C2018;40;41;1;1;4;60;1.1;2;11;11;12.40;126.00
2015;C2018;41;41;1;11;4;100;;2;12;12;10.29;133.00
2015;C2018;42;41;1;1;4;40;1.1;2;12;11;10.46;145.00
2015;C2018;43;41;1;1;4;55;1.1;2;11;13;11.26;164.00
2015;C2018;44;41;1;1;4;55;1.1;2;14;14;10.10;240.00
2015;C2018;45;41;1;11;4;100;;2;11;10;12.04;250.00
2015;C2018;46;41;1;11;4;100;;2;11;10;11.20;252.00
2015;C2018;47;2;1;1;4;50;3;1;14;13;10.58;259.00
2015;C2018;48;41;1;1;4;25;1.1;2;14;14;9.81;270.00
2015;C2018;49;41;1;1;4;55;1.1;2;12;11;10.60;329.00
2015;C2018;50;41;1;1;4;25;1.1;2;14;14;11.57;342.00
2015;C2018;51;41;23;11;4;100;;2;11;10;9.19;350.00
2015;C0612;1;29;1;1;4;15;2;2;19;14;2.54;110.00
2015;C0612;3;20;1;1;4;15;1.2;2;22;21;6.42;9.00
2015;C0612;4;48;1;1;4;15;1.1;3;25;22;9.12;62.00
2015;C0612;5;29;1;1;4;10;3;2;16;14;12.72;107.00
2015;C0612;6;41;1;1;4;30;2;3;27;30;9.08;153.00
2015;C0612;7;41;1;1;4;40;3;2;22;24;9.00;179.00
2015;C0612;8;48;1;1;4;45;1.1;3;30;34;8.25;199.00
2015;C0612;9;41;1;1;4;5;1.1;3;31;27;7.67;285.00
2015;C0612;10;48;1;1;4;10;1.1;2;26;25;11.78;298.00
2015;C0612;12;48;1;1;4;10;1.2;3;29;28;8.19;324.00
2015;C0612;13;20;906;906;4;;;3;26;22;15.25;28.00
2015;C0612;14;48;906;906;4;;;3;23;21;18.00;40.00
2015;C0612;16;3;906;906;4;;;2;18;17;14.80;76.00
2015;C0612;19;41;906;906;4;;;3;26;25;16.69;127.00
2015;C0612;20;41;906;906;4;;;2;20;19;16.71;149.00
2015;C0612;21;48;1;1;4;10;1.1;3;29;30;11.77;211.00
2015;C0612;22;41;906;906;4;;;1;24;22;13.15;210.00
2015;C0612;23;29;906;906;4;;;2;17;14;13.82;226.00
2015;C0612;27;41;906;906;4;;;2;27;24;14.72;283.00
2015;C0612;30;41;906;906;4;;;2;28;24;15.94;289.00
2015;C0612;31;20;23;23;4;;;2;15;14;7.53;35.00
2015;C0612;32;3;1;1;4;10;1.1;2;16;16;12.95;16.00
2015;C0612;35;29;906;906;4;;;2;15;16;14.39;54.00
2015;C0612;36;3;1;1;4;5;1.1;2;17;15;12.49;116.00
2015;C0612;37;23;1;1;4;25;2;2;15;17;4.30;184.00
2015;C0612;38;29;1;1;4;15;1.1;2;12;12;2.78;87.00
2015;C0612;39;23;1;1;4;30;1.1;2;10;10;7.99;60.00
2015;C0612;40;23;1;1;4;15;1.1;2;11;13;7.62;349.00
2015;C0612;41;23;1;1;4;20;1.1;2;10;11;12.56;29.00
2015;C0612;42;29;1;1;4;10;1.1;2;14;13;11.79;44.00
2015;C0612;43;29;1;1;4;10;2;2;14;12;6.40;83.00
2015;C0612;44;29;1;1;4;15;1.2;2;13;12;7.68;106.00
2015;C0612;45;29;1;1;4;10;1.1;2;13;14;9.14;92.00
2015;C0612;46;29;1;1;4;60;1.1;2;11;12;11.84;94.00
2015;C0612;47;13;1;23;4;;;2;12;11;9.89;139.00
2015;C0612;48;23;1;1;4;15;1.1;2;11;11;5.52;318.00
2015;C0788;37;41;1;1;4;20;1.1;1;15;15;11.70;175.00
2015;C0788;2;41;1;1;4;15;1.1;2;21;19;7.55;283.00
2015;C0788;24;41;1;1;4;15;1.1;1;20;18;9.09;333.00
2015;C0484;53;20;1;1;4;40;1.1;2;15;16;10.60;283.00
2015;C0484;52;20;1;1;4;20;1.1;2;15;15;10.35;278.00
2015;C0484;51;20;1;23;4;;;2;12;13;6.27;256.00
2015;C0484;50;20;1;1;4;20;1.1;2;17;15;6.18;179.00
2015;C0484;49;20;1;1;4;45;1.1;2;14;15;12.60;149.00
2015;C0484;48;20;1;1;4;15;1.1;2;11;11;9.34;149.00
2015;C0484;47;20;1;1;4;35;1.1;2;14;18;6.71;141.00
2015;C0484;46;20;1;1;4;25;1.1;2;14;13;5.23;86.00
2015;C0484;44;20;1;1;4;20;1.1;2;10;10;10.17;95.00
2015;C0484;45;20;1;1;4;20;1.1;2;12;12;6.35;91.00
2015;C0484;43;20;1;1;4;15;1.1;2;12;12;10.67;95.00
2015;C0484;42;20;1;1;4;15;1.1;2;11;11;12.50;95.00
2015;C0484;40;20;1;1;4;25;1.1;2;10;11;9.23;84.00
2015;C0484;41;20;1;1;4;30;1.1;2;10;10;13.00;91.00
2015;C0484;39;20;1;1;4;20;1.1;1;16;15;8.45;55.00
2015;C0484;38;20;1;1;4;20;1.1;2;16;16;11.70;52.00
2015;C0484;37;20;23;23;4;;;2;14;15;9.23;40.00
2015;C0484;36;20;1;1;4;15;1.1;2;17;17;2.33;22.00
2015;C0484;35;20;1;1;4;20;1.1;2;18;15;3.05;349.00
2015;C0484;34;20;1;1;4;30;1.1;2;13;15;3.58;254.00
2015;C0484;33;20;1;1;4;20;1.1;2;17;19;0.58;212.00
2015;C0484;32;20;1;1;4;35;1.1;2;19;19;3.97;202.00
2015;C0484;31;20;1;1;4;15;1.1;2;20;20;12.10;256.00
2015;C0484;30;20;1;1;4;20;1.2;2;21;22;12.77;295.00
2015;C0484;29;20;1;1;4;25;1.1;2;23;25;7.65;241.00
2015;C0484;28;20;1;1;4;15;1.1;2;22;23;8.35;266.00
2015;C0484;26;20;1;1;4;25;1.1;2;16;20;7.20;273.00
2015;C0484;25;20;906;906;4;;;2;21;24;15.32;318.00
2015;C0484;16;20;1;1;4;25;1.1;2;17;17;9.49;343.00
2015;C0484;15;20;1;1;4;25;1.1;2;22;22;10.65;326.00
2015;C0484;14;20;1;1;4;20;1.1;2;25;28;6.10;310.00
2015;C0484;12;20;29;29;;;;2;15;14;17.34;44.00
2015;C0484;13;20;1;1;4;20;1.1;2;19;21;11.80;42.00
2015;C0484;11;20;1;1;4;30;1.1;2;17;17;7.15;50.00
2015;C0484;10;20;1;1;4;15;1.1;2;21;20;4.57;30.00
2015;C0484;8;20;906;906;4;;;2;27;26;17.72;291.00
2015;C0484;7;20;1;1;4;40;1.1;2;21;24;12.50;318.00
2015;C2015;1;15;23;3;4;20;1.1;2;21;23;0.20;83.00
2015;C2015;2;15;906;906;4;;;1;23;25;15.05;55.00
2015;C2015;3;35;1;1;4;20;1.1;1;29;29;2.51;196.00
2015;C2015;4;15;23;3;4;99;1.1;2;19;21;3.36;137.00
2015;C2015;5;35;1;1;4;99;1.1;1;43;43;4.08;201.00
2015;C2015;6;35;1;1;4;20;1.1;1;30;31;4.95;209.00
2015;C2015;7;15;19;19;4;;;2;19;18;99.00;20.00
2015;C2015;8;15;1;1;4;30;1.1;3;28;27;10.48;331.00
2015;C2015;9;15;1;1;4;40;1.1;3;36;36;5.72;80.00
2015;C2015;10;35;1;1;4;10;1.1;1;43;41;6.48;208.00
2015;C2015;11;35;1;1;4;100;;1;30;32;5.80;222.00
2015;C2015;12;15;1;1;4;99;1.1;2;22;21;11.32;20.00
2015;C2015;13;15;906;906;4;;;2;27;27;16.46;32.00
2015;C2015;14;15;1;1;4;20;1.1;2;25;21;6.35;295.00
2015;C2015;17;15;1;1;4;15;1.1;2;27;28;8.04;268.00
2015;C2015;18;15;19;19;;;;2;17;17;99.00;0.00
2015;C2015;19;15;19;19;;;;1;34;33;99.00;10.00
2015;C2015;20;15;1;1;4;40;1.1;3;27;27;7.18;245.00
2015;C2015;21;10;1;1;4;20;1.1;1;29;26;10.65;68.00
2015;C2015;22;15;1;1;4;99;1.1;2;23;24;8.85;126.00
2015;C2015;23;15;1;22;4;99;1.1;2;24;22;12.82;165.00
2015;C2015;24;15;1;1;4;99;1.1;2;19;20;7.94;145.00
2015;C2015;25;15;23;3;4;50;1.1;2;17;17;7.80;171.00
2015;C2015;27;10;1;1;4;100;;1;43;39;13.13;357.00
2015;C2015;28;10;1;1;4;10;;2;35;33;11.98;100.00
2015;C2015;29;10;1;1;4;10;1.1;1;37;31;12.55;71.00
2015;C2015;30;15;906;906;4;;;1;24;24;13.75;152.00
2015;C2015;31;15;906;906;4;;;1;25;27;13.50;197.00
2015;C2015;32;35;1;1;4;99;1.1;1;33;36;11.18;0.00
2015;C2015;33;10;19;19;4;;;1;36;34;10.70;100.00
2015;C2015;34;35;1;41;4;100;;1;41;41;14.02;128.00
2015;C2015;35;15;1;1;4;35;1.1;2;20;20;11.17;230.00
2015;C2015;36;35;1;1;4;25;1.1;1;20;19;12.46;186.00
2015;C2015;37;15;1;1;4;30;1.1;1;22;23;12.75;2.92
2015;C2015;38;15;1;1;4;35;1.1;1;16;17;11.77;272.00
2015;C0484;2;20;906;906;4;;;2;18;18;14.18;60.00
2015;C0484;1;20;1;1;4;30;1.1;2;18;17;3.65;87.00
2015;C0483;43;129;1;1;4;25;2;1;12;13;7.25;180.00
2015;C0483;42;129;1;1;4;35;1.2;1;13;14;4.30;188.00
2015;C0483;40;129;1;1;4;35;3;1;27;29;11.20;122.00
2015;C0483;41;129;1;1;4;25;2;1;20;20;3.18;36.00
2015;C0483;39;129;1;1;4;20;2;1;39;41;13.00;95.00
2015;C0483;38;49;1;1;4;15;1.2;1;35;45;14.50;38.00
2015;C0483;37;129;906;906;4;;;1;24;24;13.15;158.00
2015;C0483;36;129;1;1;4;45;2;1;25;28;13.00;222.00
2015;C0483;35;129;906;906;4;;;1;33;31;15.00;236.00
2015;C0483;34;129;906;906;4;;;1;27;29;15.10;242.00
2015;C0483;32;129;906;906;4;;;1;30;31;15.62;270.00
2015;C0483;33;129;906;906;4;;;1;29;29;17.65;257.00
2015;C0483;31;49;1;1;4;45;1.2;2;19;19;11.00;251.00
2015;C0483;28;49;1;1;4;25;1.2;1;25;21;10.70;59.00
2015;C0483;27;49;1;1;4;40;1.2;1;19;22;9.99;8.00
2015;C0483;24;129;1;1;4;25;1.2;1;45;44;16.55;339.00
2015;C0483;22;129;1;1;4;15;2;1;36;40;6.30;317.00
2015;C0483;20;129;1;1;4;30;2;1;29;31;2.77;304.00
2015;C0483;19;129;1;1;4;20;3;1;35;38;6.00;298.00
2015;C0483;17;129;1;1;4;30;3;1;24;25;8.55;188.00
2015;C0483;16;129;1;31;4;100;;1;33;36;8.50;159.00
2015;C0483;15;129;1;1;4;35;2;1;20;21;5.60;160.00
2015;C0483;14;129;19;19;4;;;1;18;18;3.58;183.00
2015;C0483;12;129;1;1;4;25;2;1;28;28;4.70;181.00
2015;C0483;8;129;1;1;4;25;2;1;33;34;3.68;48.00
2015;C0483;3;129;1;1;4;35;3;1;31;32;7.76;124.00
2015;C0483;5;129;1;1;4;15;3;1;30;33;6.38;103.00
2015;C0483;6;129;1;1;4;20;3;1;27;29;6.00;95.00
2015;C0484;6;20;906;906;4;;;2;21;23;13.58;347.00
2015;C0484;4;20;1;1;4;20;1.1;2;23;23;8.80;13.00
2015;C0483;2;129;1;1;4;25;3;1;37;40;7.70;257.00
2015;C0483;1;129;1;1;4;15;2;1;29;30;1.57;306.00
2015;C0568;33;23;1;1;4;30;1.1;2;17;18;8.14;194.00
2015;C0568;41;41;1;1;4;5;1.1;3;22;20;2.50;233.00
2015;C0568;36;29;1;1;4;5;1.1;2;12;14;6.09;230.00
2015;C0568;40;29;1;1;4;15;1.1;3;15;15;6.62;233.00
2015;C0568;37;29;1;1;4;10;1.1;3;14;14;7.79;322.00
2015;C0568;1;29;1;1;4;10;1.1;2;18;15;1.40;265.00
2015;C2010;9;41;22;22;4;99;;2;15;15;8.41;290.00
2015;C2010;10;41;1;1;4;10;1.1;2;18;17;5.45;0.00
2015;C2010;12;41;1;1;4;5;1.1;2;22;19;1.86;50.00
2015;C2010;13;29;1;1;4;100;1.1;2;18;19;6.16;92.00
2015;C2010;14;41;1;1;4;20;1.1;1;15;17;3.70;118.00
2015;C2010;15;41;1;1;4;5;1.1;2;23;20;8.85;100.00
2015;C2010;16;41;1;1;4;5;1.1;2;20;19;8.82;88.00
2015;C2010;17;41;1;1;4;5;1.1;2;155;15;10.80;95.00
2015;C2010;18;41;1;1;4;15;1.1;1;20;19;12.34;109.00
2015;C2010;19;41;1;1;4;10;1.1;2;22;20;8.35;128.00
2015;C2010;20;15;1;1;4;50;1.1;2;28;28;12.35;146.00
2015;C2010;21;15;1;1;4;50;1.1;2;31;28;11.20;174.00
2015;C2010;22;15;1;23;4;;;2;20;18;12.00;245.00
2015;C2010;23;41;1;1;4;5;1.1;2;20;20;10.00;254.00
2015;C2010;24;41;1;1;4;10;1.1;2;19;19;9.52;279.00
2015;C2010;25;41;906;906;4;;;2;19;19;14.05;274.00
2015;C2010;26;41;906;906;4;;;2;19;18;16.55;285.00
2015;C2010;27;29;906;906;4;;;2;13;14;13.83;312.00
2015;C2010;28;41;1;1;4;5;1.1;2;21;20;11.02;310.00
2015;C2010;29;41;906;906;4;;;1;18;18;16.79;322.00
2015;C2010;30;41;1;1;4;20;1.1;2;22;20;12.82;330.00
2015;C2010;31;41;1;1;4;5;1.1;2;15;15;3.54;213.00
2015;C2010;32;23;1;1;4;10;1.1;2;11;13;8.51;280.00
2015;C2010;33;41;1;1;4;10;1.1;1;13;14;5.15;132.00
2015;C2010;34;41;1;1;4;10;1.1;2;11;11;10.21;290.00
2015;C2010;35;41;1;1;4;40;1.1;1;15;14;12.41;285.00
2015;C1072;13;100;1;1;4;15;2;1;55;55;10.66;328.00
2015;C2011;16;20;1;1;4;15;1.1;1;28;28;10.27;74.00
2015;C2011;15;20;1;1;4;20;1.1;1;33;33;11.06;43.00
2015;C1072;20;100;1;1;4;10;2;1;80;80;15.43;340.00
2015;C2011;13;20;1;1;4;35;1.1;1;24;24;5.24;355.00
2015;C2011;12;20;1;1;4;25;1.1;1;20;18;5.51;323.00
2015;C2011;11;20;1;1;4;15;1.1;1;22;20;6.67;259.00
2015;C2011;10;20;1;1;4;15;1.1;1;31;30;9.89;244.00
2015;C2011;9;20;1;1;4;35;1.1;1;19;20;10.70;216.00
2015;C2011;8;20;1;1;4;25;1.1;1;34;36;11.61;194.00
2015;C2011;7;20;1;1;4;35;1.1;1;20;18;7.54;139.00
2015;C2011;6;20;1;1;4;15;1.1;1;20;21;7.95;198.00
2015;C2011;5;20;1;1;4;20;1.1;1;27;25;5.39;160.00
2015;C2011;4;20;1;1;4;10;1.1;1;31;27;5.53;133.00
2015;C2011;3;20;1;1;4;10;1.1;1;32;30;2.44;109.00
2015;C2011;2;20;1;1;4;10;1.1;1;31;29;2.12;34.00
2015;C2011;1;20;1;1;4;15;1.1;1;19;21;2.18;295.00
2015;C0449;45;20;1;1;4;10;1.1;1;36;34;12.17;173.00
2015;C0069;3;118;1;1;4;35;1.1;1;38;38;4.46;334.00
2015;C1072;15;100;1;1;4;10;2;1;81;81;11.51;358.00
2015;C0449;43;20;1;1;4;25;1.1;2;24;22;10.96;72.00
2015;C0449;42;20;1;1;4;10;1.1;2;21;20;12.17;267.00
2015;C0449;41;20;1;1;4;10;1.1;2;20;18;11.33;272.00
2015;C0449;40;20;1;1;4;20;1.1;1;41;44;14.14;212.00
2015;C0449;39;20;906;906;4;;;1;30;32;17.68;192.00
2015;C0449;38;20;1;1;4;10;1.1;2;20;21;11.87;143.00
2015;C0449;37;20;1;1;4;10;1.1;2;26;26;11.90;122.00
2015;C0449;36;20;906;906;4;;;1;26;23;16.92;334.00
2015;C0449;35;20;906;906;4;;;1;20;21;13.37;292.00
2015;C0449;34;20;906;906;4;;;1;36;38;16.08;300.00
2015;C0449;33;20;906;906;4;;;2;28;27;15.31;280.00
2015;C0449;32;20;1;1;4;20;1.1;1;43;42;18.00;258.00
2015;C0449;31;20;906;906;4;;;1;34;35;17.19;227.00
2015;C0449;30;49;1;1;4;25;1.1;1;36;37;10.07;302.00
2015;C0449;29;49;1;1;4;30;1.1;1;35;35;9.04;280.00
2015;C0449;27;20;29;23;4;;;2;19;20;12.23;258.00
2015;C0449;25;20;1;1;4;20;1.2;1;42;40;14.32;248.00
2015;C0449;24;20;906;906;4;;;1;33;34;13.22;230.00
2015;C0449;23;20;1;1;4;10;1.1;1;38;37;11.66;218.00
2015;C0449;20;20;1;1;4;15;1.1;2;26;27;7.23;183.00
2015;C0449;18;20;1;1;4;10;1.1;2;24;25;10.30;88.00
2015;C0449;14;20;1;1;4;10;1.1;1;29;30;4.52;86.00
2015;C0449;12;20;1;1;4;20;1.1;1;34;35;6.49;66.00
2015;C0449;11;20;1;1;4;5;1.1;2;20;19;8.45;53.00
2015;C0449;10;20;1;1;4;10;1.1;1;33;36;9.62;41.00
2015;C0449;8;41;1;1;4;10;1.1;1;48;51;13.46;336.00
2015;C0449;5;20;1;1;4;10;1.1;2;28;28;7.01;12.00
2015;C0449;4;20;1;1;4;10;1.1;1;36;39;5.97;328.00
2015;C0449;3;41;1;1;4;15;1.1;1;31;31;5.13;285.00
2015;C0449;2;20;1;1;4;10;1.1;1;30;30;3.89;293.00
2015;C2059;1;118;1;1;4;15;2;1;48;45;3.18;53.00
2015;C0449;1;20;1;1;4;10;1.1;1;43;48;2.96;130.00
2015;C0327;44;20;1;1;4;5;1.1;1;38;38;12.48;289.00
2015;C0327;42;20;1;1;4;10;1.1;1;45;47;12.27;333.00
2015;C0327;41;20;1;1;4;35;1.1;1;26;28;10.77;359.00
2015;C0327;40;20;1;1;4;30;1.1;1;26;27;7.63;16.00
2015;C0327;39;20;906;906;4;;;1;37;33;16.43;83.00
2015;C0327;38;20;1;1;4;5;;1;34;33;11.91;276.00
2015;C0327;32;20;906;906;4;;;1;26;28;14.50;208.00
2015;C0327;37;20;906;906;4;;;1;34;32;16.69;272.00
2015;C0327;31;20;1;1;4;10;1.1;1;19;17;4.97;277.00
2015;C0327;29;20;1;1;4;5;1.1;1;24;25;9.40;287.00
2015;C0327;30;20;1;1;4;5;1.1;1;28;27;8.90;301.00
2015;C0327;28;20;1;1;4;10;1.1;1;30;31;10.82;250.00
2015;C0327;27;20;1;1;4;15;1.1;1;24;24;8.47;250.00
2015;C0327;25;20;1;1;4;10;1.1;1;28;29;11.56;230.00
2015;C0327;22;20;1;1;4;15;1.1;2;26;28;9.24;217.00
2015;C0327;21;20;1;1;4;10;;2;28;30;9.95;191.00
2015;C0327;19;20;1;1;4;20;1.1;1;29;30;6.12;190.00
2015;C0327;17;20;1;1;4;10;1.1;1;50;47;10.46;160.00
2015;C0327;13;20;1;1;4;10;1.1;2;34;36;9.98;138.00
2015;C0327;12;20;1;1;4;10;1.1;2;33;35;9.91;115.00
2015;C0327;9;20;1;1;4;15;1.1;1;45;41;14.18;72.00
2015;C0327;8;20;1;1;4;15;1.1;1;33;32;9.97;81.00
2015;C0327;6;20;1;1;4;20;1.1;1;46;46;3.92;66.00
2015;C0327;4;20;1;1;4;15;1.1;1;19;20;3.56;31.00
2015;C0069;5;118;1;1;4;10;1.1;1;31;31;4.76;33.00
2015;C0069;6;118;1;1;4;10;1.1;1;27;29;5.30;33.00
2015;C0069;7;118;1;1;4;15;1.2;1;37;38;4.81;60.00
2015;C0069;8;118;1;1;4;70;1.2;1;56;55;4.45;178.00
2015;C0069;11;118;1;1;4;20;1.1;1;20;20;4.12;280.00
2015;C0069;13;118;1;1;4;20;1.1;1;23;22;5.12;317.00
2015;C0069;16;118;1;1;4;10;2;1;31;32;8.87;2.00
2015;C0069;17;118;1;1;4;20;1.1;1;24;24;8.12;59.00
2015;C0069;18;118;1;1;4;10;1.1;1;36;36;9.44;61.00
2015;C0069;20;118;1;1;4;10;1.1;1;22;22;8.11;88.00
2015;C0069;25;118;1;1;4;35;1.1;1;27;28;11.48;157.00
2015;C0069;29;118;1;1;4;35;1.1;1;26;25;9.63;222.00
2015;C0069;30;118;1;1;4;35;1.1;1;34;32;12.60;233.00
2015;C0069;32;118;1;1;4;25;1.1;1;26;30;12.79;135.00
2015;C0069;33;118;1;1;4;15;1.1;1;36;35;7.46;286.00
2015;C0069;35;118;1;1;4;0;1.2;1;38;36;11.53;348.00
2015;C0069;36;118;1;1;4;15;1.1;1;21;22;11.60;148.00
2015;C0069;37;118;906;906;4;;;1;28;31;13.84;105.00
2015;C0069;38;116;1;1;4;15;1.1;1;47;48;10.09;315.00
2015;C0069;39;118;1;1;4;25;1.1;1;16;17;11.60;15.00
2015;C0069;40;118;1;1;4;15;1.1;1;46;47;16.02;50.00
2015;C0069;42;118;906;906;4;;;1;28;29;17.10;36.00
2015;C0069;44;118;1;1;4;35;;1;45;43;15.37;342.00
2015;C0069;45;118;1;1;4;20;1.1;1;31;29;10.24;304.00
2015;C0069;46;116;906;906;4;;;1;38;36;15.90;254.00
2015;C0069;47;118;1;1;4;20;2;1;15;15;12.86;241.00
2015;C0069;48;118;1;1;4;25;2;1;45;47;14.69;279.00
2015;C0069;49;118;1;1;4;20;1.1;1;30;32;11.28;271.00
2015;C0069;50;118;1;1;4;25;1.1;1;21;21;11.97;316.00
2015;C0069;51;118;1;1;4;25;1.1;1;36;35;12.76;75.00
2015;C0069;52;118;1;1;4;10;1.1;1;42;41;15.66;104.00
2015;C0069;53;118;1;1;4;15;1.1;1;37;39;11.96;109.00
2015;C0094;1;116;1;1;4;10;1.2;1;47;46;3.58;65.00
2015;C0094;4;116;1;1;4;20;1.1;1;30;32;3.51;253.00
2015;C0094;5;116;1;1;4;15;1.1;1;32;34;5.67;288.00
2015;C0094;8;116;1;1;4;30;1.1;1;45;47;14.40;328.00
2015;C0094;12;116;906;906;4;;;1;28;33;14.04;308.00
2015;C0094;13;116;1;1;4;20;1.2;1;34;31;6.04;59.00
2015;C0094;14;116;1;1;4;10;1.2;1;36;34;6.87;57.00
2015;C0094;15;116;1;1;4;30;1.2;1;38;37;10.72;87.00
2015;C0094;16;116;1;1;4;25;1.1;1;33;31;11.09;116.00
2015;C0094;17;116;1;1;4;20;1.1;1;28;25;12.80;140.00
2015;C0094;18;116;1;1;4;20;3;1;39;39;10.99;148.00
2015;C0094;19;116;1;1;4;15;1.1;1;43;44;8.52;176.00
2015;C0094;21;116;1;1;4;10;1.1;1;55;55;5.76;203.00
2015;C0094;23;116;1;1;4;40;1.1;1;23;25;3.57;352.00
2015;C0094;25;116;1;1;4;10;1.2;1;33;33;10.00;349.00
2015;C0094;28;116;1;1;4;35;1.2;1;46;47;16.69;343.00
2015;C0094;31;116;906;906;4;;;1;32;34;17.46;98.00
2015;C0094;33;116;1;1;4;35;1.2;1;45;44;13.21;35.00
2015;C0094;35;116;1;1;4;50;2;1;42;40;14.23;68.00
2015;C0094;41;118;1;1;4;35;1.1;1;22;19;8.27;266.00
2015;C0094;45;116;1;1;4;85;1.1;1;44;40;15.90;193.00
2015;C0094;46;116;1;1;4;85;1.1;1;42;40;17.07;216.00
2015;C0094;47;116;1;1;4;35;1.2;1;49;47;16.22;280.00
2015;C0327;3;20;1;1;4;20;1.1;1;28;30;5.77;345.00
2015;C0327;1;20;1;1;4;30;1.1;2;28;30;1.01;145.00
2015;C2059;2;118;1;1;4;15;2;1;32;32;4.70;105.00
2015;C2059;3;118;1;1;4;10;3;1;48;48;3.74;118.00
2015;C2059;4;118;1;1;4;20;2;1;40;37;2.37;211.00
2015;C2059;5;118;1;1;4;15;3;1;44;46;3.45;349.00
2015;C2059;6;118;1;1;4;15;2;1;28;26;3.66;7.00
2015;C2059;7;118;1;1;4;20;1.2;1;44;45;4.64;0.00
2015;C2059;8;118;1;1;4;40;1.2;1;23;25;8.69;83.00
2015;C2059;9;118;1;1;4;30;3;1;47;45;10.92;100.00
2015;C2059;10;118;1;1;4;15;3;1;51;51;5.10;228.00
2015;C2059;11;118;1;1;4;10;2;1;52;51;7.32;265.00
2015;C2059;12;118;1;1;4;10;2;1;48;45;8.09;261.00
2015;C2059;13;118;1;1;4;25;2;1;43;42;7.84;301.00
2015;C2059;14;116;19;19;;;;1;21;20;9.10;288.00
2015;C2059;16;116;1;1;4;10;1.1;1;36;36;8.89;314.00
2015;C2059;17;118;1;1;4;25;2;1;49;47;12.73;352.00
2015;C2059;19;116;1;1;4;25;1.1;1;30;30;11.63;8.00
2015;C2059;20;118;1;1;4;15;3;1;40;46;14.23;46.00
2015;C2059;21;118;1;1;4;25;2;1;48;48;17.69;39.00
2015;C2059;23;118;906;906;4;;;1;28;29;16.78;75.00
2015;C2059;25;118;906;906;4;;;1;28;27;13.16;106.00
2015;C2059;26;118;906;906;4;;;1;38;34;14.02;104.00
2015;C2059;27;118;906;906;4;;;1;27;28;14.19;96.00
2015;C2059;28;118;906;906;4;;;1;35;37;15.72;103.00
2015;C2059;29;116;906;906;4;;;1;32;32;16.65;89.00
2015;C2059;34;118;1;1;4;10;1.2;1;56;55;12.66;308.00
2015;C2059;35;118;1;1;4;20;2;1;46;39;17.58;314.00
2015;C2059;36;118;29;29;;;;1;41;42;18.50;271.00
2015;C2060;1;123;1;1;4;30;1.2;1;47;42;16.72;345.00
2015;C2060;2;116;906;906;4;;;1;31;30;16.31;15.00
2015;C2060;3;123;1;1;4;30;1.2;1;49;48;16.36;109.00
2015;C2060;4;116;906;906;4;;;1;37;39;15.65;113.00
2015;C2060;5;123;1;1;4;35;1.2;1;54;51;9.31;215.00
2015;C2060;6;123;1;1;4;75;1.2;1;55;56;15.36;201.00
2015;C2060;32;123;1;1;4;10;1.1;1;15;15;3.05;110.00
2015;C2060;33;123;1;1;4;15;1.1;1;13;13;6.72;283.00
2015;C2060;34;123;1;1;4;5;;1;12;13;6.07;257.00
2015;C2060;35;123;1;1;4;10;1.1;1;11;10;12.94;310.00
2015;C2060;36;123;1;1;4;10;1.1;1;11;11;9.36;338.00
2015;C2060;37;123;1;1;4;5;1.1;1;10;10;10.04;338.00
2015;C2060;38;123;1;1;4;10;2;1;15;15;12.46;335.00
2015;C2060;39;123;1;1;4;25;2;1;14;15;12.49;349.00
2015;C2060;40;123;1;1;4;10;1.2;1;11;11;11.55;0.00
2015;C2060;41;123;1;1;4;10;1.1;1;10;11;11.25;0.00
2015;C2060;42;123;1;1;4;0;1.2;1;13;13;9.21;1.00
2015;C2060;43;123;1;1;4;15;1.1;1;12;12;7.51;3.00
2015;C2060;44;123;1;1;4;5;1.2;1;11;11;11.18;30.00
2015;C2060;45;123;1;1;4;5;1.1;1;10;10;10.87;18.00
2015;C2060;46;123;1;1;4;10;1.2;1;11;12;10.94;70.00
2015;C2060;47;123;1;1;4;20;1.2;1;11;12;9.77;82.00
2015;C2060;48;123;1;1;4;5;;1;12;12;11.90;258.00
2015;C2060;49;123;1;1;4;20;1.2;1;10;10;7.94;131.00
2015;C2060;50;123;1;1;4;25;1.1;1;13;13;12.60;62.00
2015;C2060;51;123;1;1;4;15;1.1;1;11;10;11.25;16.00
2015;C2060;52;123;1;1;4;0;1.1;1;10;10;9.40;0.00
2015;C2060;53;123;1;1;4;5;1.1;1;10;11;7.67;145.00
2015;C2060;54;123;1;1;4;5;1.1;1;13;13;9.18;2.00
2015;C2060;55;123;1;1;4;10;1.1;1;10;11;11.72;236.00
2015;C2060;56;123;1;1;4;15;1.1;1;10;10;3.40;67.00
2015;C2060;57;123;1;1;4;10;1.1;1;10;10;7.62;350.00
2015;C2060;58;123;1;1;4;10;1.2;1;10;10;9.10;5.00
2015;C2060;59;123;2;2;4;10;1.1;1;10;10;10.49;346.00
2015;C2060;60;123;2;2;4;15;1.1;1;10;10;8.90;331.00
2015;C2061;1;15;1;1;4;50;1.1;2;20;21;1.78;208.00
2015;C2061;2;15;1;1;4;80;1.1;2;26;27;2.94;143.00
2015;C2061;3;15;1;1;4;70;1.2;2;19;22;5.80;79.00
2015;C2061;4;15;1;23;4;;;2;16;20;4.28;132.00
2015;C2061;5;15;1;1;4;30;1.1;2;21;22;10.15;192.00
2015;C2061;6;15;1;1;4;60;1.1;1;19;21;10.25;214.00
2015;C2061;7;15;1;1;4;70;1.2;2;17;17;10.34;224.00
2015;C2061;8;15;906;906;4;;;2;22;22;13.65;187.00
2015;C2061;9;15;906;906;4;;;2;17;17;14.14;186.00
2015;C2061;12;10;906;906;4;;;1;16;16;17.93;181.00
2015;C2061;14;15;906;906;4;;;2;23;24;15.45;171.00
2015;C2061;21;48;906;906;4;;;2;17;17;14.19;141.00
2015;C2061;22;48;1;1;4;40;1.1;1;18;18;11.16;153.00
2015;C2061;23;48;1;1;4;35;1.1;1;21;23;8.06;116.00
2015;C2061;24;20;906;906;4;;;2;26;23;15.00;121.00
2015;C2061;25;48;906;906;4;;;1;18;20;17.37;133.00
2015;C2061;26;15;19;19;;;;2;15;20;8.80;94.00
2015;C2061;27;15;1;1;4;60;1.1;2;19;23;11.68;70.00
2015;C2061;28;15;906;906;4;;;2;24;25;14.26;82.00
2015;C2061;29;15;906;906;4;;;1;26;26;15.24;105.00
2015;C2061;35;15;1;1;4;35;1.1;1;15;15;8.54;203.00
2015;C2061;36;15;1;1;4;35;1.1;1;16;18;11.90;189.00
2015;C2061;38;48;1;1;4;45;1.2;1;15;14;11.96;139.00
2015;C2061;39;15;1;1;4;50;1.2;2;16;18;8.56;91.00
2015;C2061;40;15;1;1;4;60;1.2;2;14;17;8.94;89.00
2015;C2061;41;15;1;1;4;40;2;2;20;25;9.11;67.00
2015;C2061;42;48;1;1;4;35;1.1;1;12;12;12.20;60.00
2015;C2061;43;48;1;1;4;45;1.1;1;11;12;12.09;35.00
2015;C2061;44;20;1;1;4;50;1.2;1;13;12;6.34;32.00
2015;C2061;45;15;1;1;4;50;1.1;2;15;15;6.50;27.00
2015;C2061;46;15;1;1;4;50;1.1;2;14;16;6.85;42.00
2015;C2061;47;48;1;1;4;35;1.1;2;13;15;8.26;112.00
2015;C2061;48;10;29;29;;;;1;10;10;0.36;140.00
2015;C2061;49;10;1;1;4;35;1.1;1;17;19;6.91;194.00
2015;C2061;50;15;1;1;4;65;1.2;1;15;17;2.42;87.00
2015;C0449;44;20;1;1;4;15;1.1;1;16;16;11.86;113.00
2015;C1072;4;100;1;1;4;10;2;1;83;83;5.52;320.00
2015;C1072;19;100;1;1;4;10;2;1;75;75;12.79;310.00
2015;C1072;39;20;1;1;4;25;1.2;1;66;66;17.82;274.00
2015;C1072;21;20;1;1;4;10;1.2;1;54;54;12.42;266.00
2015;C1072;10;20;1;1;4;15;1.2;1;58;65;11.00;225.00
2015;C1072;37;100;1;1;4;20;2;1;75;75;17.96;223.00
2015;C1072;26;100;1;1;4;30;2;1;65;65;14.80;200.00
2015;C1072;3;100;1;1;4;15;2;1;66;66;4.41;156.00
2015;C1072;8;100;1;1;4;10;2;1;66;67;8.31;143.00
2015;C1072;2;100;1;1;4;15;2;1;56;56;4.58;115.00
2015;C1072;31;100;1;1;4;10;2;1;84;84;17.89;108.00
2015;C1072;29;100;1;1;4;35;2;1;50;51;17.56;59.00
2015;C1072;17;100;1;1;4;10;2;1;75;75;13.38;56.00
2015;C1072;1;100;1;1;4;10;2;1;60;61;4.63;40.00
2015;C1072;6;100;1;1;4;10;2;1;62;62;7.87;20.00
2015;C1076;22;20;1;1;4;20;1.1;1;38;42;13.64;345.00
2015;C1076;5;20;1;1;4;30;1.1;1;46;49;10.60;342.00
2015;C1076;4;20;1;1;4;15;1.1;1;73;73;10.10;298.00
2015;C1076;21;20;1;1;4;20;1.1;1;51;56;16.98;283.00
2015;C1076;3;20;1;1;4;10;1.1;1;54;64;4.36;275.00
2015;C1076;19;20;1;1;4;15;1.1;1;60;62;15.80;253.00
2015;C1076;18;20;1;1;4;10;1.1;1;30;32;10.73;251.00
2015;C1076;16;20;1;1;4;10;1.1;1;37;42;13.64;214.00
2015;C1076;15;20;1;1;4;30;1.1;1;59;60;11.40;188.00
2015;C1076;14;20;1;1;4;15;1.1;1;59;60;15.17;177.00
2015;C1076;2;20;1;1;4;10;1.1;1;59;62;4.37;120.00
2015;C1076;13;20;1;1;4;15;1.1;1;30;34;11.00;115.00
2015;C1076;1;20;1;1;4;5;1.1;1;51;53;1.83;100.00
2015;C1076;10;20;1;1;4;10;1.1;1;60;62;13.00;81.00
2015;C1076;9;20;1;1;4;10;;1;50;53;14.00;70.00
2015;C1076;8;20;1;1;4;10;1.1;1;30;30;9.63;38.00
2015;C1076;7;20;1;1;4;15;1.1;1;34;34;6.79;24.00
2015;C1076;29;20;1;1;4;20;1.1;1;41;45;15.75;23.00
2015;C1076;6;20;1;1;4;15;1.1;1;43;44;7.20;5.00
2015;C1076;23;20;906;906;4;;;1;24;25;14.55;353.00
2015;C1076;31;20;906;906;4;;;1;35;40;15.92;123.00
2015;C1076;28;20;906;906;4;;;1;36;37;13.93;29.00
2015;C1076;27;20;906;906;4;;;1;36;40;13.50;18.00
2015;C1087;4;48;1;31;4;100;;1;72;72;7.90;298.00
2015;C1087;33;129;1;1;4;5;1.1;1;17;18;10.90;210.00
2015;C1087;35;46;1;1;4;5;1.1;1;12;12;12.90;180.00
2015;C1087;34;46;1;1;4;5;1.1;1;11;12;10.00;170.00
2015;C1087;3;100;1;1;4;15;2;1;96;96;8.90;145.00
2015;C1087;2;48;1;1;4;25;1.1;1;66;64;7.80;90.00
2015;C1087;6;100;1;1;4;15;2;1;100;100;14.00;77.00
2015;C1087;5;48;1;1;4;50;1.1;1;85;85;17.80;35.00
2015;C1087;36;129;906;906;4;;;1;18;19;13.30;185.00
2015;C2057;14;20;1;1;4;10;1.1;1;49;50;9.90;351.00
2015;C2057;4;20;1;1;4;10;1.1;1;35;36;2.73;344.00
2015;C2057;13;20;1;1;4;5;1.1;1;24;23;10.18;323.00
2015;C2057;36;20;1;1;4;10;1.1;2;24;25;6.11;285.00
2015;C2057;23;20;1;1;4;15;1.1;1;30;32;11.51;281.00
2015;C2057;22;20;1;1;4;10;1.1;1;28;29;10.14;273.00
2015;C2057;3;20;1;1;4;10;1.1;1;25;25;1.88;251.00
2015;C2057;34;20;1;1;4;10;1.1;1;47;54;16.27;245.00
2015;C2057;10;20;1;1;4;15;1.1;1;17;19;9.65;228.00
2015;C2057;19;20;1;1;4;10;1.1;1;23;25;11.79;215.00
2015;C2057;1;20;1;1;4;10;1.1;1;19;20;3.11;198.00
2015;C2057;8;20;1;1;4;15;1.1;1;24;25;7.74;190.00
2015;C2057;17;20;1;1;4;10;1.1;1;39;44;9.94;169.00
2015;C2057;30;20;1;1;4;20;1.1;1;38;35;12.19;145.00
2015;C2057;7;20;1;1;4;15;1.1;1;32;33;5.24;135.00
2015;C2057;16;20;1;1;4;10;1.1;1;29;30;6.50;118.00
2015;C2057;5;20;1;1;4;10;1.1;1;32;32;5.87;67.00
2015;C2057;12;20;29;29;4;;;1;22;23;8.08;305.00
2015;C2057;27;20;906;906;4;;;1;27;28;16.68;340.00
2015;C2057;26;20;906;906;4;;;1;22;24;16.66;321.00
2015;C2057;25;20;906;906;4;;;1;28;27;14.94;307.00
2015;C2057;24;20;906;906;4;;;1;26;23;15.04;297.00
2015;C2057;20;20;906;906;4;;;1;29;33;14.14;230.00
2015;C2057;33;20;906;906;4;;;1;23;23;15.29;204.00
2015;C2057;32;20;906;906;4;;;1;36;39;17.41;190.00
2015;C2057;31;20;906;906;4;;;1;29;31;13.39;175.00
2015;C2057;29;20;906;906;4;;;1;35;36;15.12;126.00
2015;C2057;28;20;906;906;4;;;1;32;34;15.85;97.00
2015;C2058;13;46;1;1;4;10;1.1;2;22;24;10.30;338.00
2015;C2058;3;46;1;1;4;10;1.1;1;20;21;3.82;305.00
2015;C2058;11;46;1;1;4;10;1.1;1;22;23;10.62;280.00
2015;C2058;2;46;1;1;4;10;1.1;1;26;26;5.77;260.00
2015;C2058;9;46;1;1;4;10;1.1;1;21;24;12.73;238.00
2015;C2058;1;46;1;1;4;10;1.1;1;20;22;7.11;200.00
2015;C2058;18;15;1;1;4;50;1.2;2;42;42;15.20;160.00
2015;C2058;5;23;1;1;4;15;1.1;1;14;15;4.13;157.00
2015;C2058;17;46;1;1;4;10;1.1;1;28;29;6.05;140.00
2015;C2058;34;15;1;1;4;40;1.2;2;36;37;10.44;66.00
2015;C2058;35;23;1;1;4;15;1.1;2;15;16;12.60;15.00
2015;C2058;4;23;1;1;4;10;1.1;2;17;18;6.80;0.00
2015;C2058;6;46;906;906;4;;;1;27;28;15.50;179.00
2015;C2058;20;23;906;906;4;;;2;24;27;16.05;130.00
2015;C2058;16;23;906;906;4;;;2;21;22;14.69;93.00
2015;C2058;15;15;906;906;4;;;1;26;27;15.90;79.00
2015;C2058;36;23;906;906;4;;;2;17;18;17.25;20.00
2015;C0743;41;46;1;1;4;35;2;1;24;24;9.12;340.00
2015;C0743;55;46;1;1;4;25;2;1;26;26;11.00;326.00
2015;C0743;53;46;1;1;4;15;2;1;19;20;8.50;320.00
2015;C0743;54;46;1;1;4;10;2;1;32;34;10.40;319.00
2015;C0743;51;46;1;1;4;15;2;1;15;16;9.98;306.00
2015;C0743;17;46;1;1;4;5;2;1;28;29;8.07;256.00
2015;C0743;18;46;1;1;4;15;2;1;32;29;8.83;252.00
2015;C0743;19;46;1;1;4;10;2;1;18;20;9.24;248.00
2015;C0743;14;46;1;1;4;25;2;1;56;56;1.60;207.00
2015;C0743;12;46;1;1;4;35;2;1;75;75;10.00;170.00
2015;C0743;40;46;1;1;4;15;2;1;43;44;7.61;124.00
2015;C0743;52;46;1;1;4;20;2;1;15;15;12.08;15.00
2015;C0743;20;82;23;38;4;100;;1;16;16;12.75;188.00
2015;C0743;43;46;906;906;4;;;1;28;27;17.84;359.00
2015;C0743;42;46;906;906;4;;;2;22;22;17.02;354.00
2015;C0743;23;46;906;906;4;;;1;23;23;16.10;163.00
2015;C0743;6;82;906;906;4;;;1;27;27;15.98;103.00
2015;C0746;9;41;1;14;4;100;;1;24;26;8.78;354.00
2015;C0746;7;41;1;1;4;10;2;1;32;32;4.82;336.00
2015;C0746;31;41;1;1;4;10;2;1;44;44;16.20;314.00
2015;C0746;6;41;1;1;4;15;2;1;41;39;7.33;298.00
2015;C0746;30;41;1;14;4;100;;1;32;32;11.80;296.00
2015;C0746;29;41;1;14;4;100;;1;33;34;12.48;271.00
2015;C0746;27;41;1;14;4;100;;1;38;40;12.35;241.00
2015;C0746;5;41;1;14;4;100;;1;29;30;7.92;232.00
2015;C0746;26;41;1;1;4;20;2;1;26;26;8.31;222.00
2015;C0746;2;41;1;1;4;10;2;1;34;33;2.60;215.00
2015;C0746;3;41;1;14;4;100;;1;27;28;6.27;207.00
2015;C0746;36;41;1;1;4;10;2;1;42;46;18.00;195.00
2015;C0746;21;41;1;1;4;10;2;1;25;25;10.49;180.00
2015;C0746;22;41;1;1;4;15;2;1;44;44;11.09;164.00
2015;C0746;19;29;1;1;4;10;2;1;26;25;6.00;150.00
2015;C0746;15;29;1;1;4;10;2;1;33;32;10.30;106.00
2015;C0746;16;41;1;1;4;10;2;1;43;42;8.50;90.00
2015;C0746;32;41;1;1;4;15;2;1;31;33;9.35;33.00
2015;C0746;35;41;1;1;4;15;2;1;23;25;12.70;14.00
2015;C0746;8;41;1;1;4;15;2;1;28;29;4.33;14.00
2015;C0746;10;41;1;1;4;15;2;1;36;39;8.73;10.00
2015;C0746;12;29;23;23;4;;;1;17;18;12.09;356.00
2015;C0746;1;41;23;23;4;;;1;19;20;1.44;296.00
2015;C0746;20;41;23;23;4;;;1;20;19;7.98;169.00
2015;C0746;18;29;23;23;4;;;1;18;17;6.40;124.00
2015;C0746;17;41;23;23;4;;;1;15;15;7.58;69.00
2015;C0746;11;3;23;23;4;;;1;14;15;11.50;10.00
2015;C0746;28;41;906;906;4;;;1;26;26;15.80;249.00
2015;C0746;24;41;906;906;4;;;1;31;35;16.65;204.00
2015;C0746;23;41;906;906;4;;;1;28;28;15.45;193.00
2015;C0746;14;41;906;906;4;;;1;33;33;14.60;71.00
2015;C0746;34;41;906;906;4;;;1;34;33;17.95;61.00
2015;C0746;13;3;906;906;4;;;1;17;16;13.80;53.00
2015;C0746;33;41;906;906;4;;;1;33;33;14.70;32.00
2015;C0764;30;46;1;1;4;15;2;2;14;14;11.50;355.00
2015;C0764;37;46;1;1;4;15;2;2;12;12;12.90;288.00
2015;C0764;33;46;1;1;4;15;2;2;11;11;12.85;285.00
2015;C0764;40;46;1;1;4;15;2;2;13;13;9.20;284.00
2015;C0764;39;46;1;1;4;10;2;2;15;15;5.84;230.00
2015;C0764;38;46;1;1;4;10;2;2;13;13;5.74;225.00
2015;C0764;23;46;1;1;4;20;2;2;12;12;4.84;216.00
2015;C0764;13;46;1;1;4;15;2;2;13;14;4.10;191.00
2015;C0764;25;46;1;1;4;15;2;2;14;16;9.45;180.00
2015;C0764;26;82;1;1;4;20;2;2;12;12;12.80;74.00
2015;C0764;12;46;1;1;4;10;2;2;17;19;7.07;54.00
2015;C0764;35;46;1;1;4;10;2;2;17;17;8.32;44.00
2015;C0764;36;46;1;1;4;15;2;2;11;11;8.60;24.00
2015;C0764;32;46;1;1;4;10;2;2;11;10;6.96;10.00
2015;C0764;17;46;906;906;4;;;2;14;13;17.71;259.00
2015;C0764;11;46;906;906;4;;;2;13;12;15.05;81.00
2015;C0764;10;46;906;906;4;;;2;14;13;14.50;67.00
2015;C0662;48;29;1;1;4;20;1.1;2;13;14;8.92;148.00
2015;C0662;49;49;1;1;4;30;1.1;1;15;16;6.36;150.00
2015;C0662;50;29;1;1;4;30;2;2;10;11;11.80;152.00
2015;C0662;51;29;1;1;4;20;2;2;12;14;11.29;153.00
2015;C0662;25;29;1;1;4;35;2;2;14;17;11.21;154.00
2015;C0662;34;29;1;29;4;;;2;18;19;3.03;155.00
2015;C0662;66;29;1;29;4;;;2;13;14;4.95;156.00
2015;C0662;52;49;1;1;4;20;1.1;1;13;16;4.08;157.00
2015;C0662;53;29;1;1;4;40;2;2;11;13;12.45;160.00
2015;C0662;54;29;1;1;4;20;2;2;12;13;11.96;161.00
2015;C0662;36;29;1;1;4;15;1.1;2;20;22;2.00;164.00
2015;C0662;35;29;1;1;4;10;1.1;2;11;11;2.98;164.00
2015;C0662;55;29;1;1;4;10;1.1;1;17;19;4.02;180.00
2015;C0662;56;29;1;1;4;30;1.1;3;16;16;9.45;188.00
2015;C0662;57;29;1;1;4;40;1.1;1;12;13;9.75;196.00
2015;C0662;58;29;1;1;4;40;1.1;1;15;17;12.00;200.00
2015;C0662;59;23;1;1;4;5;1.1;1;11;10;4.72;205.00
2015;C0662;60;29;1;1;4;10;2;2;11;12;11.91;221.00
2015;C0662;61;29;1;1;4;10;2;1;11;11;10.14;225.00
2015;C0662;63;29;1;1;4;30;1.1;2;14;15;12.31;236.00
2015;C0662;65;49;1;1;4;35;1.1;1;14;15;8.46;249.00
2015;C0662;64;49;1;1;4;25;1.1;3;14;17;12.16;250.00
2015;C0662;67;49;1;1;4;20;1.1;1;15;15;4.70;266.00
2015;C0662;68;49;1;1;4;15;2;1;13;13;11.23;271.00
2015;C0662;69;29;1;1;4;5;2;2;15;15;12.20;275.00
2015;C0662;70;29;1;29;4;;;2;13;13;12.60;276.00
2015;C0662;87;29;1;1;4;10;2;2;10;10;6.89;277.00
2015;C0662;71;29;1;1;4;35;2;2;16;15;10.39;277.00
2015;C0662;72;29;1;29;4;;;2;11;11;10.83;278.00
2015;C0662;88;29;1;1;4;25;2;2;10;10;7.50;279.00
2015;C0662;73;29;1;29;4;;;2;10;11;10.46;280.00
2015;C0662;74;29;1;1;4;20;1.1;1;11;11;6.57;282.00
2015;C0662;75;49;1;1;4;35;1.1;1;14;14;8.46;288.00
2015;C0130;1;118;1;1;4;15;1.1;1;45;46;0.70;0.00
2015;C0130;2;118;906;906;4;;;1;34;37;13.80;210.00
2015;C0130;4;29;1;1;4;25;1.1;2;22;21;2.90;270.00
2015;C0130;5;118;1;1;4;20;1.1;1;20;20;5.11;301.00
2015;C0130;6;29;1;1;4;30;1.1;2;23;19;4.32;257.00
2015;C0130;7;118;1;1;4;25;1.1;1;52;52;9.20;243.00
2015;C0130;11;118;1;1;4;10;1.1;1;34;36;9.90;275.00
2015;C0130;13;118;1;1;4;10;1.1;1;43;43;17.60;279.00
2015;C0130;15;20;906;902;4;20;1.1;1;40;41;14.80;95.00
2015;C0130;16;20;906;902;4;60;1.1;2;37;45;18.00;316.00
2015;C0130;22;29;1;1;4;15;1.1;2;17;20;7.94;323.00
2015;C0130;23;20;1;1;4;70;1.1;1;41;39;11.00;0.00
2015;C0130;25;118;1;1;4;20;1.1;1;33;32;11.80;22.00
2015;C0130;27;118;1;1;4;15;1.1;1;40;40;13.90;40.00
2015;C0130;28;118;1;1;4;10;1.1;1;35;36;7.28;30.00
2015;C0130;30;20;1;1;4;25;1.1;1;42;37;11.30;65.00
2015;C0130;35;100;1;1;4;25;3;1;50;50;14.50;175.00
2015;C0130;37;29;1;1;4;15;1.1;2;22;19;7.00;220.00
2015;C0130;38;29;1;1;4;25;1.1;2;18;15;10.30;210.00
2015;C0130;39;118;1;1;4;10;1.1;1;24;25;6.80;145.00
2015;C0130;40;29;1;1;4;35;1.1;2;16;17;12.50;140.00
2015;C0130;41;118;1;1;4;40;1.1;1;30;29;7.40;55.00
2015;C0132;7;20;906;906;4;;;1;37;37;15.44;48.00
2015;C0132;46;20;1;1;4;35;1.1;2;25;24;9.60;259.00
2015;C0501;1;41;1;1;4;15;1.1;3;30;32;1.20;211.00
2015;C0501;2;5;1;1;4;10;1.1;1;23;26;10.56;238.00
2015;C0501;5;5;906;906;4;;;1;20;20;15.21;235.00
2015;C0501;7;20;906;906;4;;;1;23;24;14.05;287.00
2015;C0501;9;13;1;1;4;10;1.1;1;21;23;11.30;280.00
2015;C0501;10;20;906;906;4;;;1;25;26;13.93;295.00
2015;C0501;11;22;1;1;4;15;2;1;18;19;3.18;311.00
2015;C0501;12;41;1;1;4;50;1.1;3;27;27;5.67;358.00
2015;C0501;13;5;1;1;4;5;1.1;1;19;19;9.00;52.00
2015;C0501;15;13;1;1;4;5;2;1;17;16;4.47;168.00
2015;C0501;16;13;1;1;4;10;2;1;22;22;5.13;183.00
2015;C0501;20;29;906;906;4;;;2;20;18;15.93;218.00
2015;C0501;22;13;1;1;4;50;1.1;1;17;20;8.68;246.00
2015;C0501;23;41;906;906;4;;;3;17;18;15.80;91.00
2015;C0501;25;41;906;906;4;;;3;17;19;14.08;117.00
2015;C0501;26;13;906;906;4;;;1;16;16;16.29;140.00
2015;C0501;35;29;1;1;4;30;1.1;2;15;14;3.14;58.00
2015;C0501;36;29;1;1;4;40;1.1;2;12;12;4.12;62.00
2015;C0501;37;29;1;1;4;40;1.1;2;12;13;5.60;71.00
2015;C0501;38;29;1;1;4;20;2;2;14;15;6.12;41.00
2015;C0501;39;5;1;1;4;10;1.2;1;18;17;6.89;330.00
2015;C0501;40;29;1;1;4;15;1.2;2;11;13;6.44;6.00
2015;C0501;41;22;1;1;4;5;1.2;1;12;18;9.63;0.00
2015;C0501;42;29;1;1;4;20;1.2;2;13;13;9.09;15.00
2015;C0501;43;5;1;1;4;15;1.2;1;15;16;9.50;32.00
2015;C0501;44;29;1;1;4;30;1.1;2;16;18;12.05;56.00
2015;C0501;45;29;1;1;4;30;1.1;2;16;17;12.16;63.00
2015;C0501;46;29;1;1;4;40;1.1;2;14;12;9.22;341.00
2015;C0501;47;13;19;19;;;;1;13;14;7.09;315.00
2015;C0501;48;29;1;1;4;10;1.2;2;14;15;8.11;301.00
2015;C0501;49;29;1;1;4;15;1.2;2;11;12;10.29;280.00
2015;C0501;50;29;1;1;4;5;2;2;12;15;12.82;287.00
2015;C0501;51;29;1;1;4;10;1.2;2;12;14;11.17;265.00
2015;C0501;52;5;1;1;4;5;2;1;17;18;6.54;244.00
2015;C0501;53;29;1;1;4;10;1.2;2;12;13;1.76;161.00
2015;C0501;54;29;1;1;4;15;1.2;2;13;14;1.42;142.00
2015;C0501;55;5;1;1;4;5;1.2;1;17;17;4.17;86.00
2015;C0501;56;5;1;1;4;5;1.2;1;13;13;4.41;92.00
2015;C0501;57;29;1;1;4;30;1.1;2;13;16;9.20;71.00
2015;C0501;58;29;1;1;4;20;1.2;2;11;11;8.51;91.00
2015;C0501;59;29;19;19;;;;2;13;16;9.20;71.00
2015;C0501;60;5;1;1;4;10;1.2;1;13;13;6.98;107.00
2015;C0501;61;29;1;1;4;30;1.1;2;13;12;9.62;114.00
2015;C0501;62;29;1;1;4;30;;2;11;12;12.53;123.00
2015;C0501;63;29;1;1;4;10;1.2;2;13;13;10.52;126.00
2015;C0501;64;29;1;1;4;20;1.2;2;13;16;10.12;117.00
2015;C0501;65;5;1;1;4;5;2;1;17;16;8.72;135.00
2015;C0501;66;29;1;1;4;20;1.2;2;13;13;6.95;144.00
2015;C0501;67;29;1;1;4;10;1.2;2;12;12;6.55;139.00
2015;C0501;68;5;19;19;4;;;1;15;14;3.31;166.00
2015;C0501;69;5;1;1;4;10;1.2;1;15;16;11.32;165.00
2015;C0501;70;5;1;1;4;5;1.2;1;17;17;12.05;189.00
2015;C0501;71;5;1;1;4;10;1.2;1;17;18;10.55;211.00
2015;C0501;72;29;1;1;4;25;1.2;2;14;15;11.20;200.00
2015;C0501;73;29;1;1;4;10;1.2;2;11;13;11.28;218.00
2015;C0501;74;5;2;2;4;5;1.2;1;10;11;11.46;202.00
2015;C0501;75;22;2;2;4;10;1.2;1;10;10;6.48;317.00
2015;C0502;1;41;1;1;4;15;1.2;1;18;21;0.63;20.00
2015;C0502;3;49;1;1;4;20;1.2;2;19;23;12.00;51.00
2015;C0502;4;41;906;906;4;;;1;20;21;17.00;53.00
2015;C0502;5;49;906;906;4;;;3;21;23;18.00;57.00
2015;C0502;6;41;906;906;4;;;3;21;23;14.58;93.00
2015;C0502;8;49;1;1;4;30;1.2;3;12;14;13.00;77.00
2015;C0502;9;49;1;1;4;35;1.1;3;15;17;12.84;324.00
2015;C0502;10;49;906;906;4;;;3;22;20;15.50;268.00
2015;C0502;12;49;906;906;4;;;3;15;17;15.00;123.00
2015;C0502;13;49;906;906;4;;;3;21;26;15.00;123.00
2015;C0502;15;49;1;1;4;35;1.1;3;17;20;9.01;302.00
2015;C0502;17;49;906;906;4;;;3;17;17;17.00;225.00
2015;C0502;31;49;19;19;;;;3;17;20;7.45;221.00
2015;C0502;32;41;1;1;4;20;1.2;3;18;19;11.38;219.00
2015;C0502;33;49;1;1;4;25;1.1;3;14;13;8.07;182.00
2015;C0502;34;41;19;19;;;;3;11;12;6.98;137.00
2015;C0502;35;41;2;2;4;40;1.1;3;10;10;4.20;5.00
2015;C0502;36;49;2;2;4;10;1.2;3;10;10;7.90;130.00
2015;C0502;37;41;2;2;4;25;1.2;3;10;10;6.10;233.00
2015;C0502;38;49;2;2;4;15;1.2;3;10;11;5.20;290.00
2015;C2032;1;49;1;1;4;30;1.2;1;19;22;1.34;76.00
2015;C2032;2;49;1;1;4;40;1.1;1;25;24;3.83;109.00
2015;C2032;3;49;1;1;4;20;;1;27;32;12.85;74.00
2015;C2032;4;49;906;906;4;;;1;22;21;16.85;76.00
2015;C2032;5;49;906;906;4;;;1;23;25;16.77;79.00
2015;C2032;7;49;1;1;4;30;1.1;1;26;22;12.84;308.00
2015;C2032;8;49;906;906;4;;;1;14;15;17.80;60.00
2015;C2032;10;49;906;906;4;;;1;35;35;14.15;352.00
2015;C2032;11;49;19;19;;;;2;22;21;12.44;228.00
2015;C2032;12;49;1;1;4;30;1.2;1;21;23;5.00;28.00
2015;C2032;13;49;1;1;4;40;1.1;1;21;22;4.45;69.00
2015;C2032;14;49;1;1;4;10;2;1;31;34;4.50;210.00
2015;C2032;15;49;1;1;4;10;1.2;1;28;30;4.89;212.00
2015;C2032;16;49;1;1;4;15;1.2;1;24;28;3.13;47.00
2015;C2032;26;49;1;1;4;40;1.2;1;19;18;2.61;236.00
2015;C2013;48;29;19;19;;;;2;10;10;8.40;278.00
2015;C2013;47;29;1;1;4;10;1.2;2;12;11;8.40;275.00
2015;C2013;46;56;1;1;4;40;1.2;1;12;12;10.70;293.00
2015;C2013;45;29;1;1;4;30;1.2;2;16;16;8.20;328.00
2015;C2013;44;49;1;1;4;35;1.1;3;12;10;12.89;330.00
2015;C2013;43;29;1;1;4;30;1.1;2;10;11;9.59;340.00
2015;C2013;40;29;1;1;4;20;1.2;3;16;16;3.83;17.00
2015;C2013;41;29;1;1;4;20;1.2;2;12;13;6.93;358.00
2015;C2013;42;22;1;1;4;10;2;1;13;14;12.94;355.00
2015;C2013;38;29;19;19;;;;2;13;12;6.18;43.00
2015;C2013;39;29;19;19;;;;2;14;12;6.57;40.00
2015;C2013;37;29;1;1;4;20;1.1;2;15;13;5.28;41.00
2015;C2013;36;29;19;19;;;;3;16;15;2.13;43.00
2015;C2013;35;29;1;1;4;15;1.2;2;11;13;5.14;142.00
2015;C2013;34;22;1;1;4;25;1.1;1;10;10;6.40;95.00
2015;C2013;30;22;1;1;4;15;1.2;1;19;16;10.28;162.00
2015;C2013;29;22;1;1;4;10;1.1;1;16;14;1.62;209.00
2015;C2013;28;22;1;1;4;20;1.1;1;16;14;4.36;180.00
2015;C2013;26;22;1;1;4;30;1.1;1;11;10;7.45;202.00
2015;C2013;27;29;1;1;4;30;1.1;1;19;25;11.18;185.00
2015;C2013;25;22;19;19;;;;1;12;10;9.86;204.00
2015;C2013;24;29;19;19;;;;2;18;16;7.89;239.00
2015;C2013;23;29;19;19;;;;2;21;20;8.26;234.00
2015;C2013;22;29;19;19;;;;2;21;18;7.92;230.00
2015;C2013;21;22;1;1;4;20;1.2;2;17;12;6.07;281.00
2015;C2013;19;49;906;906;4;;;1;22;22;16.11;279.00
2015;C2013;18;49;906;906;4;;;1;23;23;17.00;254.00
2015;C2013;17;49;906;906;4;;;1;19;24;14.70;243.00
2015;C2013;16;56;906;906;4;;;1;18;19;13.12;190.00
2015;C2013;15;29;1;1;4;20;1.2;1;16;16;5.20;337.00
2015;C2013;14;49;1;1;4;30;1.1;1;20;19;8.10;10.00
2015;C2013;13;23;1;1;4;10;2;1;16;25;8.25;195.00
2015;C2013;12;49;1;1;4;15;1.2;2;34;30;12.45;228.00
2015;C2013;11;23;1;1;4;50;1.1;2;20;20;10.78;237.00
2015;C2013;10;29;1;1;4;10;2;1;17;17;5.28;10.00
2015;C2013;9;29;1;1;4;20;1.2;1;18;20;3.51;117.00
2015;C2013;8;29;1;1;4;35;1.2;2;18;18;7.40;227.00
2015;C2013;7;23;1;1;4;20;1.1;2;23;23;12.20;30.00
2015;C2013;6;49;23;23;;;;2;18;18;5.27;293.00
2015;C2013;5;49;1;1;4;30;1.1;2;17;19;4.62;313.00
2015;C2013;4;49;1;1;4;35;1.1;2;19;19;2.92;275.00
2015;C2013;3;29;1;1;4;10;1.2;2;28;23;4.17;167.00
2015;C0219;46;29;1;1;4;5;2;2;15;18;12.70;85.00
2015;C0219;47;49;1;1;4;10;1.2;1;24;22;10.90;148.00
2015;C0219;48;29;1;1;4;5;2;1;22;20;10.40;167.00
2015;C2013;2;49;1;1;4;30;1.1;1;18;16;1.17;256.00
2015;C2013;1;49;1;1;4;10;1.1;1;26;19;0.27;178.00
2015;C0754;2;49;1;1;4;25;1.1;3;22;24;2.80;352.00
2015;C0754;34;49;1;1;4;10;1.1;1;16;17;8.02;341.00
2015;C0754;33;49;1;1;4;30;1.1;1;19;18;1.94;272.00
2015;C0754;32;49;1;1;4;25;1.1;1;14;14;13.00;172.00
2015;C0754;31;49;1;1;4;20;1.1;1;17;17;5.28;148.00
2015;C0754;14;49;1;1;4;25;1.1;3;16;16;9.44;144.00
2015;C0754;22;49;1;1;4;15;1.1;3;17;17;4.72;142.00
2015;C0754;1;49;1;1;4;20;1.1;3;24;25;7.40;101.00
2015;C0754;11;49;1;1;4;65;1.1;3;17;17;6.71;86.00
2015;C0754;15;49;1;1;4;20;1.1;2;20;21;11.16;84.00
2015;C0754;13;49;1;1;4;50;1.1;3;16;15;8.51;42.00
2015;C0754;10;49;1;1;4;20;1.1;3;15;14;7.43;33.00
2015;C0754;4;49;1;1;4;50;1.1;3;18;19;12.95;22.00
2015;C0754;8;49;1;1;4;60;1.1;3;18;18;8.63;17.00
2015;C0754;3;49;1;1;4;15;1.1;3;22;22;5.89;11.00
2015;C0754;7;49;906;906;4;;;3;17;17;14.83;178.00
2015;C0754;5;49;906;906;4;;;3;24;21;17.95;164.00
2015;C0754;16;49;906;906;4;;;3;19;20;16.55;68.00
2015;C0754;9;49;906;906;4;;;2;27;27;17.24;29.00
2015;C2068;43;49;1;1;4;30;1.1;1;11;11;3.32;348.00
2015;C2068;35;49;1;1;4;30;1.1;1;14;12;4.62;331.00
2015;C2068;42;49;1;1;4;30;1.1;1;14;15;9.68;325.00
2015;C2068;34;41;1;1;4;25;1.1;1;16;13;7.15;293.00
2015;C2068;4;2;1;1;4;50;1.1;1;33;33;11.70;277.00
2015;C2068;5;49;1;1;4;30;1.1;2;17;15;6.47;275.00
2015;C2068;41;49;1;1;4;30;1.1;1;16;16;10.92;260.00
2015;C2068;40;2;1;1;4;15;1.1;1;16;19;10.10;240.00
2015;C2068;3;49;1;1;4;30;1.1;1;15;16;10.98;198.00
2015;C2068;33;49;1;1;4;10;1.1;2;15;13;9.04;192.00
2015;C2068;39;2;1;1;4;25;1.1;1;12;12;11.93;148.00
2015;C2068;32;49;1;1;4;15;1.1;2;18;15;8.55;136.00
2015;C2068;1;41;1;1;4;50;1.1;1;20;18;8.71;135.00
2015;C2068;31;49;1;1;4;30;1.1;1;15;14;10.12;101.00
2015;C2068;38;2;1;1;4;20;1.1;1;11;11;11.98;84.00
2015;C2068;37;49;1;1;4;35;1.1;1;10;10;9.53;73.00
2015;C2068;12;41;1;1;4;30;1.1;1;21;21;12.95;57.00
2015;C2068;11;41;1;1;4;25;1.1;1;18;15;10.85;38.00
2015;C2068;36;49;1;1;4;25;1.1;1;12;12;12.00;18.00
2015;C2068;10;41;1;1;4;60;1.1;1;20;19;11.20;3.00
2015;C2068;8;41;906;906;4;;;2;18;18;14.80;358.00
2015;C2068;7;49;906;906;4;;;2;17;16;17.85;324.00
2015;C2068;6;49;906;906;4;;;1;18;16;15.32;312.00
2015;C2068;2;41;906;906;4;;;1;25;25;13.70;166.00
2015;C0662;24;29;1;1;4;25;2;2;16;17;12.32;130.00
2015;C0662;23;29;1;1;4;30;2;2;17;17;11.67;125.00
2015;C0662;22;49;1;1;4;20;;1;16;16;11.11;124.00
2015;C0662;45;49;1;1;4;40;1.1;3;19;21;5.35;121.00
2015;C0662;44;49;1;1;4;30;1.1;1;14;15;7.17;116.00
2015;C0662;31;49;1;1;4;15;1.1;3;17;20;8.42;104.00
2015;C0662;20;49;1;1;4;25;;3;23;23;12.90;100.00
2015;C0662;43;49;1;1;4;20;1.1;1;14;14;8.25;90.00
2015;C0662;30;49;1;1;4;30;1.1;3;20;20;12.28;80.00
2015;C0662;33;3;1;1;4;35;2;1;15;15;3.70;64.00
2015;C0662;42;49;1;1;4;20;1.1;3;16;17;7.76;63.00
2015;C0662;41;29;1;1;4;15;1.1;2;10;10;12.28;40.00
2015;C0662;40;23;1;1;4;10;1.1;2;10;11;9.22;38.00
2015;C0662;86;29;1;1;4;30;2;2;10;10;8.30;38.00
2015;C0662;32;29;1;1;4;20;2;3;22;21;2.90;38.00
2015;C0662;39;49;1;1;4;20;1.1;3;18;19;10.78;33.00
2015;C0662;84;29;1;1;4;15;1.1;2;13;12;8.31;31.00
2015;C0662;37;23;1;1;4;40;1.1;1;13;14;8.80;5.00
2015;C0662;9;29;18;18;4;;;2;18;20;12.14;168.00
2015;C0662;62;29;29;29;4;;;2;11;11;10.51;235.00
2015;C0662;21;2;29;3;4;15;1.1;1;16;16;10.63;116.00
2015;C0662;28;29;906;906;4;;;3;17;18;15.29;177.00
2015;C0662;10;2;906;906;4;;;3;16;17;14.01;145.00
2015;C0662;13;49;906;906;4;;;3;22;24;15.18;125.00
2015;C0662;18;49;906;906;4;;;3;21;24;14.36;111.00
2015;C2020;17;46;1;1;4;25;1.1;1;17;16;7.46;298.00
2015;C0602;51;26;1;1;4;15;1.1;1;16;24;8.81;228.00
2015;C0602;2;49;1;1;4;45;1.1;1;33;32;9.01;99.00
2015;C0602;40;23;1;1;4;10;3;1;25;30;10.46;48.00
2015;C0602;45;29;1;1;4;10;1.1;1;18;19;10.27;40.00
2015;C0602;44;56;1;1;4;5;1.1;3;16;17;7.76;20.00
2015;C0602;43;56;1;1;4;10;1.2;3;15;16;9.94;17.00
2015;C0602;41;29;19;19;4;;;1;12;11;30.40;351.00
2015;C0602;1;15;19;19;4;;;1;33;31;4.92;198.00
2015;C0602;42;23;29;29;4;;;2;14;14;34.00;351.00
2015;C0602;32;23;29;29;4;;;1;29;21;26.55;325.00
2015;C0602;50;56;29;29;4;;;2;15;16;1.15;174.00
2015;C0602;49;56;29;29;4;;;1;18;18;9.84;168.00
2015;C0602;48;56;29;29;4;;;1;21;16;4.14;123.00
2015;C0602;47;56;29;29;4;;;1;10;10;12.15;118.00
2015;C0602;46;56;29;29;4;;;1;23;23;12.55;50.00
2015;C0602;52;56;42;42;4;;;2;11;11;12.96;270.00
2015;C0602;9;29;906;906;4;;;1;27;28;14.31;144.00
2015;C0602;55;1;2;2;4;5;1.2;1;10;10;9.35;48.00
2015;C0567;26;49;1;1;4;5;1.1;3;14;15;12.71;273.00
2015;C0567;9;20;1;1;4;5;1.1;1;29;29;11.13;266.00
2015;C0567;30;3;1;1;4;10;1.1;3;17;17;4.21;250.00
2015;C0567;5;20;1;1;4;5;1.1;2;28;27;9.05;193.00
2015;C0567;4;20;1;1;4;5;1.1;2;22;19;9.05;192.00
2015;C0567;3;3;1;1;4;10;1.1;3;23;24;10.00;174.00
2015;C0567;2;3;1;1;4;10;1.1;3;22;22;7.21;174.00
2015;C0567;1;48;1;1;4;30;1.1;1;15;15;5.35;172.00
2015;C0567;24;3;1;1;4;25;1.1;2;17;16;9.50;170.00
2015;C0567;18;20;1;1;4;10;1.1;3;21;20;12.99;140.00
2015;C0567;46;20;1;1;4;5;1.1;1;21;20;9.36;124.00
2015;C0567;32;3;1;1;4;5;1.1;1;18;18;7.41;115.00
2015;C0567;45;29;1;19;4;;;2;12;12;10.52;109.00
2015;C0567;44;29;1;1;4;15;3;3;14;14;6.67;91.00
2015;C0567;43;3;1;19;4;;;3;18;18;12.03;75.00
2015;C0567;41;29;1;1;4;0;1.1;3;12;13;6.12;68.00
2015;C0567;42;29;1;1;4;10;1.1;3;12;14;4.62;68.00
2015;C0567;40;3;1;1;4;10;1.1;3;21;20;8.24;48.00
2015;C0567;39;29;1;1;4;5;1.1;2;12;14;4.47;26.00
2015;C0567;38;29;1;1;4;10;2;2;12;14;10.76;18.00
2015;C0567;37;29;1;1;4;10;2;2;10;11;10.52;13.00
2015;C0567;36;29;1;1;4;0;3;2;12;12;9.78;6.00
2015;C0567;35;29;1;1;4;5;2;2;13;13;8.61;4.00
2015;C0567;49;29;1;1;4;5;2;2;13;14;3.44;218.00
2015;C0567;48;3;18;18;4;;;3;16;15;7.20;190.00
2015;C0567;47;3;18;18;4;;;3;12;12;10.77;161.00
2015;C0567;17;20;23;23;4;;;3;16;16;12.77;123.00
2015;C0567;34;29;29;29;4;;;2;12;12;8.94;0.00
2015;C0567;50;29;2;2;4;25;2;3;13;12;12.10;212.00
2015;C0567;51;29;2;2;4;10;2;2;13;13;5.90;342.00
2015;C0567;52;29;2;2;4;45;2;2;16;16;7.15;302.00
2015;C0567;53;29;2;2;4;45;1.1;2;13;14;10.42;255.00
2015;C0567;54;29;2;2;4;15;1.1;2;15;15;11.50;221.00
2015;C0567;55;3;2;2;4;10;1.1;3;18;18;6.11;222.00
2015;C2020;10;73;906;906;4;;;2;13;13;99.00;50.00
2015;C2020;9;46;1;1;4;60;1.1;1;13;13;8.84;89.00
2015;C0601;61;49;1;1;4;20;1.2;1;12;12;9.51;330.00
2015;C0601;60;49;1;1;4;20;1.1;1;11;15;12.24;303.00
2015;C0601;4;49;1;1;4;55;1.2;1;19;18;11.62;281.00
2015;C0601;59;49;1;1;4;20;1.2;1;11;11;9.74;274.00
2015;C0601;58;29;1;1;4;50;1.1;1;12;12;4.45;272.00
2015;C0601;57;66;1;1;4;10;1.2;1;12;12;10.48;271.00
2015;C0601;5;49;1;1;4;25;1.2;1;14;13;12.70;269.00
2015;C0601;56;49;1;1;4;20;3;1;16;18;11.82;249.00
2015;C0601;54;49;1;1;4;5;1.2;1;14;14;3.46;197.00
2015;C0601;53;49;1;1;4;5;1.2;2;12;12;6.33;172.00
2015;C0601;52;49;1;1;4;10;1.2;1;13;12;7.74;170.00
2015;C0601;38;49;1;1;4;20;1.2;1;12;12;2.28;168.00
2015;C0601;35;29;1;1;4;10;3;2;10;10;4.35;84.00
2015;C0601;34;49;1;1;4;30;1.2;1;13;13;5.52;25.00
2015;C0601;51;49;1;1;4;5;1.2;1;12;10;1.89;19.00
2015;C0601;33;49;1;1;4;15;3;1;14;14;12.45;15.00
2015;C0601;43;49;19;19;4;;;1;18;19;99.00;315.00
2015;C0601;40;49;19;19;4;;;1;19;18;99.00;310.00
2015;C0601;41;49;19;19;4;;;1;19;19;99.00;310.00
2015;C0601;44;49;19;19;4;;;1;18;15;99.00;300.00
2015;C0601;12;49;19;19;4;;;1;23;15;99.00;295.00
2015;C0601;48;49;19;19;4;;;1;15;16;99.00;285.00
2015;C0601;47;49;19;19;4;;;1;18;15;99.00;280.00
2015;C0601;45;49;19;19;4;;;1;30;32;99.00;275.00
2015;C0601;46;49;19;19;4;;;1;26;22;99.00;270.00
2015;C0601;49;49;19;19;4;;;1;16;16;99.00;150.00
2015;C0601;42;49;19;19;4;;;1;14;14;99.00;140.00
2015;C0601;24;49;19;19;4;;;2;23;26;99.00;10.00
2015;C0601;16;49;19;19;4;;;1;17;15;99.00;5.00
2015;C0601;15;49;19;19;4;;;1;20;21;99.00;5.00
2015;C0601;55;49;23;3;4;5;1.2;1;10;11;9.60;201.00
2015;C0601;37;49;29;29;4;;;1;11;10;5.80;35.00
2015;C0601;6;49;906;906;4;;;1;17;19;16.40;302.00
2015;C2020;8;46;29;29;4;;;1;14;15;7.41;118.00
2015;C2020;7;46;1;1;4;20;1.1;1;18;16;3.12;168.00
2015;C2020;6;46;23;23;4;;;1;16;17;4.61;255.00
2015;C0663;28;20;1;1;4;10;1.1;1;29;28;11.29;296.00
2015;C0663;27;20;1;1;4;5;1.1;1;31;30;9.19;295.00
2015;C0663;65;20;1;1;4;40;1.1;1;17;17;12.10;276.00
2015;C0663;25;20;1;1;4;10;1.1;2;27;28;4.25;273.00
2015;C0663;24;20;1;1;4;20;1.1;2;16;15;7.85;257.00
2015;C0663;64;20;1;29;4;;;2;15;14;7.80;256.00
2015;C0663;63;20;1;1;4;10;1.1;1;18;18;12.08;249.00
2015;C0663;62;20;1;1;4;10;1.1;2;12;11;9.01;223.00
2015;C0663;21;20;1;1;4;5;1.1;1;28;27;11.92;214.00
2015;C0663;20;20;1;1;4;25;1.1;1;25;23;7.48;212.00
2015;C0663;60;20;1;23;4;;;1;11;11;4.08;188.00
2015;C0663;59;20;1;1;4;10;1.1;1;19;19;11.17;187.00
2015;C0663;33;20;1;1;4;10;1.1;1;19;19;6.60;186.00
2015;C0663;58;20;1;1;4;30;1.1;2;14;14;12.29;184.00
2015;C0663;31;20;1;1;4;15;1.1;1;17;16;11.27;175.00
2015;C0663;57;20;1;1;4;20;1.1;2;15;14;10.24;167.00
2015;C0663;32;20;1;1;4;10;1.1;1;18;18;6.99;167.00
2015;C0663;56;20;1;29;4;;;2;12;12;6.79;162.00
2015;C0663;55;20;1;23;4;;;1;15;15;8.46;152.00
2015;C0663;54;20;1;1;4;35;1.1;1;13;12;7.00;143.00
2015;C0663;16;20;1;1;4;15;1.1;1;43;41;13.80;140.00
2015;C0663;11;20;1;29;4;;;2;24;22;4.17;123.00
2015;C0663;10;20;1;29;4;;;2;24;24;3.78;121.00
2015;C0663;39;20;1;29;4;;;2;17;17;2.95;120.00
2015;C0663;53;20;1;23;4;;;2;11;11;12.46;116.00
2015;C0663;52;20;1;29;4;;;2;13;12;6.36;75.00
2015;C0663;7;20;1;1;4;30;1.1;2;20;20;6.44;74.00
2015;C0663;6;20;1;1;4;5;1.1;2;22;21;8.59;50.00
2015;C0663;51;20;1;29;4;;;2;13;13;8.80;47.00
2015;C0663;50;20;1;29;4;;;2;17;16;9.20;46.00
2015;C0663;49;20;1;29;4;;;2;17;16;9.37;45.00
2015;C0663;5;20;1;1;4;20;1.1;2;18;19;8.23;40.00
2015;C0663;48;20;1;1;4;10;1.1;2;19;19;10.16;36.00
2015;C0663;47;20;1;1;4;10;1.1;1;12;12;8.89;34.00
2015;C0663;46;20;1;1;4;5;1.1;2;12;11;5.58;27.00
2015;C0663;45;20;1;1;4;10;1.1;2;17;16;9.43;25.00
2015;C0663;44;20;1;29;4;;;2;10;10;9.60;24.00
2015;C0663;43;20;1;1;4;10;1.1;2;15;15;10.53;22.00
2015;C0663;42;20;1;29;4;;;2;10;10;10.63;20.00
2015;C0663;41;20;1;29;4;;;2;10;10;10.74;18.00
2015;C0663;2;20;1;1;4;5;1.1;2;21;21;6.06;14.00
2015;C0663;9;20;1;1;4;20;1.1;1;34;34;3.45;11.00
2015;C0663;1;20;1;1;4;15;1.1;3;28;28;5.66;5.00
2015;C0663;40;20;1;1;4;40;1.1;2;18;17;12.55;2.00
2015;C0663;61;20;3;23;4;;;1;12;13;11.55;196.00
2015;C0663;67;20;29;29;4;;;1;10;11;11.22;318.00
2015;C0663;30;20;906;906;4;;;1;33;33;15.40;307.00
2015;C0663;29;20;906;906;4;;;1;28;28;13.93;298.00
2015;C0663;34;20;906;906;4;;;1;19;19;14.18;213.00
2015;C0663;17;20;906;906;4;;;1;30;29;15.83;161.00
2015;C0663;15;20;906;906;4;;;1;26;25;13.56;120.00
2015;C0663;14;20;906;906;4;;;1;17;18;14.65;112.00
2015;C0663;13;20;906;906;4;;;1;23;24;14.41;105.00
2015;C0663;12;20;906;906;4;;;1;23;25;13.26;90.00
2015;C0663;4;20;906;906;4;;;1;19;20;13.35;2.00
2015;C0663;71;20;2;2;4;25;1.1;2;26;25;10.20;346.00
2015;C2038;42;20;1;1;4;5;1.1;2;12;14;12.20;348.00
2015;C2038;41;20;1;1;4;5;1.1;2;10;10;12.25;334.00
2015;C2038;40;20;1;1;4;5;1.1;2;10;10;11.35;317.00
2015;C2038;4;20;1;1;4;5;1.2;3;54;56;7.29;309.00
2015;C2038;2;20;1;1;4;10;1.1;3;45;44;5.05;300.00
2015;C2038;52;20;1;18;4;;;2;11;11;12.69;288.00
2015;C2038;39;20;1;1;4;20;1.1;2;11;11;12.81;276.00
2015;C2038;38;20;1;1;4;25;1.1;1;12;11;12.76;271.00
2015;C2038;37;20;1;1;4;15;1.1;1;11;13;9.02;265.00
2015;C2038;10;20;1;1;4;10;1.1;2;16;17;10.98;260.00
2015;C2038;36;20;1;1;4;10;;1;15;17;11.55;255.00
2015;C2038;35;20;1;1;4;15;1.1;1;13;12;10.86;238.00
2015;C2038;31;20;1;1;4;5;1.1;2;16;17;7.03;235.00
2015;C2038;32;20;1;1;4;30;1.1;2;17;17;12.80;234.00
2015;C2038;34;20;1;1;4;20;1.1;1;12;12;10.56;233.00
2015;C2038;6;20;1;1;4;10;1.1;3;64;71;17.25;205.00
2015;C2038;33;20;1;1;4;5;1.1;1;11;13;11.13;192.00
2015;C2038;1;20;1;1;4;10;1.1;3;64;56;4.87;175.00
2015;C2038;30;20;1;1;4;10;1.1;3;57;55;16.83;134.00
2015;C2038;51;20;1;1;4;5;1.1;1;10;11;12.80;122.00
2015;C2038;50;20;1;1;4;5;1.1;1;14;13;10.40;92.00
2015;C2038;49;20;1;1;4;5;1.1;1;13;15;8.54;65.00
2015;C2038;48;20;1;1;4;5;1.1;2;14;15;11.51;60.00
2015;C2038;47;20;1;1;4;5;1.1;2;14;15;12.89;57.00
2015;C2038;46;20;1;1;4;5;1.1;2;10;11;5.40;52.00
2015;C2038;17;20;1;1;4;10;1.1;1;52;49;17.75;42.00
2015;C2038;5;20;1;1;4;5;1.1;3;45;46;9.94;26.00
2015;C2038;45;20;1;1;4;5;1.1;1;10;10;7.39;12.00
2015;C2038;43;20;1;1;4;20;1.1;2;13;13;12.35;2.00
2015;C2038;53;20;1;1;4;0;1.1;2;10;10;5.25;72.00
2015;C2038;44;20;3;23;4;;;2;14;14;12.25;3.00
2015;C2038;13;20;906;906;4;;;2;16;15;16.95;307.00
2015;C2038;14;20;906;906;4;;;2;19;17;16.76;305.00
2015;C2038;12;20;906;906;4;;;2;17;16;14.61;272.00
2015;C2038;11;20;906;906;4;;;2;16;17;13.42;270.00
2015;C0482;5;41;906;906;4;;;3;33;33;15.10;205.00
2015;C0482;9;41;1;23;4;;;3;18;22;4.83;226.00
2015;C0482;10;41;1;1;4;15;1.1;3;23;22;3.49;248.00
2015;C0482;18;41;906;906;4;;;3;28;29;15.19;241.00
2015;C0482;19;41;906;906;4;;;3;26;24;13.96;249.00
2015;C0482;21;15;23;23;4;;;3;28;27;11.02;257.00
2015;C0482;25;41;1;1;4;20;1.1;2;30;31;12.45;277.00
2015;C0482;26;15;1;1;4;85;1.2;3;39;36;12.86;307.00
2015;C0482;28;41;1;1;4;10;1.1;3;32;32;7.60;223.00
2015;C0482;29;15;1;1;4;20;2;3;36;34;11.41;342.00
2015;C0482;30;41;1;1;4;5;1.1;3;38;38;4.53;186.00
2015;C0482;31;41;1;1;4;25;1.1;3;17;18;12.37;166.00
2015;C0482;32;15;29;29;4;;;3;21;21;12.71;182.00
2015;C0482;34;41;906;906;4;;;3;34;34;17.10;183.00
2015;C0482;35;41;906;906;4;;;3;28;29;16.74;161.00
2015;C0482;36;41;906;906;4;;;3;22;23;14.12;161.00
2015;C0482;37;41;906;906;4;;;2;25;26;15.94;147.00
2015;C0482;42;15;1;1;4;20;2;3;25;26;10.83;345.00
2015;C0482;43;41;1;1;4;25;1.1;3;25;21;12.58;294.00
2015;C0482;49;20;906;906;4;;;3;20;20;15.93;20.00
2015;C0482;50;15;1;1;4;10;1.2;3;21;20;1.22;51.00
2015;C0482;51;42;1;1;4;10;1.1;3;20;21;3.21;161.00
2015;C0482;52;15;1;1;4;10;1.2;3;20;16;7.46;8.00
2015;C0482;53;15;1;1;4;10;1.2;2;19;17;8.61;28.00
2015;C0482;54;15;1;1;4;10;1.2;2;19;17;11.87;32.00
2015;C0482;55;15;1;1;4;10;1.2;2;17;13;6.45;43.00
2015;C0482;56;41;1;1;4;5;1.1;3;15;15;9.14;56.00
2015;C0482;57;15;1;1;4;15;1.2;2;20;19;11.67;66.00
2015;C0482;58;15;1;1;4;10;1.2;2;17;16;8.02;71.00
2015;C0482;59;15;1;1;4;10;1.2;2;15;15;9.75;77.00
2015;C0482;60;41;1;1;4;5;1.1;3;26;26;12.40;101.00
2015;C0482;61;41;1;1;4;10;1.1;3;24;26;10.03;112.00
2015;C0482;62;41;1;1;4;5;1.1;3;20;23;9.89;140.00
2015;C0482;63;41;1;1;4;5;1.1;3;21;20;12.08;151.00
2015;C0482;64;41;1;1;4;10;1.1;3;19;20;8.24;164.00
2015;C0482;65;41;1;1;4;10;1.1;3;17;17;10.40;174.00
2015;C0482;66;41;1;1;4;10;1.1;3;19;18;11.99;215.00
2015;C0482;67;15;1;1;4;25;1.2;2;14;14;10.23;248.00
2015;C0482;68;15;1;1;4;10;1.2;2;15;15;6.95;281.00
2015;C0482;69;15;1;1;4;35;1.2;3;16;17;10.46;341.00
2015;C0482;70;15;1;23;4;;;3;12;12;7.00;89.00
2015;C2016;3;15;1;1;4;45;1.2;2;32;29;3.60;220.00
2015;C2016;12;15;1;1;4;100;;2;32;26;7.10;190.00
2015;C2016;14;15;1;1;4;25;1.2;3;23;23;9.00;270.00
2015;C2016;17;15;1;1;4;99;1.1;3;29;31;6.60;330.00
2015;C2016;20;36;1;1;4;25;1.1;1;52;52;6.30;85.00
2015;C2016;23;15;1;1;4;100;;3;31;30;9.30;165.00
2015;C2016;25;15;1;1;4;25;1.2;3;35;35;8.25;210.00
2015;C2016;30;15;906;906;4;;;2;23;22;13.80;290.00
2015;C2016;34;23;1;1;4;10;1.1;1;21;23;5.90;235.00
2015;C2016;35;15;906;906;4;;;2;30;28;15.90;250.00
2015;C2016;36;15;906;906;4;;;2;34;35;17.30;190.00
2015;C2016;37;15;906;906;4;;;3;25;26;17.10;280.00
2015;C2016;39;15;1;1;4;100;;2;42;41;13.60;160.00
2015;C2016;43;56;19;19;;;;1;25;24;8.40;350.00
2015;C2016;45;56;19;19;;;;1;25;25;12.40;105.00
2015;C2016;46;56;19;19;;;;1;23;22;9.15;15.00
2015;C2020;5;46;1;1;4;15;1.1;1;15;17;8.98;65.00
2015;C2020;3;46;1;1;4;10;1.1;1;15;15;7.05;43.00
2015;C2020;2;46;1;1;4;25;1.1;1;16;17;5.16;14.00
2015;C2020;1;46;1;1;4;15;1.1;1;19;18;3.52;2.00
2015;C0613;33;41;906;906;4;;;1;23;25;17.70;279.00
2015;C0613;19;41;906;906;4;;;1;28;29;16.70;343.00
2015;C0613;20;41;906;906;4;;;1;31;32;15.90;356.00
2015;C0613;7;41;1;1;4;35;1.2;1;34;31;9.77;13.00
2015;C0613;8;41;1;1;4;45;2;1;24;23;7.18;50.00
2015;C0613;34;41;1;1;4;60;1.2;1;19;21;10.40;104.00
2015;C0613;35;41;1;1;4;35;1.2;2;10;11;9.55;143.00
2015;C0613;2;41;1;1;4;50;1.2;1;24;24;2.70;174.00
2015;C0613;12;41;1;1;4;55;1.2;1;21;22;8.80;241.00
2015;C2021;22;131;1;1;4;25;2;1;27;27;8.50;170.00
2015;C2021;21;131;1;1;4;30;1.2;1;28;25;11.75;124.00
2015;C2021;20;131;1;1;4;35;1.2;1;26;24;9.63;130.00
2015;C2021;19;131;906;906;4;;;1;23;22;99.00;20.00
2015;C2021;18;131;1;1;4;20;1.2;1;30;28;12.70;102.00
2015;C2021;17;131;906;906;4;;;1;23;22;99.00;97.00
2015;C2021;16;131;906;906;4;;;1;36;35;99.00;30.00
2015;C2021;15;131;1;1;4;25;1.2;1;26;25;11.35;91.00
2015;C2021;14;131;1;1;4;25;2;1;24;24;7.91;93.00
2015;C2021;13;131;1;1;4;25;2;1;19;19;7.47;87.00
2015;C2021;12;131;1;1;4;25;2;1;22;23;6.66;82.00
2015;C2021;11;131;1;1;4;30;1.2;1;23;27;7.51;64.00
2015;C2021;10;131;906;906;4;;;1;23;21;99.00;74.00
2015;C2021;9;131;906;906;4;;;1;25;23;99.00;73.00
2015;C2021;8;131;906;906;4;;;1;23;24;99.00;57.00
2015;C2021;6;131;906;906;4;;;1;35;38;99.00;0.00
2015;C2021;7;131;906;906;4;;;1;27;26;99.00;42.00
2015;C2021;5;131;1;1;4;20;;1;25;26;11.40;22.00
2015;C2021;4;131;1;1;4;25;2;1;18;19;12.09;12.00
2015;C2021;3;131;1;1;4;25;;1;21;22;13.00;10.00
2015;C2022;1;131;1;1;4;15;1.1;1;47;45;3.57;335.00
2015;C2022;2;131;1;1;4;45;1.1;1;26;26;4.75;92.00
2015;C2022;3;131;1;1;4;40;1.1;1;30;31;5.52;135.00
2015;C2022;4;131;1;1;4;25;1.1;1;36;41;4.25;235.00
2015;C2022;5;131;1;1;4;15;1.1;1;35;44;11.39;255.00
2015;C2022;6;131;1;1;4;15;1.1;1;33;33;12.35;248.00
2015;C2022;7;131;1;1;4;15;1.1;1;37;38;10.43;283.00
2015;C2022;8;131;1;1;4;15;1.1;1;35;35;8.90;2.00
2015;C2022;9;131;1;1;4;25;1.1;1;29;28;7.40;61.00
2015;C2022;10;131;1;1;4;25;1.1;1;34;35;12.05;77.00
2015;C2022;11;131;1;1;4;20;1.1;1;32;33;10.31;100.00
2015;C2022;12;131;1;1;4;20;1.1;1;41;41;10.96;141.00
2015;C2022;13;131;906;906;4;;;1;31;32;99.00;20.00
2015;C2022;14;131;1;1;4;20;1.1;1;35;36;7.75;214.00
2015;C2022;15;131;1;1;4;15;1.1;1;30;32;12.20;209.00
2015;C2022;16;46;906;906;4;;;1;20;20;99.00;100.00
2015;C2022;17;131;906;906;4;;;1;14;13;99.00;40.00
2015;C2022;18;131;906;906;4;;;1;29;31;99.00;0.00
2015;C2022;19;131;1;1;4;20;1.1;1;33;33;12.56;14.00
2015;C2022;20;46;906;906;4;;;2;17;19;99.00;12.00
2015;C2022;21;131;1;1;4;25;1.1;1;32;33;11.23;46.00
2015;C2022;22;46;906;906;4;;;1;17;18;99.00;48.00
2015;C2022;23;46;906;906;4;;;1;38;38;99.00;68.00
2015;C2022;25;131;1;1;4;20;;1;39;40;17.62;108.00
2015;C2022;27;131;906;906;4;;;1;28;28;99.00;80.00
2015;C2022;28;131;906;906;4;;;1;33;34;99.00;90.00
2015;C2022;29;73;1;1;4;45;1.1;1;13;12;9.90;229.00
2015;C2021;2;131;1;1;4;15;;1;30;30;1.80;212.00
2015;C2021;1;131;1;1;4;20;1.1;1;31;32;2.05;182.00
2015;C0613;25;41;906;906;4;;;1;24;23;14.40;143.00
2015;C2020;38;46;1;1;4;25;1.1;2;12;13;10.81;98.00
2015;C2020;37;46;1;1;4;20;1.1;1;10;11;12.50;142.00
2015;C0617;20;49;906;906;4;;;3;15;14;14.80;286.00
2015;C0617;31;49;23;3;4;15;2;3;13;12;10.10;220.00
2015;C0617;21;49;23;3;4;5;1.1;3;13;13;11.90;307.00
2015;C0617;35;3;1;1;4;5;1.1;3;11;11;1.96;290.00
2015;C0617;8;49;1;1;4;20;1.1;3;20;20;11.70;25.00
2015;C0617;33;49;1;1;4;25;1.1;3;10;11;8.10;32.00
2015;C0617;9;49;1;1;4;25;2;3;50;35;8.10;96.00
2015;C0617;28;49;1;1;4;5;1.1;3;10;9;7.46;148.00
2015;C0617;1;49;1;1;4;50;1.2;3;19;19;6.70;177.00
2015;C0617;30;49;1;1;4;20;1.2;3;12;10;10.90;183.00
2015;C0617;29;3;1;1;4;20;1.1;3;12;12;10.40;192.00
2015;C0617;16;49;1;1;4;30;2;3;16;15;8.40;243.00
2015;C0617;14;49;1;1;4;45;1.1;3;15;14;11.20;199.00
2015;C0617;15;49;1;1;4;35;1.2;3;15;16;9.80;236.00
2015;C0617;2;49;1;1;4;20;1.1;3;12;14;6.04;251.00
2015;C0617;17;49;1;1;4;45;1.2;3;16;14;12.20;266.00
2015;C0617;19;49;1;1;4;30;1.1;3;19;18;10.90;275.00
2015;C0617;32;49;1;1;4;40;1.1;3;12;13;6.36;276.00
2015;C0617;4;49;1;1;4;5;1.1;3;14;15;10.40;323.00
2015;C0617;3;49;1;1;4;20;1.2;3;20;21;8.64;334.00
2015;C0631;24;49;1;1;4;20;1.1;3;12;12;1.80;354.00
2015;C0631;41;49;1;1;4;60;1.1;2;14;12;9.90;346.00
2015;C0631;39;49;1;1;4;20;1.1;2;10;11;5.25;332.00
2015;C0631;40;49;1;1;4;20;1.1;3;14;14;11.20;326.00
2015;C0631;17;49;1;1;4;15;1.1;3;20;18;9.81;315.00
2015;C0631;37;49;1;1;4;10;1.1;1;10;11;3.17;304.00
2015;C0631;38;49;1;1;4;15;1.1;2;10;11;7.35;302.00
2015;C0631;16;49;1;1;4;70;1.1;3;20;19;9.32;285.00
2015;C0631;35;49;1;1;4;25;1.1;1;10;12;8.78;276.00
2015;C0631;36;49;1;1;4;15;1.1;2;13;14;6.79;274.00
2015;C0631;34;29;1;31;4;100;;3;12;12;12.90;206.00
2015;C0631;33;3;1;1;4;20;1.1;1;11;11;9.51;200.00
2015;C0631;23;29;1;1;4;15;1.1;2;14;16;1.52;194.00
2015;C0631;1;49;1;1;4;30;1.1;3;15;14;0.40;173.00
2015;C0631;13;5;1;1;4;30;1.1;1;16;18;9.97;140.00
2015;C0631;31;29;1;1;4;10;1.1;2;12;12;6.72;128.00
2015;C0631;9;29;1;1;4;20;1.1;3;22;26;7.12;124.00
2015;C0631;30;29;1;1;4;15;1.1;2;10;10;12.20;117.00
2015;C0631;29;41;1;1;4;10;1.1;1;14;14;10.90;109.00
2015;C0631;28;49;1;1;4;25;1.1;2;10;10;11.40;93.00
2015;C0631;8;49;1;1;4;15;1.1;3;16;14;9.50;90.00
2015;C0631;32;49;1;1;4;5;1.1;3;12;12;4.33;78.00
2015;C0631;6;41;1;1;4;15;1.1;2;17;16;10.50;60.00
2015;C0631;27;41;1;1;4;5;1.1;2;12;12;5.97;48.00
2015;C0631;26;41;1;1;4;5;1.1;2;11;10;5.62;45.00
2015;C0631;25;49;1;1;4;20;1.1;1;13;12;3.24;19.00
2015;C0631;2;49;1;1;4;10;1.1;3;22;21;10.13;17.00
2015;C0631;12;5;23;3;4;30;1.1;1;12;13;12.40;156.00
2015;C0631;10;49;23;3;4;5;1.1;3;17;16;9.00;147.00
2015;C0631;18;49;906;906;4;;;3;15;15;13.90;336.00
2015;C0631;19;49;906;906;4;;;3;15;15;14.10;321.00
2015;C0631;20;49;906;906;4;;;3;22;25;15.80;283.00
2015;C0631;22;29;906;906;4;;;3;16;19;13.50;242.00
2015;C0631;14;49;906;906;4;;;3;19;21;15.30;127.00
2015;C0631;15;49;906;906;4;;;3;18;19;13.60;100.00
2015;C0631;7;41;906;906;4;;;3;20;20;16.30;75.00
2015;C0631;5;41;906;906;4;;;3;19;20;13.40;52.00
2015;C0631;3;49;906;906;4;;;3;17;18;13.70;31.00
2015;C0617;5;49;1;1;4;15;1.1;3;16;16;11.50;341.00
2015;C0419;35;129;906;906;4;;;1;23;26;14.83;26.00
2015;C0419;37;29;1;1;4;30;1.2;2;24;25;11.88;320.00
2015;C0419;38;29;906;906;4;;;2;16;16;14.93;322.00
2015;C0419;41;129;1;1;4;30;2;1;39;34;4.16;180.00
2015;C0419;46;129;1;1;4;20;2;1;33;34;9.75;265.00
2015;C0419;52;41;906;906;4;;;2;14;14;14.97;58.00
2015;C0419;53;41;1;1;4;15;1.1;1;19;19;8.55;78.00
2015;C0419;54;41;1;1;4;10;1.1;1;17;18;6.80;113.00
2015;C0419;55;41;1;1;4;35;1.1;1;17;18;7.85;0.00
2015;C0419;56;41;1;1;4;15;;1;14;15;2.51;20.00
2015;C0419;57;49;1;1;4;15;1.1;2;14;13;4.78;68.00
2015;C0419;58;49;1;1;4;15;1.1;1;14;13;9.24;53.00
2015;C0419;59;49;1;1;4;10;1.1;1;13;13;10.70;72.00
2015;C0419;60;49;906;906;4;;;2;15;13;16.79;208.00
2015;C0419;61;129;1;1;4;30;2;1;41;40;14.10;233.00
2015;C0419;62;129;1;1;4;35;1.1;1;24;24;12.64;240.00
2015;C0419;63;41;1;1;4;40;1.1;1;10;10;5.40;230.00
2015;C0419;64;15;1;1;4;50;1.1;2;10;10;7.09;250.00
2015;C0419;66;15;1;1;4;75;1.1;2;10;11;8.19;294.00
2015;C0419;67;41;1;1;4;15;1.1;2;11;11;10.57;190.00
2015;C0419;68;23;1;1;4;10;1.2;1;10;10;6.53;195.00
2015;C0419;69;41;1;1;4;20;;2;10;10;5.47;320.00
2015;C0419;70;41;1;1;4;20;1.1;1;11;12;5.15;5.00
2015;C0419;71;23;1;1;4;30;1.1;1;10;10;9.85;12.00
2015;C0419;72;23;1;1;4;20;1.1;1;11;12;7.71;25.00
2015;C0419;73;41;1;1;4;20;1.1;2;11;11;8.13;25.00
2015;C0419;74;41;1;1;4;15;1.1;1;10;11;9.43;160.00
2015;C0419;75;41;1;1;4;25;1.1;2;11;13;5.43;90.00
2015;C0419;76;41;1;1;4;20;1.1;1;11;11;8.77;63.00
2015;C0419;77;23;1;1;4;25;1.2;2;11;11;9.78;45.00
2015;C0419;78;15;1;1;4;50;1.1;2;10;10;12.21;39.00
2015;C0419;79;23;1;1;4;30;1.2;2;10;10;11.23;52.00
2015;C0421;3;20;1;1;4;20;1.1;1;23;22;2.39;290.00
2015;C0421;4;20;1;1;4;40;1.1;1;21;22;4.54;197.00
2015;C0421;6;20;1;1;4;35;1.1;1;21;22;8.98;297.00
2015;C0421;8;20;1;1;4;25;1.1;1;30;28;12.33;325.00
2015;C0421;9;20;1;1;4;10;1.1;1;31;27;12.93;355.00
2015;C0421;11;20;1;1;4;65;1.1;1;20;22;10.90;18.00
2015;C0421;12;20;1;1;4;80;1.1;1;24;21;8.70;34.00
2015;C0421;14;20;1;1;4;45;1.1;1;26;27;8.15;103.00
2015;C0421;15;20;906;906;4;;;1;21;20;14.16;112.00
2015;C0421;16;20;906;906;4;;;2;18;19;15.25;108.00
2015;C0421;17;20;906;906;4;;;1;21;22;13.50;127.00
2015;C0421;18;20;906;906;4;;;2;19;18;15.28;142.00
2015;C0421;20;20;1;1;4;85;1.1;1;17;18;8.40;165.00
2015;C0421;23;20;1;1;4;20;1.1;1;19;18;11.71;190.00
2015;C0421;24;20;906;906;4;;;1;28;30;14.85;168.00
2015;C0421;26;20;906;906;4;;;1;28;29;16.27;200.00
2015;C0421;28;20;1;1;4;40;1.1;1;23;24;11.21;225.00
2015;C0421;29;20;1;1;4;25;1.1;2;20;20;9.96;248.00
2015;C0421;30;63;1;1;4;15;1.1;1;20;21;8.55;262.00
2015;C0421;31;20;1;1;4;15;1.1;1;20;21;2.86;248.00
2015;C0421;32;63;1;1;4;15;2;1;14;15;4.62;318.00
2015;C0421;34;20;906;906;4;;;2;22;25;15.38;125.00
2015;C0421;35;20;906;906;4;;;1;28;28;15.00;75.00
2015;C0421;36;20;906;906;4;;;1;20;19;14.08;255.00
2015;C0421;38;20;906;906;4;;;1;18;20;17.10;215.00
2015;C0422;61;20;1;1;4;15;1.1;1;21;22;12.97;10.00
2015;C0422;62;20;1;1;4;15;1.1;1;25;24;12.71;355.00
2015;C0422;63;20;906;906;4;;;1;25;26;13.85;347.00
2015;C0422;64;100;1;1;4;15;3;1;44;47;17.06;338.00
2015;C0422;81;20;906;906;4;;;1;17;17;13.55;45.00
2015;C0422;82;20;1;1;4;5;1.1;1;15;16;12.31;36.00
2015;C0422;83;20;906;906;4;;;1;22;22;14.34;55.00
2015;C0422;84;20;906;906;4;;;1;22;22;14.24;73.00
2015;C0422;92;20;1;1;4;10;1.1;1;27;27;6.59;58.00
2015;C0422;93;20;1;1;4;15;1.1;1;16;16;10.96;51.00
2015;C0422;95;20;1;1;4;20;1.1;1;14;13;11.70;18.00
2015;C0422;97;20;1;1;4;15;1.1;1;18;17;11.53;10.00
2015;C0422;98;20;1;1;4;30;1.1;1;25;22;11.59;358.00
2015;C0422;99;20;1;1;4;20;1.1;1;25;25;12.20;338.00
2015;C0422;100;20;1;1;4;15;1.1;1;27;27;10.48;335.00
2015;C0422;101;20;1;1;4;15;1.1;1;31;27;10.70;320.00
2015;C0422;102;20;1;1;4;10;1.1;1;24;23;8.61;335.00
2015;C0422;103;20;1;1;4;5;1.1;1;21;22;7.39;8.00
2015;C0422;104;20;1;1;4;5;1.1;1;11;11;9.88;18.00
2015;C0422;106;20;1;1;4;5;1.1;1;14;15;7.43;34.00
2015;C0422;107;20;1;1;4;5;1.1;1;16;16;8.52;41.00
2015;C0422;108;20;1;1;4;5;1.1;1;17;18;7.08;40.00
2015;C0422;109;20;1;1;4;10;1.1;1;14;15;9.39;52.00
2015;C0422;110;20;1;1;4;15;1.1;1;16;15;9.27;58.00
2015;C0422;111;20;1;1;4;5;1.1;1;22;23;12.31;63.00
2015;C0422;112;20;1;1;4;10;1.1;1;11;10;11.92;68.00
2015;C0422;113;20;1;1;4;10;1.1;1;18;18;11.17;84.00
2015;C0422;114;20;1;1;4;10;1.1;1;20;20;8.16;82.00
2015;C0422;115;20;1;1;4;5;1.1;1;20;19;6.99;84.00
2015;C0422;116;20;1;1;4;10;1.1;1;24;23;6.56;70.00
2015;C0422;117;20;1;1;4;10;1.1;1;18;16;4.61;95.00
2015;C0422;118;20;1;1;4;20;1.1;1;30;30;5.18;3.00
2015;C0422;119;20;1;1;4;40;1.1;1;17;17;4.41;345.00
2015;C0422;120;20;1;1;4;20;1.1;1;27;30;6.20;321.00
2015;C0422;121;20;1;1;4;20;1.1;1;25;24;6.32;280.00
2015;C0422;122;20;1;1;4;20;1.1;1;28;27;9.90;303.00
2015;C0422;123;20;1;1;4;15;1.1;1;24;23;8.37;274.00
2015;C0422;124;20;1;1;4;15;1.1;1;23;22;9.54;268.00
2015;C0422;125;20;1;1;4;15;1.1;1;23;24;10.40;253.00
2015;C0422;126;20;1;1;4;15;1.1;1;21;21;6.40;266.00
2015;C0422;127;20;1;1;4;30;1.1;1;27;26;0.44;265.00
2015;C0422;128;20;1;1;4;20;1.1;1;26;28;1.94;245.00
2015;C0422;129;20;1;1;4;10;1.1;1;19;18;10.51;100.00
2015;C0422;130;20;1;1;4;15;1.1;1;22;22;8.97;112.00
2015;C0422;131;20;1;1;4;10;1.1;1;22;22;12.71;110.00
2015;C0422;132;20;1;1;4;10;1.1;1;21;21;11.99;114.00
2015;C0422;133;20;1;1;4;20;1.1;1;18;18;12.40;121.00
2015;C0422;134;20;1;1;4;15;;1;36;36;11.62;136.00
2015;C0422;135;20;1;1;4;5;1.1;1;20;17;10.55;144.00
2015;C0422;136;20;1;1;4;15;1.1;1;17;18;8.23;135.00
2015;C0422;137;20;1;1;4;10;1.1;1;29;30;7.07;138.00
2015;C0422;138;20;1;1;4;40;1.1;1;15;14;9.99;150.00
2015;C0422;139;20;1;1;4;20;1.1;1;33;32;12.02;151.00
2015;C0422;140;20;1;1;4;20;1.1;1;19;18;12.92;157.00
2015;C0422;141;20;1;1;4;25;1.1;1;21;22;11.00;160.00
2015;C0422;142;20;1;1;4;15;1.1;1;24;24;8.82;185.00
2015;C0422;143;20;1;1;4;20;1.1;1;26;26;8.76;193.00
2015;C0422;144;20;1;1;4;15;1.1;1;22;22;4.12;192.00
2015;C0422;145;20;1;1;4;15;1.1;1;22;24;4.92;207.00
2015;C0422;146;20;1;1;4;10;1.1;1;26;26;7.95;226.00
2015;C0422;147;20;1;29;4;;;1;16;17;6.44;225.00
2015;C0422;148;20;1;1;4;15;1.1;1;27;27;5.94;232.00
2015;C0422;149;100;1;1;4;25;1.2;1;41;50;13.31;204.00
2015;C0422;150;20;1;1;4;15;1.1;1;23;24;1.30;205.00
2015;C0443;9;49;1;1;4;40;1.1;2;17;15;10.51;95.00
2015;C0443;13;46;906;906;4;;;2;14;13;17.61;42.00
2015;C0443;33;46;906;906;4;;;2;16;15;16.60;32.00
2015;C0443;38;73;906;906;4;;;2;15;13;16.10;325.00
2015;C0443;40;46;906;906;4;;;2;14;13;16.85;284.00
2015;C0443;41;46;906;906;4;;;2;14;14;15.86;352.00
2015;C0443;42;46;1;1;4;45;1.1;2;12;13;10.04;75.00
2015;C0443;43;46;1;1;4;60;1.1;2;15;16;11.10;272.00
2015;C0443;44;46;1;1;4;75;1.1;1;13;13;10.58;245.00
2015;C0443;45;46;1;1;4;50;1.2;2;10;11;12.00;280.00
2015;C0443;46;46;1;1;4;70;1.2;2;10;11;11.12;300.00
2015;C0443;47;46;1;1;4;15;1.2;2;16;15;7.98;315.00
2015;C0443;48;49;1;1;4;45;1.1;1;12;12;11.88;340.00
2015;C0443;49;46;1;1;4;15;1.2;2;10;11;12.05;3.00
2015;C0443;50;73;1;1;4;5;1.1;2;14;13;12.30;10.00
2015;C0443;51;73;1;1;4;25;1.1;1;10;9;4.15;30.00
2015;C0443;52;73;1;1;4;45;1.1;2;10;10;6.62;205.00
2015;C0443;53;46;1;1;4;65;1.1;2;10;9;9.00;240.00
2015;C0444;1;15;1;1;4;60;1.2;2;25;25;2.20;65.00
2015;C0444;7;15;1;1;4;35;1.2;2;17;17;5.64;116.00
2015;C0444;9;15;1;1;4;45;2;2;50;47;8.25;141.00
2015;C0444;13;15;1;1;4;45;1.2;2;25;24;6.75;215.00
2015;C0444;14;15;1;1;4;40;1.2;2;40;41;8.96;287.00
2015;C0444;15;15;1;1;4;55;1.2;2;75;73;12.47;271.00
2015;C0444;17;15;906;906;4;;;2;28;28;13.32;134.00
2015;C0444;19;15;906;906;4;;;2;36;36;17.29;147.00
2015;C0444;27;15;906;906;4;;;2;31;31;17.43;129.00
2015;C0444;29;15;1;1;4;35;1.2;2;28;31;12.27;244.00
2015;C0444;31;15;1;1;4;60;1.2;1;35;36;12.15;218.00
2015;C0444;32;15;906;906;4;;;1;27;30;14.15;195.00
2015;C0444;33;15;1;1;4;60;1.2;1;18;17;5.94;258.00
2015;C0444;34;15;906;906;4;;;1;33;34;14.56;197.00
2015;C0444;36;15;29;29;;;;2;14;13;4.36;243.00
2015;C0444;37;15;1;1;4;60;1.2;2;15;16;10.83;237.00
2015;C0444;48;15;29;29;;;;2;34;34;27.34;138.00
2015;C0444;49;15;1;1;4;45;1.1;2;13;12;3.15;190.00
2015;C0444;50;15;1;1;4;40;1.1;1;12;12;5.19;183.00
2015;C0444;51;23;1;1;4;10;2;1;12;13;12.07;153.00
2015;C0444;52;99;1;1;4;10;3;1;19;20;9.79;17.00
2015;C0444;53;23;1;1;4;20;1.1;1;10;10;4.20;191.00
2015;C0444;54;16;1;1;4;15;1.1;2;10;10;4.80;5.00
2015;C0461;1;49;1;1;4;35;1.1;1;20;20;2.73;298.00
2015;C0461;2;49;1;1;4;25;1.1;1;23;18;3.09;96.00
2015;C0461;9;49;1;1;4;45;;1;18;16;4.69;25.00
2015;C0461;10;23;1;1;4;40;2;1;18;21;4.68;80.00
2015;C0461;15;49;1;1;4;20;1.1;1;22;19;6.03;285.00
2015;C0461;16;49;1;1;4;20;1.1;1;29;31;6.07;340.00
2015;C0461;19;49;1;1;4;35;1.1;1;19;21;9.07;65.00
2015;C0461;21;7;1;1;4;25;2;1;19;21;10.47;154.00
2015;C0461;23;130;1;1;4;60;2;1;43;45;12.21;190.00
2015;C0461;24;23;1;1;4;30;1.1;1;17;18;12.78;233.00
2015;C0461;27;130;1;1;4;40;2;1;34;34;10.26;293.00
2015;C0461;29;49;19;19;;;;1;21;23;14.04;7.00
2015;C0461;30;49;906;906;4;;;1;25;28;13.11;333.00
2015;C0461;32;23;1;1;4;40;1.1;1;24;22;11.34;85.00
2015;C0461;34;49;1;1;4;25;1.1;1;23;21;9.37;246.00
2015;C0461;37;23;1;1;4;55;3;1;18;20;7.32;162.00
2015;C0461;38;130;1;1;4;50;2;1;39;40;13.20;170.00
2015;C0461;40;49;1;1;4;55;1.1;1;13;12;9.23;320.00
2015;C0461;42;23;906;906;4;;;1;16;17;15.21;340.00
2015;C0461;46;23;1;1;4;30;2;1;11;12;6.76;75.00
2015;C0461;47;23;1;1;4;60;1.1;2;10;10;8.48;95.00
2015;C0461;48;49;1;1;4;25;1.1;1;13;15;11.18;304.00
2015;C0461;49;23;1;1;4;40;2;1;13;13;11.84;304.00
2015;C0461;50;23;1;1;4;25;2;1;10;10;10.07;280.00
2015;C0461;51;23;1;1;4;35;2;1;10;11;10.21;130.00
2015;C0461;52;130;1;1;4;65;2;1;43;45;16.38;245.00
2015;C0617;34;29;1;1;4;50;1.2;3;10;10;4.00;352.00
2015;C2020;39;46;1;1;4;20;1.1;2;12;13;9.41;163.00
2015;C2020;40;46;1;1;4;30;1.1;2;11;10;8.90;156.00
2015;C2020;41;46;1;1;4;20;1.1;2;12;13;7.90;153.00
2015;C2020;42;46;1;1;4;20;1.1;2;11;10;12.84;151.00
2015;C2020;43;46;1;1;4;35;1.1;2;12;12;11.90;155.00
2015;C2020;44;46;1;1;4;35;1.1;1;12;14;12.14;104.00
2015;C2020;45;46;19;19;;;;1;13;14;5.50;232.00
2015;C2020;46;46;1;1;4;25;1.1;2;10;12;6.84;155.00
2015;C2023;1;54;1;1;4;30;1.1;1;21;19;1.38;312.00
2015;C2023;2;54;1;1;4;20;1.1;1;38;41;13.64;350.00
2015;C2023;4;54;1;1;4;20;1.1;1;31;34;9.66;24.00
2015;C2023;5;54;1;1;4;25;1.1;1;17;16;12.30;115.00
2015;C2023;7;54;1;1;4;25;1.2;1;48;42;8.78;152.00
2015;C2023;8;54;906;906;4;;;1;25;24;99.00;60.00
2015;C2023;9;54;906;906;4;;;1;21;22;99.00;70.00
2015;C2023;10;54;1;1;4;20;1.2;1;23;27;12.36;188.00
2015;C2023;11;54;906;906;4;;;1;26;35;99.00;10.00
2015;C2023;12;54;1;1;4;25;1.2;1;27;27;9.82;203.00
2015;C2023;13;54;1;1;4;35;1.1;1;24;23;9.21;207.00
2015;C2023;14;54;1;1;4;30;1.1;1;24;26;11.81;211.00
2015;C2023;15;54;1;1;4;35;1.1;1;26;26;12.40;230.00
2015;C2023;16;54;1;1;4;30;1.1;1;24;24;9.90;253.00
2015;C2023;17;54;1;1;4;25;2;1;33;26;3.98;271.00
2015;C2023;18;54;1;1;4;20;1.1;1;34;31;12.92;277.00
2015;C2023;19;54;1;1;4;20;1.1;1;26;25;7.94;295.00
2015;C2023;20;54;1;1;4;20;;1;19;18;11.80;288.00
2015;C2023;21;54;1;1;4;25;1.1;1;30;26;9.05;301.00
2015;C2023;22;54;1;1;4;20;1.1;1;25;28;11.27;331.00
2015;C2023;23;54;906;906;4;;;1;29;26;99.00;80.00
2015;C2023;31;54;906;906;4;;;1;33;39;99.00;0.00
2015;C2023;34;54;906;906;4;;;1;23;25;99.00;17.00
2015;C2023;35;54;906;906;4;;;1;30;29;99.00;45.00
2015;C2023;38;54;906;906;4;;;1;27;29;99.00;90.00
2015;C2023;39;54;906;906;4;;;1;24;29;99.00;100.00
2015;C2023;40;54;906;906;4;;;1;21;22;99.00;30.00
2015;C2023;41;54;906;906;4;;;1;22;21;99.00;110.00
2015;C2023;42;54;906;906;4;;;1;21;22;99.00;120.00
2015;C2023;43;54;906;906;4;;;1;19;20;99.00;130.00
2015;C2023;44;54;906;906;4;;;1;31;31;99.00;140.00
2015;C2023;45;54;1;1;4;25;1.1;1;15;16;11.92;15.00
2015;C2023;46;54;1;1;4;35;1.1;1;12;12;6.38;107.00
2015;C2023;47;46;1;1;4;10;2;2;14;12;12.46;104.00
2015;C2023;48;54;19;19;4;;;1;12;12;11.74;246.00
2015;C2024;1;49;1;1;4;25;1.1;1;23;22;3.70;350.00
2015;C2024;3;49;1;1;4;20;1.1;1;15;16;7.50;108.00
2015;C2024;5;49;1;1;4;20;1.1;1;14;14;9.49;75.00
2015;C2024;6;49;1;1;4;40;1.1;1;13;14;10.25;85.00
2015;C2024;7;49;1;1;4;35;1.1;1;20;20;11.86;83.00
2015;C2024;8;49;1;1;4;20;1.1;1;20;20;11.61;89.00
2015;C2024;9;49;1;1;4;35;1.1;1;17;17;9.71;103.00
2015;C2024;13;49;906;906;4;;;1;14;14;99.00;0.00
2015;C2024;14;49;906;906;4;;;1;15;14;99.00;10.00
2015;C2024;15;49;906;906;4;;;1;18;17;99.00;20.00
2015;C2024;18;46;906;906;4;;;1;25;32;99.00;30.00
2015;C2024;30;49;1;1;4;35;1.1;1;36;38;6.87;280.00
2015;C2024;31;49;1;1;4;35;1.1;1;12;12;3.36;34.00
2015;C2024;32;49;1;1;4;35;1.1;1;15;15;12.63;26.00
2015;C2024;33;49;23;23;4;;;1;16;15;11.57;34.00
2015;C2024;34;49;1;1;4;25;1.1;1;16;16;9.86;35.00
2015;C2024;35;49;1;1;4;50;1.1;1;18;17;12.50;50.00
2015;C2024;36;49;1;1;4;30;1.1;1;14;14;10.50;60.00
2015;C2024;37;49;1;23;4;;;1;10;10;11.74;69.00
2015;C2024;38;49;23;23;4;;;1;10;10;11.85;74.00
2015;C2024;39;49;1;1;4;25;1.1;1;10;11;7.56;83.00
2015;C2024;40;49;1;1;4;25;1.1;1;12;11;11.54;108.00
2015;C2024;41;49;1;1;4;20;1.1;1;12;13;10.64;104.00
2015;C2024;42;49;1;1;4;15;1.1;1;13;14;9.05;113.00
2015;C2024;43;49;1;1;4;30;1.1;1;13;13;6.65;107.00
2015;C2024;44;49;1;1;4;30;1.1;1;13;13;12.65;132.00
2015;C2024;45;49;1;1;4;25;1.2;1;11;11;10.68;145.00
2015;C2024;46;49;1;1;4;40;1.1;1;11;10;4.28;139.00
2015;C2024;47;46;1;1;4;10;1.2;2;13;13;4.58;216.00
2015;C2024;48;46;1;1;4;10;2;1;11;11;5.75;218.00
2015;C2024;49;49;1;1;4;40;1.1;1;17;16;9.93;233.00
2015;C2024;50;46;1;1;4;5;1.2;2;18;17;4.84;255.00
2015;C2024;51;46;1;1;4;10;1.1;1;11;12;8.93;303.00
2015;C2024;52;49;23;23;4;;;1;12;11;7.77;325.00
2015;C2024;53;49;1;1;4;25;1.1;1;16;18;9.80;327.00
2015;C2021;23;131;1;1;4;40;1.2;1;15;15;7.02;186.00
2015;C2021;24;131;1;1;4;25;1.2;1;29;31;6.71;198.00
2015;C2021;25;131;1;1;4;40;1.2;1;20;21;11.96;175.00
2015;C2021;26;131;1;1;4;35;1.2;1;26;27;12.60;180.00
2015;C2021;27;131;1;1;4;30;1.2;1;28;29;12.96;183.00
2015;C2021;28;131;906;906;4;;;1;25;26;99.00;100.00
2015;C2021;29;131;906;906;4;;;1;31;30;99.00;110.00
2015;C2021;30;131;906;906;4;;;1;35;36;99.00;10.00
2015;C2021;31;131;1;1;4;45;1.1;1;13;13;12.47;222.00
2015;C2021;32;131;1;1;4;5;2;1;30;29;12.01;282.00
2015;C2021;33;131;1;1;4;35;1.2;1;15;15;6.95;63.00
2015;C2021;34;131;1;1;4;40;1.1;1;15;15;6.73;67.00
2015;C2021;35;131;1;31;4;100;;1;11;12;6.79;72.00
2015;C0475;11;49;1;1;4;30;1.1;1;23;21;4.38;140.00
2015;C0475;5;29;1;1;4;30;2;2;19;19;4.58;190.00
2015;C0475;4;49;1;1;4;20;2;1;24;27;5.02;208.00
2015;C2011;24;20;906;906;4;;;1;25;25;13.13;189.00
2015;C2011;25;20;906;906;4;;;1;19;17;13.68;223.00
2015;C2011;26;20;1;1;4;5;1.1;1;29;32;12.46;235.00
2015;C2011;27;20;1;1;4;15;1.1;1;22;21;8.70;5.00
2015;C2011;28;20;906;906;4;;;1;38;33;13.31;264.00
2015;C2011;29;20;1;1;4;10;1.1;1;43;40;14.47;290.00
2015;C2011;30;20;1;1;4;35;1.1;1;15;16;11.75;312.00
2015;C2011;31;20;906;906;4;;;1;34;35;13.83;1.00
2015;C2011;32;20;1;1;4;25;1.1;2;16;17;12.78;31.00
2015;C2011;33;20;1;1;4;20;1.1;1;12;12;9.15;54.00
2015;C2011;34;118;1;1;4;30;1.2;1;25;27;12.98;77.00
2015;C2011;35;99;1;1;4;25;2;1;19;21;12.55;93.00
2015;C2011;36;20;1;1;4;35;1.1;1;15;15;12.07;221.00
2015;C2011;37;20;1;1;4;20;1.1;1;15;15;11.62;283.00
2015;C2011;38;20;1;1;4;40;1.1;1;12;11;8.92;292.00
2015;C2011;39;20;1;1;4;15;1.1;1;18;17;9.82;297.00
2015;C2011;40;20;23;23;4;;;1;15;15;12.65;310.00
2015;C0148;1;15;29;29;4;;;1;1;1;3.40;40.00
2015;C0148;9;48;29;29;4;;;2;1;1;3.92;196.00
2015;C0148;11;48;1;29;4;;;3;25;21;2.26;241.00
2015;C0148;13;15;1;1;4;70;1.1;3;32;28;2.27;271.00
2015;C0148;14;15;1;1;4;60;1.1;3;29;29;3.37;261.00
2015;C0148;15;15;19;19;4;;;2;2;2;2.39;285.00
2015;C0148;16;15;29;29;;;;2;3;3;1.55;255.00
2015;C0148;17;15;29;29;;;;2;1;1;1.77;245.00
2015;C0148;18;15;29;29;;;;2;1;1;1.68;245.00
2015;C0148;19;15;29;29;;;;1;1;1;1.95;245.00
2015;C0148;20;15;29;29;;;;2;2;2;1.98;246.00
2015;C0148;21;15;29;29;;;;2;2;2;2.04;246.00
2015;C0148;22;15;29;29;;;;2;2;2;2.11;245.00
2015;C0148;23;48;29;29;;;;2;1;1;2.48;245.00
2015;C0148;25;48;29;29;;;;2;1;1;2.98;259.00
2015;C0148;27;15;29;29;;;;2;3;3;3.06;259.00
2015;C0148;28;15;29;29;;;;2;2;2;3.06;252.00
2015;C0148;29;15;29;29;;;;2;4;4;3.71;274.00
2015;C0148;30;15;29;29;;;;2;1;1;3.78;270.00
2015;C0148;31;15;19;19;4;;;2;1;1;3.77;275.00
2015;C0148;34;36;1;29;4;;;2;25;25;4.55;15.00
2015;C0148;35;48;1;29;4;;;2;25;24;5.95;17.00
2015;C0148;36;48;1;29;4;;;2;30;27;4.55;33.00
2015;C0148;37;15;1;1;4;55;1.1;2;14;15;4.94;33.00
2015;C0148;38;15;1;1;4;55;1.2;2;30;29;5.83;24.00
2015;C0148;39;48;1;29;4;;;2;17;16;10.05;23.00
2015;C0148;41;48;1;29;4;;;2;24;23;7.63;49.00
2015;C0148;42;48;1;29;4;;;2;19;22;7.63;49.00
2015;C0148;43;48;1;29;4;;;2;24;22;8.54;51.00
2015;C0148;44;48;1;29;4;;;2;22;25;9.54;48.00
2015;C0148;47;15;1;29;4;;;1;25;22;11.41;81.00
2015;C0148;48;15;1;29;4;;;1;24;24;8.04;70.00
2015;C0148;49;48;1;1;4;45;1.1;1;30;23;9.61;100.00
2015;C0148;50;15;1;1;4;40;1.2;2;11;17;11.17;102.00
2015;C0148;51;15;1;1;4;90;1.1;2;17;15;11.37;109.00
2015;C0148;53;49;1;1;4;40;1.1;1;26;32;11.11;125.00
2015;C0148;54;49;1;1;4;20;1.1;1;24;20;11.51;140.00
2015;C0148;55;49;1;1;4;20;1.1;1;24;19;11.30;136.00
2015;C0148;57;49;1;1;4;15;1.1;1;28;26;11.97;176.00
2015;C0148;58;15;1;1;4;40;1.2;2;29;29;9.40;198.00
2015;C0148;59;15;23;23;4;;;2;18;20;9.76;200.00
2015;C0148;60;15;1;1;4;40;1.1;2;29;24;9.69;210.00
2015;C0148;61;15;1;1;4;40;1.1;2;27;23;9.64;212.00
2015;C0148;63;49;1;1;4;35;1.1;2;29;23;7.29;253.00
2015;C0148;64;49;1;1;4;35;1.1;2;24;20;7.54;252.00
2015;C0148;65;49;906;902;4;40;1.1;1;17;15;12.54;252.00
2015;C0148;66;15;906;902;4;65;1.1;2;28;27;12.63;282.00
2015;C0148;67;15;906;902;4;65;1.1;2;21;18;11.86;275.00
2015;C0148;68;15;1;1;4;80;1.1;2;21;19;7.23;283.00
2015;C0148;69;49;1;1;4;25;1.1;1;31;26;11.62;192.00
2015;C0148;70;49;1;1;4;25;1.1;1;27;22;11.62;192.00
2015;C0148;71;49;1;1;4;15;1.1;1;27;25;12.92;312.00
2015;C0148;72;39;1;29;4;;;1;24;26;8.04;332.00
2015;C0148;73;15;1;1;4;35;1.1;1;51;54;17.14;69.00
2015;C0148;74;15;1;1;4;70;1.1;1;47;44;17.06;204.00
2015;C0148;75;49;1;1;4;15;1.1;1;31;26;10.69;292.00
2015;C0148;76;49;1;1;4;15;1.1;1;27;22;11.62;292.00
2015;C0148;77;49;1;1;4;30;1.1;1;16;18;2.57;75.00
2015;C0148;78;15;1;1;4;60;1.1;3;29;29;1.90;261.00
2015;C0148;79;15;23;29;4;;;3;19;17;11.94;347.00
2015;C0148;80;15;906;902;4;65;1.1;2;23;25;12.20;69.00
2015;C0148;81;36;1;1;4;50;1.1;1;34;42;10.57;335.00
2015;C0148;82;15;1;1;4;45;1.1;2;32;29;11.17;343.00
2015;C0148;84;15;1;1;4;50;1.1;2;26;22;10.90;350.00
2015;C0148;85;15;1;1;4;50;1.1;2;26;26;11.80;351.00
2015;C0148;86;15;1;1;4;50;1.1;2;27;27;11.29;352.00
2015;C0148;87;15;1;1;4;50;1.1;2;27;24;11.10;353.00
2015;C0148;88;15;2;2;4;40;1.2;2;25;21;2.26;241.00
2015;C0148;89;15;2;2;4;70;1.2;2;25;25;3.53;10.00
2015;C0148;90;15;2;2;4;75;1.1;2;25;24;5.70;15.00
2015;C0148;91;15;2;2;4;65;1.2;2;30;27;4.55;33.00
2015;C0148;92;15;2;2;4;85;1.1;2;17;16;9.50;23.00
2015;C0148;93;15;2;2;4;70;1.2;2;24;24;7.63;49.00
2015;C0148;94;15;2;2;4;70;1.1;2;20;23;7.63;49.00
2015;C0148;95;15;2;2;4;70;1.1;2;24;22;8.54;51.00
2015;C0148;96;15;2;2;4;80;1.1;2;22;25;9.54;48.00
2015;C0148;97;48;2;2;4;30;1.1;2;25;22;11.41;81.00
2015;C0148;98;48;2;2;4;35;1.1;2;24;24;8.40;70.00
2015;C0148;99;36;2;2;4;45;1.1;1;24;26;8.40;332.00
2015;C0149;1;65;1;1;4;25;1.1;1;23;23;1.74;23.00
2015;C0149;2;134;29;29;;;;2;1;1;1.00;30.00
2015;C0149;3;20;19;19;;;;2;5;4;2.92;18.00
2015;C0149;4;20;19;19;;;;2;3;2;3.31;12.00
2015;C0149;7;20;19;19;;;;2;2;2;3.90;42.00
2015;C0149;9;51;19;19;;;;2;2;3;3.80;95.00
2015;C0149;12;129;19;19;;;;2;3;3;3.49;84.00
2015;C0149;13;129;19;19;;;;1;4;4;1.94;148.00
2015;C0149;14;129;19;19;;;;2;3;3;3.78;86.00
2015;C0149;16;51;19;19;;;;2;7;7;2.97;259.00
2015;C0149;19;51;1;38;4;100;;1;63;65;11.56;10.00
2015;C0149;20;20;1;1;4;15;1.2;1;36;40;9.19;55.00
2015;C0149;21;20;1;1;4;15;1.1;1;39;44;10.56;70.00
2015;C0149;23;51;1;38;4;100;;1;22;21;10.55;120.00
2015;C0149;24;118;1;38;4;100;;1;26;22;12.49;130.00
2015;C0149;25;118;1;38;4;100;;1;29;27;12.77;135.00
2015;C0149;26;129;1;38;4;100;;1;10;16;10.75;174.00
2015;C0149;27;129;1;38;4;100;;1;18;22;6.24;172.00
2015;C0149;28;129;1;1;4;25;;1;33;36;11.22;185.00
2015;C0149;29;129;1;38;4;100;;2;10;10;12.64;215.00
2015;C0149;30;129;1;38;4;100;;1;18;18;9.86;230.00
2015;C0149;31;48;1;1;4;35;1.1;1;21;21;7.44;245.00
2015;C0149;32;129;1;38;4;100;;1;13;14;10.26;265.00
2015;C0149;33;129;23;23;;;;1;14;16;9.59;275.00
2015;C0149;34;129;1;38;4;100;;1;40;41;9.11;290.00
2015;C0149;35;129;23;23;;;;1;16;16;12.28;285.00
2015;C0149;36;51;1;38;4;100;;1;22;22;10.39;300.00
2015;C0149;37;51;23;23;;;;1;17;17;12.45;305.00
2015;C0149;38;16;23;23;4;;;1;16;15;7.04;330.00
2015;C0149;39;49;23;23;4;;;1;15;17;7.04;330.00
2015;C0149;40;129;23;23;4;;;1;10;10;9.63;335.00
2015;C0149;41;20;906;906;4;;;1;40;35;14.38;341.00
2015;C0149;43;134;1;1;4;40;1.2;1;22;27;2.75;315.00
2015;C0149;44;129;1;1;4;30;1.1;1;41;42;8.83;115.00
2015;C0149;45;20;2;2;4;25;1.2;1;63;65;11.56;10.00
2015;C0149;46;129;2;2;4;65;1.2;1;22;21;10.55;120.00
2015;C0149;47;48;2;2;4;45;1.2;1;26;22;12.49;130.00
2015;C0149;48;48;2;2;4;45;1.1;1;29;27;12.77;135.00
2015;C0149;49;10;2;2;4;50;1.1;1;10;17;10.75;174.00
2015;C0149;50;48;2;2;4;40;1.1;1;18;22;6.24;172.00
2015;C0149;51;15;2;2;4;70;1.1;2;10;10;12.60;215.00
2015;C0149;52;134;2;2;4;40;1.2;1;18;18;9.86;230.00
2015;C0149;53;48;2;2;4;40;;1;13;14;10.26;265.00
2015;C0149;54;48;2;2;4;25;1.1;1;40;41;9.11;290.00
2015;C0149;55;129;2;2;4;40;1.2;1;22;22;10.39;300.00
2015;C0343;1;15;19;19;;;;2;3;3;3.68;39.00
2015;C0343;2;15;19;19;;;;2;2;2;3.68;39.00
2015;C0343;3;15;19;19;;;;2;2;2;2.76;124.00
2015;C0343;4;15;19;19;;;;2;5;6;2.03;238.00
2015;C0343;5;15;19;19;;;;2;2;2;2.27;269.00
2015;C0343;6;15;19;19;;;;2;1;1;2.70;281.00
2015;C0343;7;15;19;19;;;;2;4;4;3.06;274.00
2015;C0343;8;15;19;19;;;;2;2;2;2.87;280.00
2015;C0343;9;15;19;19;;;;2;5;5;3.06;274.00
2015;C0343;10;15;19;19;;;;2;1;1;3.16;273.00
2015;C0343;12;15;19;19;;;;2;1;1;3.69;282.00
2015;C0343;13;15;19;19;;;;2;1;1;3.78;263.00
2015;C0343;14;15;19;19;;;;2;19;23;3.91;250.00
2015;C0343;15;15;1;1;4;20;2;1;78;75;3.06;262.00
2015;C0343;16;15;23;23;;;;1;17;15;3.42;347.00
2015;C0343;17;15;1;1;4;40;1.2;1;67;64;4.12;61.00
2015;C0343;18;15;1;1;4;15;1.2;1;13;13;12.00;91.00
2015;C0343;19;15;1;1;4;40;1.2;1;41;42;9.91;116.00
2015;C0343;20;15;1;23;4;;;1;17;17;7.07;127.00
2015;C0343;21;15;1;1;4;50;1.1;1;57;60;9.83;156.00
2015;C0343;22;15;1;1;4;35;2;1;76;75;7.73;193.00
2015;C0343;23;15;23;23;;;;2;13;13;6.93;203.00
2015;C0343;24;15;1;1;4;20;1.2;1;28;26;9.00;330.00
2015;C0343;25;15;1;1;4;25;2;1;47;40;10.11;349.00
2015;C0343;26;15;1;1;4;20;2;1;43;50;11.72;351.00
2015;C0343;27;15;1;1;4;25;1.2;1;79;74;16.37;115.00
2015;C0343;28;15;1;1;4;20;1.2;1;42;46;17.41;141.00
2015;C0343;29;15;1;1;4;30;1.2;1;57;55;15.90;186.00
2015;C0343;30;15;1;1;4;35;1.2;1;52;57;15.03;216.00
2015;C0343;31;15;1;1;4;40;1.2;1;50;53;15.16;246.00
2015;C0343;32;15;23;23;4;;;1;60;56;13.70;262.00
2015;C0343;33;15;1;1;4;30;1.2;1;42;43;16.12;315.00
2015;C0343;35;15;1;1;4;40;1.2;1;61;59;10.61;302.00
2015;C0343;36;15;2;2;4;20;1.2;1;62;60;10.50;301.00
2015;C0370;1;20;19;19;4;;;1;7;6;3.17;4.00
2015;C0370;2;20;19;19;;;;1;4;4;3.71;15.00
2015;C0370;3;20;1;1;4;20;2;1;26;26;2.28;47.00
2015;C0370;4;20;19;19;;;;1;1;1;2.49;68.00
2015;C0370;5;20;19;19;;;;1;2;2;2.46;98.00
2015;C0370;6;20;19;19;;;;1;4;4;3.52;100.00
2015;C0370;7;20;1;1;4;20;1.2;1;26;26;2.38;140.00
2015;C0370;8;20;1;23;4;;;1;20;20;0.81;159.00
2015;C0370;9;20;23;23;;;;1;13;11;3.55;227.00
2015;C0370;12;20;1;1;4;35;1.1;1;14;14;3.29;350.00
2015;C0370;13;20;23;31;4;100;;1;11;10;8.10;3.00
2015;C0370;14;20;1;1;4;35;1.2;1;34;29;11.34;13.00
2015;C0370;15;20;1;1;4;25;1.2;1;12;13;12.75;18.00
2015;C0370;16;20;23;23;;;;1;15;13;5.41;24.00
2015;C0370;18;20;1;1;4;20;1.2;1;16;15;10.33;30.00
2015;C0370;19;20;1;1;4;25;1.2;1;23;24;12.30;31.00
2015;C0370;21;20;1;1;4;20;1.2;1;16;17;11.38;32.00
2015;C0370;22;20;1;1;4;15;1.2;1;21;24;11.42;47.00
2015;C0370;23;20;1;1;4;10;1.2;1;28;26;11.00;54.00
2015;C0370;24;20;1;1;4;15;1.2;1;23;22;8.14;59.00
2015;C0370;25;20;1;1;4;15;1.2;1;18;17;12.01;75.00
2015;C0370;26;20;1;1;4;15;1.2;1;18;16;11.72;89.00
2015;C0370;27;20;23;23;4;;;1;13;14;9.97;84.00
2015;C0370;28;20;1;23;4;;;1;13;12;10.93;98.00
2015;C0370;29;20;1;1;4;15;1.2;1;24;24;12.54;100.00
2015;C0370;30;20;1;1;4;15;1.2;1;30;28;11.51;118.00
2015;C0370;31;20;1;1;4;15;1.2;1;34;33;12.78;120.00
2015;C0370;32;20;1;1;4;15;1.2;1;51;51;7.16;120.00
2015;C0370;33;20;23;23;;;;1;13;12;6.90;160.00
2015;C0370;34;20;1;1;4;20;1.2;1;17;17;11.80;162.00
2015;C0370;35;20;1;1;4;20;1.1;2;17;16;4.10;165.00
2015;C0370;36;20;1;1;4;20;1.2;1;18;17;4.40;166.00
2015;C0370;37;20;1;1;4;20;1.2;1;23;21;8.26;177.00
2015;C0370;38;20;1;1;4;20;;1;24;23;8.34;179.00
2015;C0370;39;20;23;23;;;;1;11;11;9.98;198.00
2015;C0370;40;20;1;1;4;20;1.2;1;13;13;11.28;203.00
2015;C0370;41;20;23;23;;;;1;12;13;12.47;206.00
2015;C0370;42;20;23;23;;;;1;11;10;12.47;213.00
2015;C0370;43;20;1;1;4;20;1.2;1;26;24;12.30;226.00
2015;C0370;44;20;1;1;4;20;1.2;1;21;20;12.80;230.00
2015;C0370;45;20;1;1;4;20;1.2;1;21;23;7.16;239.00
2015;C0370;46;20;23;23;;;;1;13;14;9.71;239.00
2015;C0370;47;20;1;1;4;20;1.2;1;14;14;12.74;248.00
2015;C0370;48;20;1;1;4;20;1.2;1;41;44;8.48;258.00
2015;C0370;49;20;23;23;4;;;1;12;11;7.06;263.00
2015;C0370;50;20;1;1;4;20;1.2;1;30;30;7.97;280.00
2015;C0370;51;20;1;1;4;20;1.2;1;20;20;8.16;283.00
2015;C0370;52;20;1;1;4;20;1.2;1;14;14;8.52;305.00
2015;C0370;53;20;1;1;4;30;1.1;1;15;16;12.62;309.00
2015;C0370;54;20;23;23;;;;2;11;10;12.69;311.00
2015;C0370;55;20;1;1;4;20;1.2;1;17;17;10.49;318.00
2015;C0370;56;20;23;23;;;;1;10;10;12.34;334.00
2015;C0370;57;20;1;1;4;20;1.2;1;27;27;5.62;336.00
2015;C0370;58;20;1;1;4;20;1.2;1;16;18;8.59;348.00
2015;C0370;59;20;23;23;;;;1;12;12;6.48;358.00
2015;C0370;60;20;1;1;4;20;1.2;1;20;19;10.58;359.00
2015;C0370;62;20;1;1;4;20;1.1;1;31;29;3.25;277.00
2015;C0370;63;20;1;1;4;20;1.1;1;10;11;11.33;33.00
2015;C0370;64;20;1;1;4;20;1.2;1;16;16;9.65;41.00
2015;C0370;65;5;2;2;4;100;;4;11;10;8.10;3.00
2015;C0514;39;41;1;1;4;20;1.1;1;12;12;5.02;57.00
2015;C0514;37;41;906;906;4;;;2;17;15;16.28;116.00
2015;C0514;38;23;1;1;4;50;3;1;11;11;4.60;123.00
2015;C0514;36;41;1;1;4;20;1.1;2;14;14;8.56;108.00
2015;C0514;35;41;1;1;4;30;1.2;2;18;19;11.79;21.00
2015;C0514;31;41;1;1;4;30;1.1;2;16;17;6.36;97.00
2015;C0514;23;41;906;906;4;;;1;20;20;14.53;71.00
2015;C0514;15;36;906;906;4;;;1;30;30;17.62;258.00
2015;C0514;14;129;1;1;4;80;1.1;1;32;33;10.27;133.00
2015;C0514;12;49;29;3;4;30;1.1;2;14;17;11.94;49.00
2015;C0514;10;129;1;1;4;20;1.2;1;29;28;5.84;123.00
2015;C0514;9;129;1;1;4;30;1.2;1;26;32;12.12;8.00
2015;C0514;7;129;1;1;4;50;1.1;1;19;21;9.00;11.00
2015;C0514;4;129;1;1;4;40;1.2;1;20;21;8.74;4.00
2015;C0514;6;129;1;1;4;40;1.2;1;26;30;10.15;0.00
2015;C0514;3;129;1;1;4;40;1.2;1;22;24;5.51;1.00
2015;C0514;2;129;1;1;4;30;2;1;43;43;7.73;161.00
2015;C0047;33;123;906;906;4;;;1;24;24;14.23;280.00
2015;C0047;35;116;1;1;4;20;1.1;1;14;14;9.76;326.00
2015;C0047;36;123;1;1;4;10;1.1;1;12;12;8.59;59.00
2015;C0047;37;128;1;1;4;25;1.2;1;11;13;7.50;156.00
2015;C0048;1;134;1;1;4;25;1.2;1;27;27;1.60;125.00
2015;C0048;4;134;1;1;4;15;1.2;1;41;44;5.79;125.00
2015;C0048;5;134;1;1;4;20;1.2;1;24;23;8.14;150.00
2015;C0048;6;134;1;1;4;35;2;1;31;33;6.47;163.00
2015;C0048;8;118;1;1;4;15;1.2;1;23;23;5.37;224.00
2015;C0048;10;134;1;1;4;20;1.2;1;46;51;6.45;258.00
2015;C0048;11;134;1;1;4;35;1.1;1;26;27;3.89;304.00
2015;C0048;12;118;1;1;4;20;2;1;34;34;2.80;351.00
2015;C0048;13;134;1;1;4;80;1.2;1;35;36;5.52;72.00
2015;C0048;16;118;1;1;4;45;1.2;1;55;60;9.84;100.00
2015;C0048;17;118;1;1;4;40;1.1;1;31;34;9.99;150.00
2015;C0048;18;118;1;1;4;35;3;1;34;36;8.43;195.00
2015;C0048;21;118;1;1;4;30;1.2;1;42;42;10.83;217.00
2015;C0048;23;118;1;1;4;35;1.2;1;53;53;13.05;280.00
2015;C0048;24;118;1;1;4;75;1.1;1;38;38;6.09;325.00
2015;C0048;25;118;1;1;4;25;1.1;1;24;24;6.45;357.00
2015;C0048;26;118;1;1;4;50;1.2;1;30;31;9.39;41.00
2015;C0048;27;118;1;1;4;50;1.2;1;45;42;9.96;44.00
2015;C0048;28;118;1;1;4;45;1.2;1;33;29;9.73;39.00
2015;C0048;29;116;1;1;4;20;1.1;1;52;52;13.42;70.00
2015;C0048;31;118;1;1;4;30;2;1;41;42;14.51;116.00
2015;C0048;32;118;906;906;4;;;1;36;36;16.47;112.00
2015;C0048;34;118;906;906;4;;;1;34;36;15.05;131.00
2015;C0048;35;118;906;906;4;;;1;26;27;15.82;138.00
2015;C0048;37;118;1;1;4;50;1.2;1;49;54;15.74;147.00
2015;C0048;38;118;1;1;4;65;3;1;45;44;14.97;187.00
2015;C0048;39;118;906;906;4;;;1;32;32;13.69;220.00
2015;C0048;40;118;906;906;4;;;1;28;29;16.23;225.00
2015;C0048;41;118;1;1;4;50;1.2;1;36;35;11.15;316.00
2015;C0048;42;118;1;1;4;50;2;1;37;36;12.20;2.00
2015;C0048;43;118;1;1;4;80;1.1;1;54;58;16.95;13.00
2015;C0048;44;118;1;1;4;10;1.1;1;15;15;12.80;158.00
2015;C0095;64;10;1;1;4;30;1.1;1;18;17;3.18;265.00
2015;C0095;65;10;1;1;4;25;1.1;1;22;21;4.74;320.00
2015;C0095;66;35;1;1;4;40;1.1;1;29;30;5.04;36.00
2015;C0095;67;118;1;1;4;5;1.1;1;28;27;9.02;103.00
2015;C0095;68;118;1;1;4;15;2;1;23;22;9.59;281.00
2015;C0095;69;10;1;1;4;40;1.1;1;17;17;12.40;65.00
2015;C0095;70;10;1;1;4;40;1.1;1;17;18;12.37;30.00
2015;C0095;71;118;1;1;4;35;1.1;1;17;17;12.90;74.00
2015;C0095;72;22;1;1;4;10;1.1;2;41;30;9.49;167.00
2015;C0095;73;118;1;1;4;5;1.1;1;17;16;11.18;232.00
2015;C0095;74;22;1;1;4;25;2;2;18;20;7.93;220.00
2015;C0095;75;22;1;1;4;30;3;2;11;13;11.00;246.00
2015;C0095;76;118;1;1;4;20;1.1;1;13;13;9.70;298.00
2015;C0095;77;118;1;1;4;25;1.1;1;12;12;10.61;311.00
2015;C0095;78;35;19;19;;;;1;13;13;11.28;315.00
2015;C0095;79;10;1;1;4;40;1.1;1;17;16;8.19;321.00
2015;C0095;80;10;1;1;4;40;1.1;1;15;15;7.89;340.00
2015;C0095;81;10;1;1;4;70;1.1;1;14;13;6.48;27.00
2015;C0095;82;10;1;1;4;50;1.1;1;12;11;9.76;35.00
2015;C0095;83;10;1;1;4;30;1.2;1;22;19;11.15;20.00
2015;C0095;84;22;1;1;4;10;2;1;11;11;11.80;99.00
2015;C0095;85;10;1;1;4;30;1.1;1;14;14;12.47;126.00
2015;C0095;86;22;1;1;4;25;;2;19;19;12.40;160.00
2015;C0095;87;58;1;1;4;25;1.1;1;13;13;11.28;315.00
2015;C0095;88;10;1;1;4;25;1.2;1;14;14;8.77;19.00
2015;C0095;89;10;1;1;4;35;1.1;1;10;10;6.47;8.00
2015;C0095;90;10;1;1;4;40;1.1;1;19;17;6.48;12.00
2015;C0095;91;118;1;1;4;20;1.2;1;20;20;11.71;22.00
2015;C0095;92;10;1;1;4;45;1.1;1;14;13;4.27;275.00
2015;C2033;18;41;1;1;4;20;1.1;3;20;20;7.31;346.00
2015;C2033;14;41;1;1;4;10;1.1;3;25;25;12.10;314.00
2015;C2033;15;41;1;1;4;5;1.1;3;22;23;4.13;302.00
2015;C2033;57;41;1;1;4;0;1.1;2;18;19;8.30;255.00
2015;C2033;6;41;1;1;4;25;1.1;2;18;18;7.50;194.00
2015;C2033;1;41;1;1;4;10;1.1;3;24;23;3.25;96.00
2015;C2033;33;41;1;1;4;40;1.1;3;17;18;8.00;75.00
2015;C2033;58;41;1;1;4;15;1.1;2;18;19;12.10;63.00
2015;C2033;24;41;1;1;4;0;1.1;3;21;21;8.34;52.00
2015;C2033;25;41;1;1;4;0;1.1;3;22;21;11.95;32.00
2015;C2033;23;41;1;1;4;10;1.1;3;21;21;7.90;27.00
2015;C2033;35;41;18;18;4;;;2;14;16;5.80;171.00
2015;C2033;34;41;18;18;4;;;3;19;20;12.00;92.00
2015;C2033;56;41;19;19;4;;;2;5;5;4.00;314.00
2015;C2033;55;41;19;19;4;;;2;5;5;3.99;304.00
2015;C2033;13;41;19;19;4;;;3;18;19;13.81;298.00
2015;C2033;17;41;19;19;4;;;3;24;23;9.25;276.00
2015;C2033;49;41;19;19;4;;;3;10;10;11.05;259.00
2015;C2033;11;41;19;19;4;;;3;20;19;15.00;258.00
2015;C2033;16;41;19;19;4;;;3;26;26;6.23;251.00
2015;C2033;10;41;19;19;4;;;3;16;16;15.78;221.00
2015;C2033;31;41;19;19;4;;;2;15;17;11.40;219.00
2015;C2033;44;41;19;19;4;;;2;15;16;12.84;217.00
2015;C2033;9;41;19;19;4;;;3;21;20;12.00;214.00
2015;C2033;42;41;19;19;4;;;3;14;12;11.75;204.00
2015;C2033;45;41;19;19;4;;;2;11;11;8.00;202.00
2015;C2033;43;41;19;19;4;;;2;12;12;11.75;201.00
2015;C2033;8;41;19;19;4;;;3;27;25;12.73;200.00
2015;C2033;46;41;19;19;4;;;2;13;13;7.06;198.00
2015;C2033;41;41;19;19;4;;;3;11;12;12.82;197.00
2015;C2033;40;41;19;19;4;;;2;11;12;11.65;197.00
2015;C2033;47;41;19;19;4;;;2;16;17;7.00;196.00
2015;C2033;48;41;19;19;4;;;2;15;14;6.95;191.00
2015;C2033;7;41;19;19;4;;;3;18;17;13.95;190.00
2015;C2033;39;41;19;19;4;;;2;13;14;11.64;176.00
2015;C2033;5;41;19;19;4;;;2;17;17;7.80;176.00
2015;C2033;37;41;19;19;4;;;2;11;11;7.45;176.00
2015;C2033;36;41;19;19;4;;;2;10;10;6.08;176.00
2015;C2033;29;41;19;19;4;;;2;17;16;5.96;174.00
2015;C2033;30;41;19;19;4;;;2;16;16;7.41;166.00
2015;C2033;38;41;19;19;4;;;2;12;10;8.03;162.00
2015;C2033;4;41;19;19;4;;;3;40;39;16.40;151.00
2015;C2033;50;41;19;19;4;;;2;6;6;0.80;43.00
2015;C2033;53;41;19;19;4;;;2;9;9;2.85;22.00
2015;C2033;54;41;19;19;4;;;2;4;4;2.85;22.00
2015;C2033;51;41;19;19;4;;;2;5;5;2.78;20.00
2015;C2033;52;41;19;19;4;;;2;4;4;2.52;18.00
2015;C2033;19;41;906;906;4;;;3;19;19;13.54;357.00
2015;C2033;3;41;906;906;4;;;3;21;22;16.30;126.00
2015;C2033;2;41;906;906;4;;;3;21;20;13.63;113.00
2015;C2033;27;41;906;906;4;;;3;20;20;14.90;78.00
2015;C2033;28;41;906;906;4;;;3;21;21;17.78;74.00
2015;C2033;26;41;906;906;4;;;3;20;20;15.35;58.00
2015;C2033;21;41;906;906;4;;;3;19;19;15.80;8.00
2015;C0596;20;41;1;1;4;5;1.2;3;37;34;11.70;357.00
2015;C0596;28;41;1;1;4;10;1.1;3;17;17;8.55;320.00
2015;C0596;2;41;1;1;4;20;1.2;3;21;20;6.25;282.00
2015;C0596;24;41;1;1;4;45;1.1;3;33;30;10.80;266.00
2015;C0596;10;41;1;1;4;5;1.2;3;18;17;11.60;234.00
2015;C0596;11;41;1;1;4;30;1.1;3;22;23;7.25;191.00
2015;C0596;12;41;1;1;4;5;1.2;3;18;17;9.10;156.00
2015;C0596;14;41;1;38;4;100;;3;24;23;7.70;119.00
2015;C0596;25;41;1;1;4;40;1.1;3;16;15;3.60;81.00
2015;C0596;1;41;1;1;4;60;2;3;17;16;3.90;62.00
2015;C0596;21;41;1;1;4;10;1.2;3;25;25;7.65;42.00
2015;C0596;19;41;1;1;4;10;1.1;3;22;22;12.35;19.00
2015;C0596;22;41;1;1;4;5;1.2;3;20;20;6.00;10.00
2015;C0596;27;41;18;18;4;;;3;18;15;4.00;241.00
2015;C0596;23;41;18;18;4;;;3;20;21;11.60;72.00
2015;C0596;31;41;19;19;4;;;3;12;12;7.35;357.00
2015;C0596;29;41;19;19;4;;;3;11;11;11.40;336.00
2015;C0596;30;41;19;19;4;;;3;13;13;2.60;333.00
2015;C0596;46;23;19;19;4;;;2;3;3;3.94;311.00
2015;C0596;44;41;19;19;4;;;2;4;4;1.04;310.00
2015;C0596;45;41;19;19;4;;;2;5;5;3.78;306.00
2015;C0596;43;41;19;19;4;;;2;4;4;1.44;306.00
2015;C0596;41;41;19;19;4;;;2;3;3;2.92;300.00
2015;C0596;42;41;19;19;4;;;2;2;2;1.50;300.00
2015;C0596;39;46;19;19;4;;;2;6;6;2.48;296.00
2015;C0596;37;41;19;19;4;;;2;3;3;2.11;291.00
2015;C0596;40;41;19;19;4;;;2;3;3;2.90;290.00
2015;C0596;38;41;19;19;4;;;2;6;6;2.60;281.00
2015;C0596;36;41;19;19;4;;;2;3;3;1.16;277.00
2015;C0596;26;41;19;19;4;;;3;13;12;3.75;191.00
2015;C0596;35;41;19;19;4;;;2;2;2;2.50;168.00
2015;C0596;34;41;19;19;4;;;2;2;2;2.32;158.00
2015;C0596;33;41;19;19;4;;;2;4;4;3.80;152.00
2015;C0596;32;41;19;19;4;;;2;2;2;3.60;152.00
2015;C0596;50;41;19;19;4;;;2;2;2;2.42;119.00
2015;C0596;49;41;19;19;4;;;2;3;3;3.05;68.00
2015;C0596;51;99;19;19;4;;;4;2;2;1.79;24.00
2015;C0596;48;41;19;19;4;;;3;9;9;3.33;14.00
2015;C0596;47;41;19;19;4;;;3;7;7;3.59;2.00
2015;C0596;3;41;906;906;4;;;3;25;26;14.00;312.00
2015;C0596;4;41;906;906;4;;;3;22;21;13.70;291.00
2015;C0596;7;41;906;906;4;;;3;18;17;18.00;251.00
2015;C0596;8;41;906;906;4;;;3;17;18;13.30;206.00
2015;C0596;13;41;906;906;4;;;3;25;25;15.10;150.00
2015;C0596;17;41;906;906;4;;;3;25;26;17.50;49.00
2015;C0548;2;49;1;1;4;10;1.2;1;18;20;5.50;309.00
2015;C0548;4;41;1;1;4;10;1.1;1;26;27;9.50;306.00
2015;C0548;1;41;1;1;4;90;1.1;1;22;20;0.70;300.00
2015;C0548;3;41;1;1;4;50;1.1;1;20;19;7.50;292.00
2015;C0548;21;41;1;1;4;15;1.2;2;21;22;12.50;278.00
2015;C0548;5;41;1;1;4;10;1.2;1;28;28;8.88;271.00
2015;C0548;20;41;1;1;4;10;1.2;1;21;20;12.94;223.00
2015;C0548;6;41;1;1;4;5;1.2;1;15;18;4.09;223.00
2015;C0548;8;41;1;1;4;10;1.2;1;22;25;8.02;197.00
2015;C0548;9;41;1;1;4;20;1.1;1;24;27;10.96;191.00
2015;C0548;10;41;1;1;4;5;1.1;1;20;22;11.94;161.00
2015;C0548;11;41;1;1;4;90;1.1;1;18;22;9.79;151.00
2015;C0548;13;41;1;1;4;10;1.1;1;17;16;6.78;144.00
2015;C0548;25;41;1;1;4;10;1.1;1;17;17;6.09;125.00
2015;C0548;12;41;1;1;4;20;1.1;1;26;24;8.83;124.00
2015;C0548;24;41;1;1;4;10;1.1;1;21;19;11.23;77.00
2015;C0548;16;41;1;1;4;25;1.2;1;23;21;9.10;69.00
2015;C0548;15;41;1;1;4;20;1.2;1;23;22;4.50;63.00
2015;C0548;23;41;1;1;4;10;1.1;1;21;19;12.80;40.00
2015;C0548;17;41;1;1;4;35;1.2;1;19;20;4.46;13.00
2015;C0548;18;41;1;1;4;10;1.1;1;18;19;7.40;8.00
2015;C0548;22;41;1;1;4;10;;1;13;15;10.50;3.00
2015;C0548;32;41;19;19;4;;;1;14;15;7.20;359.00
2015;C0548;55;23;19;19;4;;;2;2;2;2.45;350.00
2015;C0548;33;4;19;19;4;;;2;14;13;9.26;346.00
2015;C0548;34;4;19;19;4;;;2;12;14;5.70;307.00
2015;C0548;35;41;19;19;4;;;2;24;24;12.50;278.00
2015;C0548;36;41;19;19;4;;;1;21;20;12.34;252.00
2015;C0548;37;65;19;19;4;;;1;10;10;11.00;251.00
2015;C0548;26;41;19;19;4;;;1;19;16;6.10;219.00
2015;C0548;38;41;19;19;4;;;1;13;12;19.25;210.00
2015;C0548;42;23;19;19;4;;;2;3;3;3.34;204.00
2015;C0548;40;23;19;19;4;;;2;1;1;2.35;199.00
2015;C0548;39;23;19;19;4;;;2;1;1;1.71;199.00
2015;C0548;41;23;19;19;4;;;2;2;2;2.26;188.00
2015;C0548;66;99;19;19;4;;;4;1;1;3.65;165.00
2015;C0548;65;99;19;19;4;;;4;1;1;4.00;164.00
2015;C0548;64;99;19;19;4;;;4;1;1;3.85;163.00
2015;C0548;63;99;19;19;4;;;4;1;1;3.78;161.00
2015;C0548;62;99;19;19;4;;;4;1;1;3.73;161.00
2015;C0548;61;99;19;19;4;;;4;1;1;2.71;159.00
2015;C0548;60;99;19;19;4;;;4;1;1;3.14;158.00
2015;C0548;59;99;19;19;4;;;4;1;1;2.80;158.00
2015;C0548;56;99;19;19;4;;;2;1;1;2.40;157.00
2015;C0548;58;99;19;19;4;;;4;2;2;2.47;156.00
2015;C0548;57;99;19;19;4;;;4;1;1;2.20;152.00
2015;C0548;67;99;19;19;4;;;4;1;1;4.00;151.00
2015;C0548;43;23;19;19;4;;;2;3;3;2.09;121.00
2015;C0548;44;23;19;19;4;;;2;2;2;2.55;113.00
2015;C0548;27;41;19;19;4;;;2;10;10;9.44;110.00
2015;C0548;45;23;19;19;4;;;2;1;1;1.70;40.00
2015;C0548;30;41;19;19;4;;;2;14;14;9.35;36.00
2015;C0548;28;41;19;19;4;;;2;14;13;10.60;32.00
2015;C0548;29;41;19;19;4;;;2;18;15;9.44;32.00
2015;C0548;51;23;19;19;4;;;2;1;1;2.80;32.00
2015;C0548;50;23;19;19;4;;;2;1;1;1.80;31.00
2015;C0548;46;23;19;19;4;;;2;1;1;1.97;30.00
2015;C0548;49;23;19;19;4;;;2;1;1;1.55;24.00
2015;C0548;48;23;19;19;4;;;2;2;2;1.38;24.00
2015;C0548;47;23;19;19;4;;;2;2;2;1.26;24.00
2015;C0548;31;41;19;19;4;;;2;11;13;5.70;21.00
2015;C0548;52;23;19;19;4;;;2;2;2;3.78;19.00
2015;C0548;54;23;19;19;4;;;2;2;2;3.71;19.00
2015;C0548;53;23;19;19;4;;;2;2;2;3.51;19.00
2015;C2034;1;41;1;1;4;15;1.1;3;32;31;1.45;341.00
2015;C2034;37;49;1;1;4;10;1.1;2;13;14;6.90;336.00
2015;C2034;28;41;1;1;4;10;1.1;3;16;16;8.10;296.00
2015;C2034;27;41;1;1;4;0;1.1;3;20;20;5.56;290.00
2015;C2034;25;41;1;1;4;10;1.1;3;19;20;12.30;289.00
2015;C2034;26;41;1;1;4;15;1.1;3;20;22;9.40;289.00
2015;C2034;36;41;1;1;4;0;1.1;3;13;12;8.54;266.00
2015;C2034;20;41;1;1;4;10;1.1;3;16;17;12.00;229.00
2015;C2034;21;41;1;1;4;25;1.1;3;45;43;6.42;229.00
2015;C2034;18;41;1;1;4;5;1.1;3;23;22;11.67;200.00
2015;C2034;35;41;1;1;4;5;1.1;3;11;12;10.00;198.00
2015;C2034;16;41;1;1;4;20;1.1;3;19;16;12.94;179.00
2015;C2034;34;41;1;1;4;5;1.1;3;11;12;5.00;146.00
2015;C2034;33;41;1;23;4;;;3;12;13;8.40;145.00
2015;C2034;9;41;1;1;4;5;1.2;3;26;27;3.80;140.00
2015;C2034;32;41;1;1;4;0;1.1;3;12;13;8.30;130.00
2015;C2034;12;41;1;1;4;15;1.2;3;31;32;12.23;111.00
2015;C2034;31;41;1;1;4;5;1.1;3;13;14;8.65;106.00
2015;C2034;10;41;1;1;4;5;1.2;3;17;16;10.45;104.00
2015;C2034;8;41;1;1;4;20;1.2;3;25;30;6.30;78.00
2015;C2034;7;49;1;1;4;20;2;3;42;46;13.20;70.00
2015;C2034;6;41;1;1;4;5;1.2;3;17;16;10.60;32.00
2015;C2034;5;41;1;1;4;5;1.1;3;21;21;11.70;15.00
2015;C2034;2;49;1;1;4;20;1.1;3;19;18;7.14;6.00
2015;C2034;38;41;1;1;4;10;1.1;2;14;14;8.84;4.00
2015;C2034;46;99;19;19;4;;;4;3;3;2.95;195.00
2015;C2034;45;99;19;19;4;;;4;1;1;2.38;186.00
2015;C2034;44;99;19;19;4;;;4;3;3;2.37;186.00
2015;C2034;48;41;19;19;4;;;2;10;10;8.00;185.00
2015;C2034;43;27;19;19;4;;;4;1;1;3.20;105.00
2015;C2034;42;1;19;19;4;;;2;3;3;2.78;96.00
2015;C2034;47;41;19;19;4;;;2;10;11;7.60;94.00
2015;C2034;41;1;19;19;4;;;2;4;4;3.00;92.00
2015;C2034;40;41;19;19;4;;;2;10;10;3.90;26.00
2015;C2034;39;2;19;19;4;;;2;2;2;2.83;25.00
2015;C2034;30;41;906;906;4;;;3;24;26;14.00;338.00
2015;C2034;29;41;906;906;4;;;3;15;16;14.00;320.00
2015;C2034;24;49;906;906;4;;;3;14;14;14.30;264.00
2015;C2034;23;41;906;906;4;;;3;21;23;14.45;242.00
2015;C2034;22;41;906;906;4;;;3;20;19;14.11;233.00
2015;C2034;19;49;906;906;4;;;3;20;19;13.20;201.00
2015;C2034;17;41;906;906;4;;;3;23;21;17.00;190.00
2015;C2034;15;41;906;906;4;;;3;18;18;16.00;168.00
2015;C2034;14;41;906;906;4;;;3;21;23;13.80;159.00
2015;C2034;13;41;906;906;4;;;2;19;18;13.75;149.00
2015;C2034;11;41;906;906;4;;;2;20;21;13.40;102.00
2015;C2034;4;41;906;906;4;;;3;27;26;15.40;9.00
2015;C2034;3;41;906;906;4;;;2;16;16;13.45;6.00
2015;C0564;46;41;1;1;4;10;1.1;2;10;10;9.10;329.00
2015;C0564;11;41;1;1;4;10;1.1;3;22;22;7.00;307.00
2015;C0564;1;49;1;1;4;40;1.1;3;21;21;1.24;295.00
2015;C0564;10;41;1;1;4;5;1.1;3;19;20;3.70;222.00
2015;C0564;8;49;1;1;4;15;1.1;3;23;25;11.43;174.00
2015;C0564;9;49;1;1;4;15;1.1;3;24;23;4.95;131.00
2015;C0564;3;49;1;1;4;20;1.1;3;21;22;12.94;108.00
2015;C0564;2;49;1;1;4;60;1.1;3;17;16;6.93;52.00
2015;C0564;45;41;1;1;4;10;1.2;3;17;18;12.80;10.00
2015;C0564;12;41;1;1;4;40;1.1;3;17;16;7.10;0.00
2015;C0564;41;65;19;19;4;;;2;1;1;3.41;237.00
2015;C0564;40;41;19;19;4;;;2;6;6;3.69;214.00
2015;C0564;38;23;19;19;4;;;2;2;2;3.22;188.00
2015;C0564;39;23;19;19;4;;;2;2;2;2.92;187.00
2015;C0564;36;41;19;19;4;;;2;4;4;1.59;163.00
2015;C0564;37;41;19;19;4;;;2;4;4;2.04;158.00
2015;C0564;35;41;19;19;4;;;2;5;5;2.11;120.00
2015;C0564;34;41;19;19;4;;;2;5;5;1.97;112.00
2015;C0564;33;41;19;19;4;;;2;4;4;1.10;107.00
2015;C0564;32;23;19;19;4;;;2;2;2;2.11;95.00
2015;C0564;31;23;19;19;4;;;2;2;2;1.63;83.00
2015;C0564;30;23;19;19;4;;;2;2;2;2.20;74.00
2015;C0564;29;65;19;19;4;;;2;1;1;1.77;71.00
2015;C0564;44;65;19;19;4;;;2;2;2;3.40;5.00
2015;C0564;43;65;19;19;4;;;2;2;2;2.52;4.00
2015;C0564;42;41;19;19;4;;;2;2;2;2.50;3.00
2015;C0564;28;49;29;29;4;;;2;2;2;1.45;267.00
2015;C0564;25;41;906;906;4;;;3;20;20;14.60;325.00
2015;C0564;23;41;906;906;4;;;3;20;18;14.50;286.00
2015;C0564;19;49;906;906;4;;;3;19;20;17.60;254.00
2015;C0564;13;41;906;906;4;;;3;20;20;13.45;248.00
2015;C0564;14;41;906;906;4;;;3;20;19;14.93;219.00
2015;C0564;16;41;906;906;4;;;3;20;19;18.00;213.00
2015;C0564;15;41;906;906;4;;;3;20;19;18.00;213.00
2015;C0564;4;41;906;906;4;;;3;21;21;17.80;135.00
2015;C0564;27;49;906;906;4;;;3;26;25;16.70;42.00
2015;C0564;26;41;906;906;4;;;3;34;34;14.47;11.00
2015;C0580;37;49;1;1;4;10;1.1;3;13;14;10.37;321.00
2015;C0580;25;49;1;1;4;25;1.1;3;24;24;4.92;318.00
2015;C0580;38;49;1;1;4;10;1.1;2;12;13;12.42;306.00
2015;C0580;36;49;1;1;4;10;1.2;2;10;10;6.95;287.00
2015;C0580;4;49;1;1;4;30;1.1;3;18;19;11.00;260.00
2015;C0580;3;49;1;1;4;15;1.1;3;17;17;9.23;210.00
2015;C0580;34;49;1;1;4;20;1.1;2;15;14;12.00;207.00
2015;C0580;33;49;1;1;4;15;1.1;2;13;13;11.44;200.00
2015;C0580;32;49;1;1;4;15;1.2;2;14;15;6.00;180.00
2015;C0580;2;49;1;1;4;15;1.1;3;24;25;11.95;161.00
2015;C0580;1;49;1;1;4;15;1.1;3;19;18;2.60;155.00
2015;C0580;31;49;1;1;4;10;1.1;2;13;13;3.03;118.00
2015;C0580;40;49;1;1;4;10;1.1;2;10;10;6.60;105.00
2015;C0580;21;49;1;1;4;25;1.1;3;21;19;11.46;88.00
2015;C0580;24;49;1;1;4;15;1.2;3;16;16;5.80;67.00
2015;C0580;35;49;1;1;4;15;1.1;2;11;10;9.67;66.00
2015;C0580;19;49;1;1;4;35;1.2;3;18;18;9.47;42.00
2015;C0580;18;49;1;1;4;40;1.1;3;19;17;12.86;17.00
2015;C0580;39;49;1;1;4;10;1.1;2;11;12;10.60;9.00
2015;C0580;46;41;19;19;4;;;2;3;3;0.31;211.00
2015;C0580;45;49;19;19;4;;;2;5;5;0.87;180.00
2015;C0580;44;49;19;19;4;;;2;4;4;0.85;174.00
2015;C0580;43;49;19;19;4;;;2;2;2;0.66;170.00
2015;C0580;42;49;19;19;4;;;2;4;4;0.32;163.00
2015;C0580;41;49;19;19;4;;;2;5;5;0.47;155.00
2015;C0580;14;49;906;906;4;;;3;17;18;14.13;347.00
2015;C0580;13;49;906;906;4;;;3;14;13;17.85;326.00
2015;C0580;26;49;906;906;4;;;3;16;16;13.90;268.00
2015;C0580;27;49;906;906;4;;;3;24;26;16.00;221.00
2015;C0580;23;49;906;906;4;;;3;25;25;13.22;131.00
2015;C0580;22;49;906;906;4;;;3;26;26;14.80;104.00
2015;C0580;20;49;906;906;4;;;3;19;19;14.00;74.00
2015;C0580;17;49;906;906;4;;;3;16;16;16.85;20.00
2015;C0580;15;49;906;906;4;;;3;19;19;15.52;0.00
2015;C0600;58;41;1;1;4;0;1.1;3;30;30;9.29;352.00
2015;C0600;6;41;1;1;4;5;1.2;3;32;32;6.22;300.00
2015;C0600;25;41;1;1;4;15;1.1;3;27;28;11.73;299.00
2015;C0600;4;41;1;1;4;0;1.1;3;23;27;3.13;294.00
2015;C0600;35;41;1;1;4;0;1.1;3;25;24;8.78;284.00
2015;C0600;31;41;1;1;4;20;3;3;25;23;11.62;276.00
2015;C0600;57;41;1;1;4;0;1.1;1;14;13;7.97;259.00
2015;C0600;1;41;1;1;4;0;1.1;3;38;33;1.11;235.00
2015;C0600;59;41;1;1;4;0;1.1;3;11;10;7.73;228.00
2015;C0600;56;41;1;1;4;35;1.1;3;25;23;12.13;218.00
2015;C0600;11;41;1;1;4;0;1.1;3;34;35;10.16;199.00
2015;C0600;14;41;1;1;4;10;1.1;3;37;37;11.34;156.00
2015;C0600;55;41;1;1;4;5;1.1;3;19;18;9.79;103.00
2015;C0600;54;41;1;1;4;5;1.1;1;10;10;12.96;78.00
2015;C0600;53;41;1;1;4;5;1.1;1;11;11;12.81;75.00
2015;C0600;51;41;1;1;4;5;1.1;3;24;24;7.76;58.00
2015;C0600;13;41;1;1;4;5;1.1;3;36;35;4.41;8.00
2015;C0600;37;41;19;19;4;;;3;28;26;12.38;268.00
2015;C0600;52;41;23;23;4;;;1;10;10;10.81;12.00
2015;C0600;40;41;29;29;4;;;3;23;25;7.25;291.00
2015;C0600;45;41;906;906;4;;;3;34;31;13.08;337.00
2015;C0600;44;41;906;906;4;;;3;26;28;13.02;334.00
2015;C0600;32;41;906;906;4;;;3;22;23;16.66;294.00
2015;C0600;47;41;906;906;4;;;3;26;30;17.20;257.00
2015;C0600;28;41;906;906;4;;;3;23;22;14.54;238.00
2015;C0600;48;41;906;906;4;;;3;29;27;15.99;204.00
2015;C0600;29;41;906;906;4;;;3;25;27;13.53;101.00
2015;C0600;49;41;906;906;4;;;3;36;34;13.20;19.00
2015;C0600;46;41;906;906;4;;;3;34;32;16.61;8.00
2015;C0128;2;49;1;1;4;10;1.1;2;16;16;3.93;268.00
2015;C0128;1;49;1;1;4;10;1.1;2;14;14;3.87;248.00
2015;C0127;39;116;906;906;4;;;1;32;33;14.10;212.00
2015;C0127;38;116;906;906;4;;;1;34;36;15.02;216.00
2015;C0127;37;116;906;906;4;;;1;29;32;14.11;222.00
2015;C0127;35;116;906;906;4;;;1;24;26;14.70;212.00
2015;C0127;33;118;1;1;4;15;1.2;1;46;43;17.40;312.00
2015;C0127;32;134;1;1;4;20;1.2;1;53;56;17.15;241.00
2015;C0127;31;134;1;1;4;30;1.2;1;45;47;17.85;254.00
2015;C0127;29;134;906;906;4;;;1;29;29;14.96;180.00
2015;C0127;28;134;906;906;4;;;1;22;21;16.98;170.00
2015;C0127;20;134;906;906;4;;;1;34;37;14.46;8.00
2015;C0127;19;118;906;906;4;;;1;36;35;15.40;351.00
2015;C0127;18;36;1;1;4;30;1.1;1;44;46;15.76;332.00
2015;C0127;17;118;1;1;4;15;1.2;1;51;51;9.84;338.00
2015;C1110;23;54;906;906;4;;;2;17;18;17.50;57.00
2015;C1110;22;54;906;906;4;;;2;19;20;15.10;49.00
2015;C1110;1;54;906;906;4;;;3;30;33;16.00;25.00
2015;C0417;30;15;1;1;4;50;1.1;2;22;24;8.80;52.00
2015;C0417;26;15;906;906;4;;;2;18;19;13.69;31.00
2015;C0417;23;134;906;906;4;;;1;23;24;13.62;16.00
2015;C0417;22;134;1;1;4;15;1.2;1;33;33;10.86;18.00
2015;C0417;21;134;1;1;4;20;2;1;30;30;8.86;2.00
2015;C0417;20;134;1;1;4;45;1.2;1;28;29;5.77;295.00
2015;C0417;17;15;1;1;4;30;1.2;2;23;25;9.08;260.00
2015;C0417;15;134;1;1;4;20;2;1;23;24;9.64;230.00
2015;C0417;14;15;1;1;4;90;1.1;2;21;20;10.01;228.00
2015;C0417;13;134;1;32;4;100;;1;30;30;6.34;235.00
2015;C0417;12;134;1;1;4;15;1.2;1;17;16;8.04;112.00
2015;C0417;11;134;1;1;4;40;2;1;26;25;7.73;201.00
2015;C0417;9;15;1;1;4;50;1.2;2;20;21;4.14;267.00
2015;C0417;3;15;1;1;4;80;1.2;2;20;19;2.79;310.00
2015;C0417;8;134;1;1;4;25;2;1;23;23;6.51;44.00
2015;C0417;2;134;1;1;4;35;1.2;1;23;22;4.19;96.00
2015;C0417;1;134;1;1;4;20;2;1;24;24;3.22;120.00
2015;C1164;29;17;1;1;4;45;1.1;2;23;24;8.50;349.00
2015;C1164;37;17;1;1;4;40;1.1;1;18;19;12.50;330.00
2015;C1164;36;17;1;1;4;35;1.1;1;14;15;12.95;320.00
2015;C1164;32;17;1;1;4;35;1.1;1;18;18;7.50;299.00
2015;C1164;30;17;1;1;4;25;1.1;2;30;29;12.50;292.00
2015;C1164;33;17;1;1;4;40;1.1;1;12;13;8.20;272.00
2015;C1164;6;17;1;1;4;40;1.1;2;22;26;7.80;252.00
2015;C1164;8;17;1;1;4;40;1.1;1;38;42;9.10;196.00
2015;C1164;9;17;1;1;4;35;1.1;1;19;19;9.10;196.00
2015;C1164;34;17;1;1;4;35;1.1;1;29;30;10.30;130.00
2015;C1164;35;17;1;14;4;100;;1;12;13;12.90;77.00
2015;C1164;27;17;1;1;4;35;1.1;1;64;58;10.25;65.00
2015;C1164;31;17;1;1;4;50;1.1;1;18;19;5.10;65.00
2015;C1164;28;17;1;14;4;100;;2;23;21;10.60;21.00
2015;C1164;2;17;1;1;4;45;1.1;1;20;21;3.23;7.00
2015;C1164;10;17;906;906;4;;;1;34;37;15.60;214.00
2015;C1164;11;17;906;906;4;;;1;35;34;17.25;203.00
2015;C1164;24;17;906;906;4;;;1;28;27;16.50;118.00
2015;C1164;23;17;906;906;4;;;2;21;19;16.50;108.00
2015;C1164;25;17;906;906;4;;;1;26;26;16.30;100.00
2015;C1164;38;17;2;2;4;35;1.1;1;16;19;10.75;224.00
2015;C1127;18;129;1;1;4;15;1.2;1;28;27;9.81;312.00
2015;C1127;17;129;1;1;4;15;1.2;1;31;30;7.16;311.00
2015;C1127;16;129;1;1;4;20;1.2;1;32;31;10.69;302.00
2015;C1127;2;129;1;1;4;10;1.2;1;35;36;2.25;300.00
2015;C1127;15;129;1;1;4;15;1.2;1;33;32;8.41;294.00
2015;C1127;20;129;1;1;4;30;1.2;1;26;27;5.96;294.00
2015;C1127;26;129;1;1;4;20;1.2;1;51;52;15.12;277.00
2015;C1127;13;129;1;1;4;15;1.2;1;25;26;5.95;256.00
2015;C1127;14;129;1;1;4;15;1.1;1;30;31;9.15;254.00
2015;C1127;25;129;1;1;4;20;1.2;1;40;41;13.37;235.00
2015;C1127;11;129;1;1;4;15;1.2;1;40;39;8.12;180.00
2015;C1127;10;129;1;1;4;15;1.2;1;34;35;5.06;167.00
2015;C1127;24;129;1;1;4;25;1.2;1;37;35;11.75;162.00
2015;C1127;22;129;1;1;4;20;1.2;1;23;22;12.73;149.00
2015;C1127;21;129;1;1;4;20;1.2;1;30;29;12.59;138.00
2015;C1127;8;129;1;1;4;20;1.1;1;26;27;7.81;120.00
2015;C1127;7;129;1;1;4;15;1.2;1;20;21;7.44;90.00
2015;C1127;4;129;1;1;4;15;1.2;1;28;29;3.79;88.00
2015;C1127;6;129;1;1;4;15;1.2;1;23;24;6.33;79.00
2015;C1127;5;129;1;1;4;10;1.2;1;26;25;5.60;57.00
2015;C1127;9;129;1;1;4;15;1.2;1;32;33;7.60;44.00
2015;C1127;12;129;1;1;4;35;1.2;1;24;22;9.44;43.00
2015;C1127;3;129;1;1;4;15;1.2;1;25;26;2.93;40.00
2015;C1127;19;129;1;1;4;25;1.2;1;26;27;6.93;20.00
2015;C1127;1;129;1;1;4;15;1.2;1;33;32;1.48;2.00
2015;C1127;27;129;906;906;4;;;1;31;30;16.42;321.00
2015;C1127;23;129;906;906;4;;;1;30;31;17.86;152.00
2015;C1127;30;129;906;906;4;;;1;28;29;17.82;12.00
2015;C1127;31;129;2;2;4;20;1.2;1;31;34;3.80;338.00
2015;C1127;32;129;2;2;4;25;1.2;1;22;23;9.90;125.00
2015;C1181;38;49;1;1;4;45;1.1;1;26;27;10.65;347.00
2015;C1181;37;49;1;1;4;40;1.1;1;35;37;9.80;335.00
2015;C1181;26;49;1;1;4;45;1.1;1;33;29;0.30;330.00
2015;C1181;36;49;1;1;4;45;1.1;1;15;16;8.70;320.00
2015;C1181;35;49;1;1;4;45;1.1;1;30;31;11.80;295.00
2015;C1181;34;49;1;1;4;40;1.1;1;15;14;4.00;270.00
2015;C1181;33;49;1;1;4;40;1.1;1;21;20;3.60;262.00
2015;C1181;23;49;1;1;4;40;1.1;1;33;32;12.50;259.00
2015;C1181;24;49;1;1;4;45;1.1;1;26;30;8.30;255.00
2015;C1181;25;49;1;1;4;35;1.1;1;35;37;6.30;232.00
2015;C1181;32;49;1;1;4;35;1.1;1;21;22;7.50;177.00
2015;C1181;31;49;1;1;4;25;1.1;1;21;20;10.10;144.00
2015;C1181;40;49;1;1;4;40;1.1;1;27;28;7.30;86.00
2015;C1181;28;49;1;1;4;50;1.1;1;42;46;16.54;84.00
2015;C1181;27;49;1;1;4;40;1.1;1;32;37;3.00;72.00
2015;C1181;39;49;1;1;4;50;1.1;1;21;20;6.50;71.00
2015;C1181;41;49;1;1;4;50;1.1;1;12;13;8.80;67.00
2015;C0417;31;15;906;906;4;;;2;26;26;13.88;144.00
2015;C0417;33;15;1;1;4;40;2;2;18;17;4.24;77.00
2015;C0417;34;134;1;1;4;25;1.2;1;20;21;4.49;165.00
2015;C0417;35;134;1;1;4;25;2;1;18;18;7.26;170.00
2015;C0417;37;134;906;906;4;;;1;29;29;14.33;138.00
2015;C0417;38;15;1;1;4;50;1.2;2;20;21;9.30;288.00
2015;C0417;39;134;1;1;4;20;2;1;15;15;7.12;200.00
2015;C0417;40;15;1;1;4;50;1.2;2;14;14;7.60;157.00
2015;C0417;41;15;1;1;4;25;1.2;2;15;15;10.21;117.00
2015;C0417;42;15;1;1;4;15;1.2;2;14;15;6.33;2.00
2015;C0417;43;15;906;906;4;;;2;16;16;13.46;0.00
2015;C0417;44;29;1;1;4;10;1.2;1;13;13;12.11;177.00
2015;C0417;45;15;1;23;4;;;2;13;13;11.78;94.00
2015;C0185;33;10;1;1;4;35;1.1;1;29;28;13.00;235.00
2015;C0185;30;22;1;1;4;65;1.1;1;22;20;7.64;81.00
2015;C0185;28;29;1;1;4;60;1.1;2;15;18;7.48;99.00
2015;C0442;11;15;1;1;4;75;1.1;2;21;21;4.46;295.00
2015;C0442;16;15;1;1;4;65;1.1;2;21;21;5.82;339.00
2015;C0442;20;15;1;1;4;35;1.2;2;20;22;5.87;22.00
2015;C0442;24;15;1;1;4;70;2;2;20;25;7.64;47.00
2015;C0442;26;15;1;1;4;65;1.2;2;17;18;6.63;71.00
2015;C0442;27;15;1;1;4;55;2;2;17;20;3.08;112.00
2015;C0442;29;15;1;1;4;45;1.2;2;21;22;6.15;120.00
2015;C0442;31;41;1;1;4;40;1.1;1;24;23;7.30;99.00
2015;C0442;32;41;1;1;4;35;1.1;2;23;23;9.60;120.00
2015;C0442;33;15;1;1;4;30;1.1;2;17;19;11.12;156.00
2015;C0442;34;15;1;1;4;55;1.2;2;22;23;12.95;191.00
2015;C0442;35;15;906;906;4;;;2;19;20;13.17;235.00
2015;C0442;36;15;1;1;4;60;1.2;2;22;22;12.99;272.00
2015;C0442;37;134;906;906;4;;;1;27;27;16.34;265.00
2015;C0442;38;15;906;906;4;;;2;19;19;14.57;312.00
2015;C0442;39;15;906;906;4;;;2;27;26;15.47;1.00
2015;C0442;40;15;906;906;4;;;2;26;30;16.53;29.00
2015;C0442;41;15;1;1;4;20;1.1;2;13;14;9.02;14.00
2015;C0442;42;134;1;14;4;100;;1;14;14;10.73;61.00
2015;C0442;43;134;906;906;4;;;1;19;20;15.23;42.00
2015;C0442;45;15;1;1;4;45;1.2;2;12;13;12.18;32.00
2015;C0442;47;15;1;1;4;30;1.1;2;11;13;12.87;28.00
2015;C0442;48;15;1;1;4;15;1.1;2;10;10;12.70;207.00
2015;C0442;49;15;1;1;4;20;1.1;2;10;10;9.90;187.00
2015;C0442;50;15;1;1;4;25;1.1;2;12;13;7.52;206.00
2015;C0442;51;15;23;3;4;25;1.1;2;10;10;12.01;2.00
2015;C0442;52;15;23;3;4;40;1.1;2;10;10;12.53;210.00
2015;C0442;53;15;1;1;4;50;1.1;2;12;13;11.16;300.00
2015;C0442;54;15;1;1;4;30;1.1;2;10;10;11.99;306.00
2015;C0442;55;15;1;1;4;20;1.1;2;10;10;8.06;296.00
2015;C0442;56;15;23;3;4;25;1.1;2;10;10;7.55;319.00
2015;C0442;57;15;1;1;4;40;1.2;2;16;17;5.05;45.00
2015;C0442;58;15;1;1;4;25;1.1;2;10;10;12.39;293.00
2015;C0476;5;29;1;1;4;30;3;1;27;31;7.72;130.00
2015;C0476;6;46;1;1;4;10;1.2;1;28;29;9.21;142.00
2015;C0476;7;23;1;1;4;20;1.1;2;18;18;8.30;190.00
2015;C0476;8;15;1;1;4;95;1.1;2;22;20;6.46;250.00
2015;C0476;10;49;1;1;4;15;1.1;1;22;21;10.93;255.00
2015;C0476;11;29;1;1;4;15;3;2;14;17;11.07;237.00
2015;C0476;12;49;1;1;4;35;1.1;2;19;21;5.78;297.00
2015;C0476;13;49;1;1;4;95;1.1;1;24;30;9.37;325.00
2015;C0476;14;49;1;1;4;45;1.1;1;18;22;3.98;12.00
2015;C0476;15;15;1;1;4;70;1.2;2;19;18;9.21;355.00
2015;C0476;19;29;906;906;4;;;2;15;21;13.03;96.00
2015;C0476;20;73;23;3;4;20;1.1;2;21;17;12.00;103.00
2015;C0476;21;29;1;1;4;10;3;1;15;18;9.11;110.00
2015;C0476;22;29;1;1;4;20;3;2;16;18;12.15;143.00
2015;C0476;24;29;906;906;4;;;2;17;18;13.51;154.00
2015;C0476;26;15;906;906;4;;;2;24;24;17.12;138.00
2015;C0476;32;29;1;1;4;10;3;2;17;18;12.07;165.00
2015;C0476;33;29;1;1;4;15;3;2;15;18;1.70;1.00
2015;C0476;35;29;1;1;4;15;3;2;14;15;4.28;150.00
2015;C0476;36;23;1;1;4;40;3;2;14;15;7.04;294.00
2015;C0476;37;49;1;1;4;35;1.1;1;27;26;12.63;271.00
2015;C0476;38;73;1;1;4;10;1.1;1;17;19;6.81;62.00
2015;C0476;39;29;906;906;4;;;2;13;14;13.92;162.00
2015;C0476;40;49;1;1;4;20;1.1;1;15;15;10.72;80.00
2015;C0476;41;15;906;906;4;;;2;18;18;17.33;295.00
2015;C0476;42;29;906;906;4;;;2;18;17;14.86;318.00
2015;C0476;43;29;906;906;4;;;2;18;18;13.05;20.00
2015;C0476;44;29;906;906;4;;;2;15;13;15.28;165.00
2015;C0476;45;23;1;1;4;35;1.1;2;10;10;0.50;150.00
2015;C0476;46;29;1;1;4;10;2;1;14;14;8.00;230.00
2015;C0476;47;29;1;1;4;15;3;2;11;11;6.00;195.00
2015;C0476;48;23;1;1;4;35;1.1;1;11;11;5.65;79.00
2015;C0185;27;22;906;906;4;;;2;20;20;16.19;102.00
2015;C0185;26;22;906;906;4;;;1;28;27;14.96;116.00
2015;C0185;21;20;906;906;4;;;2;17;17;17.68;124.00
2015;C0185;18;20;906;906;4;;;2;22;23;17.75;161.00
2015;C1190;10;49;1;1;4;15;1.2;1;13;14;7.57;110.00
2015;C1190;12;49;1;1;4;30;1.2;1;18;18;9.18;124.00
2015;C1190;15;46;1;1;4;25;1.1;2;21;21;9.11;245.00
2015;C1190;27;29;1;1;4;65;3;1;18;22;12.29;21.00
2015;C1190;28;29;1;1;4;35;3;2;20;17;7.68;15.00
2015;C1190;31;49;906;906;4;;;1;19;24;15.28;92.00
2015;C1190;33;49;1;1;4;25;1.1;1;18;16;11.45;124.00
2015;C1190;35;49;1;1;4;35;1.1;1;18;16;11.32;135.00
2015;C1190;36;49;906;906;4;;;1;23;20;13.80;130.00
2015;C1190;37;49;906;906;4;;;1;23;23;17.30;123.00
2015;C1190;39;49;906;906;4;;;1;24;23;13.64;167.00
2015;C1190;40;49;1;1;4;45;1.1;1;17;15;11.28;153.00
2015;C1190;41;49;906;906;4;;;1;19;22;15.50;81.00
2015;C1190;42;46;1;1;4;20;1.1;2;16;16;9.94;201.00
2015;C1190;44;29;906;906;4;;;2;27;24;13.05;25.00
2015;C1190;46;49;906;906;4;;;1;25;22;13.80;193.00
2015;C1122;1;125;1;1;4;35;3;1;39;39;4.90;353.00
2015;C1122;25;125;1;1;4;20;3;1;42;46;15.30;305.00
2015;C1122;33;125;1;1;4;20;2;1;38;45;8.80;276.00
2015;C1122;35;110;1;1;4;15;2;1;36;32;7.60;230.00
2015;C1122;26;125;1;1;4;20;3;1;50;42;17.60;223.00
2015;C1122;27;125;1;1;4;20;2;1;46;43;6.20;193.00
2015;C1122;23;125;1;1;4;25;1.2;1;34;34;12.20;176.00
2015;C1122;22;125;1;1;4;30;3;1;40;39;17.50;175.00
2015;C1122;36;125;1;1;4;20;2;1;41;42;12.00;144.00
2015;C1122;7;125;1;1;4;20;3;1;37;39;8.60;101.00
2015;C1122;5;125;1;1;4;15;1.2;1;78;72;17.20;85.00
2015;C1122;24;125;1;1;4;30;2;1;22;24;12.60;70.00
2015;C1122;4;125;1;1;4;40;3;1;48;50;11.00;53.00
2015;C1122;2;125;1;1;4;15;2;1;49;43;8.13;17.00
2015;C1122;37;125;1;1;4;35;2;1;50;49;15.40;303.00
2015;C1122;34;110;29;23;4;;;1;23;27;12.20;300.00
2015;C1122;6;125;906;906;4;;;1;27;29;13.40;102.00
2015;C2005;1;130;1;1;4;40;2;1;24;25;5.11;270.00
2015;C2005;4;130;1;38;4;100;;1;30;31;8.06;307.00
2015;C2005;5;15;1;1;4;45;1.1;2;27;23;10.95;318.00
2015;C2005;6;130;1;38;4;100;;1;31;30;11.40;320.00
2015;C2005;8;48;1;1;4;35;1.1;1;20;18;11.16;339.00
2015;C2005;9;130;1;1;4;85;1.2;1;34;33;10.15;349.00
2015;C2005;11;15;1;1;4;45;1.1;1;19;25;9.01;8.00
2015;C2005;12;130;1;1;4;35;2;1;47;47;3.45;40.00
2015;C2005;13;15;1;1;4;75;1.1;2;22;20;5.14;57.00
2015;C2005;14;130;1;1;4;65;2;1;31;31;4.87;105.00
2015;C2005;15;15;1;1;4;40;1.2;2;21;20;10.56;93.00
2015;C2005;17;48;1;1;4;30;1.1;2;21;20;10.21;115.00
2015;C2005;20;48;1;1;4;45;1.1;1;22;23;9.14;148.00
2015;C2005;21;15;1;1;4;50;1.1;2;19;19;4.73;163.00
2015;C2005;22;15;1;1;4;30;1.2;2;19;17;3.52;218.00
2015;C2005;23;48;1;1;4;30;1.1;1;16;17;5.06;202.00
2015;C2005;24;48;1;1;4;35;1.1;1;22;21;6.75;203.00
2015;C2005;27;15;906;906;4;;;2;32;28;17.35;190.00
2015;C2005;30;48;906;906;4;;;2;20;21;15.00;251.00
2015;C2005;32;23;1;1;4;10;1.1;1;20;19;5.90;250.00
2015;C2005;33;15;906;906;4;;;1;36;35;15.62;226.00
2015;C2005;34;36;906;906;4;;;1;35;31;15.34;338.00
2015;C2005;35;48;1;1;4;15;1.1;1;20;20;5.09;243.00
2015;C2005;36;48;1;1;4;30;1.1;3;16;16;9.47;199.00
2015;C2005;37;48;1;1;4;25;2;3;21;20;11.22;217.00
2015;C2005;38;48;1;1;4;25;1.2;3;16;15;11.78;225.00
2015;C2005;39;48;1;1;4;30;1.2;3;12;14;12.14;260.00
2015;C2005;40;23;1;1;4;30;1.1;2;21;18;12.48;275.00
2015;C2005;41;15;1;1;4;30;1.2;2;24;22;11.20;280.00
2015;C2005;42;48;1;1;4;20;1.1;2;10;10;7.90;228.00
2015;C2005;43;48;1;1;4;30;1.1;1;12;11;11.15;211.00
2015;C2005;44;48;1;1;4;30;1.2;1;12;12;12.10;185.00
2015;C2005;45;48;1;1;4;35;1.1;1;12;12;10.80;163.00
2015;C2005;46;48;1;1;4;35;1.1;1;16;16;9.28;163.00
2015;C2005;47;15;23;23;4;;;2;14;13;12.00;158.00
2015;C2005;48;48;1;1;4;25;1.2;1;22;22;11.54;174.00
2015;C2005;49;15;1;1;4;50;1.2;2;16;15;5.36;231.00
2015;C2005;50;56;1;1;4;30;2;1;11;11;7.19;289.00
2015;C2005;51;48;1;1;4;30;1.1;1;13;13;6.94;310.00
2015;C2005;52;48;1;1;4;35;1.1;1;10;11;5.92;145.00
2015;C2005;53;48;1;1;4;25;1.1;1;12;11;0.95;149.00
2015;C2005;54;48;1;1;4;30;1.1;1;13;11;1.16;0.00
2015;C2005;55;15;1;1;4;35;1.2;2;10;10;3.22;324.00
2015;C2005;56;48;1;1;4;45;1.1;1;16;13;5.09;348.00
2015;C2005;57;15;1;1;4;45;;2;16;14;7.82;351.00
2015;C2005;58;15;1;1;4;45;1.2;1;16;16;12.04;112.00
2015;C2005;59;15;1;1;4;40;1.2;2;10;12;8.41;90.00
2015;C2005;60;15;1;1;4;90;1.1;1;20;18;7.24;72.00
2015;C2005;61;48;1;1;4;20;1.2;2;10;11;7.99;19.00
2015;C2005;62;48;1;1;4;20;1.1;1;14;13;11.61;9.00
2015;C2005;63;56;1;1;4;25;2;1;12;9;9.26;40.00
2015;C2005;64;15;1;1;4;85;1.1;1;13;12;10.48;56.00
2015;C2005;65;15;1;1;4;80;1.1;2;21;19;11.31;71.00
2015;C2005;66;15;1;1;4;75;1.1;2;15;14;11.45;83.00
2015;C2005;67;23;1;23;4;;;1;10;10;12.63;3.00
2015;C2005;68;130;1;1;4;50;1.2;1;40;40;16.43;280.00
2015;C2005;69;130;1;1;4;45;1.2;1;40;40;17.25;75.00
2015;C2005;70;15;1;1;4;25;1.2;2;11;12;7.74;275.00
2015;C2005;71;23;1;1;4;15;1.1;2;11;12;4.09;124.00
2015;C0185;17;63;906;906;4;;;2;14;14;16.52;157.00
2015;C0185;16;29;906;906;4;;;2;13;12;13.72;172.00
2015;C0185;12;20;906;906;4;;;2;20;22;17.50;231.00
2015;C0185;10;20;906;906;4;;;2;40;37;15.68;233.00
2015;C0185;8;5;1;1;4;70;1.1;1;23;21;12.90;22.00
2015;C0185;48;20;1;1;4;80;1.1;2;18;17;10.10;193.00
2015;C0185;49;10;19;19;4;;;1;16;16;11.92;240.00
2015;C2026;1;46;1;1;4;10;1.1;1;34;30;0.40;128.00
2015;C2026;8;46;1;1;4;5;1.1;1;37;34;5.05;347.00
2015;C2026;10;46;1;1;4;25;1.1;1;17;15;6.84;288.00
2015;C2026;13;46;1;1;4;25;1.1;1;14;16;4.20;355.00
2015;C2026;15;46;1;1;4;10;1.1;1;21;21;11.35;60.00
2015;C2026;20;46;1;1;4;30;1.1;1;15;15;7.57;192.00
2015;C2026;21;46;1;1;4;20;1.1;1;22;21;11.25;228.00
2015;C2026;24;46;1;1;4;15;1.1;1;18;19;11.70;270.00
2015;C2026;27;46;1;1;4;5;1.1;1;17;20;9.34;330.00
2015;C2026;31;46;1;1;4;5;1.1;1;45;40;15.45;18.00
2015;C2026;32;46;906;906;4;;;1;21;25;15.50;60.00
2015;C2026;33;46;906;906;4;;;1;17;15;14.45;70.00
2015;C2026;34;46;1;1;4;10;1.1;1;17;16;12.00;125.00
2015;C2026;35;46;906;906;4;;;1;22;19;17.50;93.00
2015;C2026;36;46;1;1;4;10;1.1;1;21;28;11.20;153.00
2015;C2026;37;46;906;906;4;;;1;17;18;13.72;170.00
2015;C2026;38;46;1;1;4;5;1.1;2;13;14;8.71;220.00
2015;C2026;39;46;906;906;4;;;1;16;19;15.16;248.00
2015;C2026;40;46;906;906;4;;;1;19;18;17.30;250.00
2015;C2026;41;46;906;906;4;;;1;13;12;15.93;265.00
2015;C2026;42;46;906;906;4;;;1;13;14;17.45;280.00
2015;C2026;43;46;906;906;4;;;1;32;33;15.53;310.00
2015;C2026;44;46;906;906;4;;;1;25;25;14.93;330.00
2015;C2026;45;46;1;1;4;10;1.1;1;15;15;11.77;341.00
2015;C2026;46;46;906;906;4;;;1;22;23;14.22;351.00
2015;C2026;47;46;906;906;4;;;1;18;20;15.48;358.00
2015;C2026;48;46;1;1;4;10;;1;38;40;11.20;0.00
2015;C2026;49;46;1;1;4;10;1.1;1;13;14;7.00;46.00
2015;C2026;50;46;1;1;4;20;1.1;1;14;13;5.64;59.00
2015;C2026;51;46;1;1;4;15;1.1;1;15;17;4.66;90.00
2015;C2026;52;46;1;1;4;10;1.1;1;10;10;12.17;115.00
2015;C2026;53;46;1;1;4;20;1.1;1;13;12;10.50;135.00
2015;C2026;54;46;1;1;4;25;1.1;1;11;14;11.15;170.00
2015;C2026;55;46;1;1;4;10;1.1;1;13;13;6.74;174.00
2015;C2026;56;46;1;1;4;20;1.1;1;11;11;6.20;321.00
2015;C2026;57;46;1;1;4;20;1.1;1;12;11;10.83;263.00
2015;C2026;58;46;1;1;4;5;1.1;1;15;14;10.27;238.00
2015;C0962;2;46;1;1;4;10;1.1;3;22;23;8.32;289.00
2015;C0962;32;46;1;1;4;10;1.1;2;12;13;8.60;321.00
2015;C0128;47;49;1;1;4;10;1.1;3;18;19;11.97;60.00
2015;C0128;46;49;19;19;4;;;3;15;16;11.98;58.00
2015;C0128;45;49;1;1;4;15;1.1;3;19;19;7.47;89.00
2015;C0128;44;49;19;19;4;;;3;23;24;12.40;165.00
2015;C0128;43;49;1;1;4;;;3;15;16;9.50;178.00
2015;C0128;42;49;19;19;4;;;2;10;11;12.75;195.00
2015;C0128;41;29;1;1;4;5;1.1;2;11;12;11.53;253.00
2015;C0901;17;49;906;906;4;;;1;23;30;13.50;130.00
2015;C0901;18;49;906;906;4;;;1;24;27;13.20;140.00
2015;C0901;11;49;1;1;4;20;1.1;1;28;29;11.90;76.00
2015;C0901;4;49;1;1;4;20;1.2;1;23;24;9.20;90.00
2015;C0962;1;46;1;1;4;60;1.1;3;31;30;3.16;245.00
2015;C0962;6;46;1;1;4;10;1.1;3;11;11;12.07;177.00
2015;C0962;3;46;1;1;4;15;1.1;3;24;26;10.26;119.00
2015;C0962;17;46;1;1;4;25;1.1;3;28;28;11.80;74.00
2015;C0962;34;46;1;19;4;;;2;16;18;11.70;90.00
2015;C0962;33;46;19;19;4;;;3;15;16;11.63;87.00
2015;C0962;11;46;906;906;4;;;3;22;22;17.47;330.00
2015;C0962;9;46;906;906;4;;;3;17;19;17.05;267.00
2015;C0962;8;46;906;906;4;;;3;18;18;17.30;210.00
2015;C0962;7;46;906;906;4;;;3;23;21;17.00;198.00
2015;C0962;4;46;906;906;4;;;3;26;28;16.55;140.00
2015;C0962;35;46;2;2;4;10;1.1;2;13;12;12.47;350.00
2015;C0962;36;46;2;2;4;15;1.1;2;12;12;10.24;25.00
2015;C0962;37;46;2;2;4;10;1.1;2;12;12;9.73;40.00
2015;C0962;38;46;2;2;4;10;1.1;2;13;13;8.95;65.00
2015;C0962;39;46;2;2;4;10;1.1;2;13;12;7.86;77.00
2015;C0962;40;46;2;2;4;5;1.1;2;11;13;6.19;85.00
2015;C0962;41;46;2;2;4;10;1.1;2;12;12;4.77;80.00
2015;C0962;42;46;2;2;4;5;1.1;2;12;13;2.40;105.00
2015;C0962;43;46;2;2;4;5;1.1;2;16;18;11.55;100.00
2015;C0962;44;46;2;2;4;10;1.1;2;14;16;11.50;115.00
2015;C0962;45;23;2;2;4;10;1.1;1;10;10;7.39;180.00
2015;C0962;46;46;2;2;4;15;1.1;2;11;12;9.78;205.00
2015;C0962;47;46;2;2;4;10;1.1;3;12;11;8.44;214.00
2015;C0962;48;46;2;2;4;5;1.1;2;16;16;10.22;270.00
2015;C0961;69;20;1;1;4;15;1.1;1;15;14;12.37;355.00
2015;C0961;68;20;1;1;4;25;1.1;1;16;16;9.70;352.00
2015;C0961;8;20;1;1;4;10;1.1;1;28;29;6.60;330.00
2015;C0961;67;20;1;1;4;10;1.1;1;13;14;12.85;325.00
2015;C0961;9;20;1;1;4;15;1.1;1;17;18;7.60;320.00
2015;C0961;66;20;1;1;4;20;1.1;1;15;16;9.75;318.00
2015;C0961;11;20;1;1;4;20;1.1;1;29;28;11.72;308.00
2015;C0961;7;20;1;1;4;10;1.1;1;18;19;7.30;305.00
2015;C0961;65;20;1;1;4;10;1.1;1;16;17;8.50;300.00
2015;C0961;10;20;1;1;4;20;1.1;1;18;20;10.50;290.00
2015;C0961;2;20;1;1;4;15;1.1;1;20;20;1.60;281.00
2015;C0961;64;20;1;1;4;10;1.1;1;13;13;8.54;279.00
2015;C0961;62;20;1;1;4;20;1.1;1;16;17;12.30;278.00
2015;C0961;61;20;1;1;4;10;1.1;1;13;14;10.87;272.00
2015;C0961;63;20;1;1;4;10;1.1;1;13;14;8.25;272.00
2015;C0961;60;20;1;1;4;10;1.1;1;14;15;12.30;270.00
2015;C0961;3;20;1;1;4;20;1.1;1;18;18;2.90;260.00
2015;C0961;59;20;1;1;4;10;;1;12;13;11.60;253.00
2015;C0961;6;20;1;1;4;10;1.1;1;20;20;6.40;240.00
2015;C0961;58;20;1;1;4;10;1.1;1;13;12;12.10;230.00
2015;C0961;57;20;1;1;4;15;;1;16;17;9.40;217.00
2015;C0961;56;20;1;1;4;10;1.1;1;14;15;11.20;216.00
2015;C0961;55;20;1;1;4;25;1.1;1;13;14;11.45;210.00
2015;C0961;50;20;1;1;4;15;1.1;1;14;13;11.43;204.00
2015;C0961;54;20;1;1;4;10;1.1;1;14;15;9.14;200.00
2015;C0961;52;20;1;1;4;10;1.1;1;13;14;5.70;188.00
2015;C0961;49;20;1;1;4;30;1.1;1;11;12;12.70;178.00
2015;C0961;51;20;1;1;4;10;1.1;1;20;19;7.87;178.00
2015;C0961;48;20;1;1;4;15;1.1;1;16;17;12.55;174.00
2015;C0961;53;20;1;1;4;10;1.1;1;16;15;4.20;172.00
2015;C0961;47;20;1;1;4;10;1.1;1;16;17;8.12;171.00
2015;C0961;5;20;1;1;4;10;1.1;1;20;21;6.33;170.00
2015;C0961;31;20;1;1;4;20;1.1;1;15;16;2.52;144.00
2015;C0961;16;20;1;1;4;20;1.1;1;19;20;12.70;140.00
2015;C0961;15;20;1;23;4;;;1;17;17;12.10;140.00
2015;C0961;45;20;1;1;4;15;1.1;1;14;15;7.13;139.00
2015;C0961;46;20;1;1;4;10;1.1;1;13;13;5.55;127.00
2015;C0961;44;20;1;1;4;10;1.1;1;14;16;11.92;120.00
2015;C0961;14;20;1;1;4;20;1.1;1;19;21;12.00;117.00
2015;C0961;37;20;1;23;4;;;1;14;14;11.75;105.00
2015;C0961;42;20;1;1;4;20;1.1;1;17;19;9.81;98.00
2015;C0961;43;20;1;1;4;15;;1;18;20;8.97;97.00
2015;C0961;40;20;1;1;4;15;1.1;1;16;15;8.65;78.00
2015;C0961;41;20;1;1;4;20;;1;17;18;6.04;77.00
2015;C0961;32;20;1;1;4;25;1.1;1;14;15;2.30;73.00
2015;C0961;39;20;1;1;4;15;1.1;1;22;22;11.00;67.00
2015;C0961;38;20;1;1;4;15;1.1;1;17;17;11.40;53.00
2015;C0961;36;20;1;1;4;15;1.1;1;14;15;9.83;49.00
2015;C0961;33;20;1;1;4;35;1.1;1;14;14;2.25;47.00
2015;C0961;35;20;1;1;4;70;1.1;1;12;12;7.14;44.00
2015;C0961;30;20;1;1;4;25;1.1;1;20;19;4.85;35.00
2015;C0961;12;20;1;1;4;25;1.1;1;24;23;12.35;30.00
2015;C0961;34;20;1;1;4;15;1.1;1;21;21;5.10;30.00
2015;C0961;4;20;1;1;4;25;;1;18;17;3.30;28.00
2015;C0961;71;20;1;1;4;15;1.1;1;14;15;11.65;20.00
2015;C0961;72;20;1;1;4;25;1.1;1;17;16;8.70;13.00
2015;C0961;70;20;1;1;4;25;1.1;1;15;14;11.80;9.00
2015;C0961;1;20;1;1;4;15;1.1;1;19;18;1.00;9.00
2015;C0961;73;20;19;19;4;;;1;21;20;4.95;26.00
2015;C0961;18;20;906;906;4;;;1;19;20;13.43;151.00
2015;C0961;17;20;906;906;4;;;1;20;23;13.22;144.00
2015;C0961;19;20;906;906;4;;;1;18;19;15.25;140.00
2015;C0961;21;20;906;906;4;;;1;14;16;15.08;122.00
2015;C0961;20;20;906;906;4;;;1;19;19;14.47;120.00
2015;C0961;25;20;906;906;4;;;1;18;19;15.97;113.00
2015;C0961;24;20;906;906;4;;;1;18;21;16.04;100.00
2015;C0961;22;20;906;906;4;;;1;19;18;14.30;95.00
2015;C0961;23;20;906;906;4;;;1;25;24;15.84;82.00
2015;C0961;13;20;906;906;4;;;1;21;22;15.30;58.00
2015;C0961;29;20;906;906;4;;;1;29;30;16.43;5.00
2015;C0961;28;20;906;906;4;;;1;19;19;13.62;0.00
2015;C0943;3;46;1;1;4;20;1.1;3;35;25;8.83;311.00
2015;C0943;5;46;1;1;4;10;1.1;3;21;22;7.68;203.00
2015;C0943;4;46;906;906;4;;;3;19;21;14.02;303.00
2015;C0943;18;46;906;906;4;;;3;26;25;13.20;256.00
2015;C0943;23;46;906;906;4;;;2;14;16;16.40;212.00
2015;C0943;24;46;906;906;4;;;2;15;14;16.60;210.00
2015;C0943;17;46;906;906;4;;;3;15;16;16.60;197.00
2015;C0943;7;46;906;906;4;;;2;12;12;16.25;189.00
2015;C0943;25;46;2;2;4;10;1.1;2;14;14;4.35;33.00
2015;C0943;26;46;2;2;4;10;1.1;2;13;13;5.40;130.00
2015;C0943;27;46;2;2;4;25;1.1;2;14;15;9.90;125.00
2015;C0943;28;46;2;2;4;5;1.1;2;13;15;11.80;123.00
2015;C0943;29;46;2;2;4;10;1.1;2;11;11;11.40;144.00
2015;C0943;30;46;2;2;4;10;1.1;2;10;11;5.60;145.00
2015;C0943;31;46;2;2;4;15;1.1;2;14;15;3.85;170.00
2015;C0943;32;46;2;2;4;35;1.1;3;24;26;12.50;183.00
2015;C0943;33;46;2;2;4;10;1.1;2;13;12;11.30;205.00
2015;C0943;34;46;2;2;4;10;1.1;2;13;13;12.15;230.00
2015;C0943;35;23;2;2;4;15;1.1;2;11;11;7.40;225.00
2015;C0943;36;46;2;2;4;5;1.1;2;13;13;4.65;215.00
2015;C0943;37;46;2;2;4;10;1.1;2;29;29;1.50;270.00
2015;C0943;38;46;2;2;4;10;1.1;2;11;12;4.50;257.00
2015;C0943;39;23;2;2;4;15;1.1;2;13;12;8.90;252.00
2015;C0943;40;46;2;2;4;5;1.1;1;11;12;9.80;253.00
2015;C0943;41;23;2;2;4;10;1.1;2;11;12;10.50;270.00
2015;C0943;42;46;2;2;4;10;1.1;2;14;15;6.25;275.00
2015;C0943;43;46;2;2;4;10;1.1;2;12;12;6.00;293.00
2015;C0943;44;46;2;2;4;10;1.1;2;13;13;12.15;293.00
2015;C0943;45;46;2;2;4;10;1.1;2;14;14;12.95;303.00
2015;C0943;46;46;2;2;4;5;1.1;2;13;12;9.30;313.00
2015;C0943;47;46;2;2;4;20;1.1;2;14;14;7.50;343.00
2015;C0901;1;41;1;1;4;10;1.2;1;48;51;1.82;140.00
2015;C0901;30;49;1;1;4;45;1.1;1;37;38;12.45;337.00
2015;C0157;2;116;1;1;4;5;1.1;1;45;44;3.66;115.00
2015;C0157;6;116;1;1;4;10;1.1;1;42;44;13.69;53.00
2015;C0157;7;116;906;906;4;;;1;22;25;14.58;38.00
2015;C0157;9;116;906;906;4;;;1;20;21;17.05;50.00
2015;C0157;21;116;906;906;4;;;1;28;29;15.59;188.00
2015;C0157;22;116;1;1;4;5;1.1;1;33;34;10.50;159.00
2015;C0157;23;116;1;1;4;5;1.1;1;24;25;6.44;176.00
2015;C0157;24;116;1;1;4;15;1.1;1;23;24;6.79;158.00
2015;C0157;25;116;1;1;4;5;1.1;1;24;24;8.77;263.00
2015;C0158;1;20;1;1;4;40;1.1;2;26;28;1.70;278.00
2015;C0158;2;118;1;1;4;15;1.2;1;21;21;1.67;324.00
2015;C0158;3;20;1;1;4;40;1.1;3;18;21;3.62;192.00
2015;C0158;4;20;1;1;4;20;1.1;3;28;31;7.91;200.00
2015;C0158;5;20;1;1;4;15;1.1;3;21;21;11.09;225.00
2015;C0158;7;20;1;1;4;15;1.1;3;21;22;7.66;293.00
2015;C0158;10;20;1;1;4;35;1.1;3;24;22;12.61;321.00
2015;C0158;11;20;1;1;4;20;1.1;3;15;17;8.29;2.00
2015;C0158;12;134;1;1;4;50;1.2;1;33;35;7.05;15.00
2015;C0158;13;20;1;1;4;20;1.1;1;27;30;7.92;70.00
2015;C0158;14;20;1;1;4;15;1.1;1;20;19;8.29;103.00
2015;C0158;15;20;1;1;4;15;1.1;3;26;30;5.69;135.00
2015;C0158;16;20;1;1;4;15;1.1;3;17;22;6.84;166.00
2015;C0158;17;20;906;906;4;;;3;22;23;13.02;171.00
2015;C0158;20;20;906;906;4;;;3;29;30;17.98;334.00
2015;C0158;22;20;906;906;4;;;3;27;26;13.52;354.00
2015;C0158;23;20;906;906;4;;;3;27;29;15.24;33.00
2015;C0158;24;20;1;1;4;10;1.1;3;29;30;10.71;40.00
2015;C0158;25;20;906;906;4;;;3;29;25;16.83;48.00
2015;C0158;29;20;906;906;4;;;3;21;20;14.76;112.00
2015;C0158;30;118;1;1;4;60;1.1;1;32;32;0.00;133.00
2015;C0160;1;134;1;1;4;35;1.1;1;41;40;1.40;344.00
2015;C0160;2;100;1;1;4;15;1.1;1;38;41;5.64;311.00
2015;C0160;4;118;1;1;4;15;1.1;1;31;32;11.72;337.00
2015;C0160;5;118;1;1;4;10;1.1;1;51;49;11.96;60.00
2015;C0160;9;116;1;1;4;20;1.2;1;58;58;9.86;100.00
2015;C0160;13;20;1;1;4;15;1.1;1;27;29;0.00;0.00
2015;C0160;15;20;1;1;4;20;1.1;1;39;39;0.00;0.00
2015;C0160;21;118;1;1;4;10;1.1;1;43;43;14.99;173.00
2015;C0160;22;118;1;1;4;20;1.2;1;49;47;12.98;183.00
2015;C0160;23;118;1;1;4;10;1.2;1;54;54;13.56;199.00
2015;C0160;29;118;906;906;4;;;1;26;23;16.22;252.00
2015;C0160;30;118;906;906;4;;;1;33;34;17.03;261.00
2015;C0160;32;118;1;1;4;5;1.1;1;43;46;0.00;0.00
2015;C0160;33;118;1;1;4;5;1.2;1;49;51;0.00;0.00
2015;C0160;34;118;1;1;4;5;1.1;1;58;60;0.00;0.00
2015;C0633;13;20;1;1;4;15;1.1;3;25;27;8.72;354.00
2015;C0633;35;20;1;1;4;25;1.1;3;22;22;1.82;352.00
2015;C0633;37;20;1;1;4;20;1.1;3;19;21;3.00;341.00
2015;C0633;38;20;1;1;4;25;1.1;3;18;18;5.05;339.00
2015;C0633;31;20;1;1;4;45;1.1;3;25;25;12.12;334.00
2015;C0633;58;20;1;1;4;25;1.1;3;16;16;3.30;304.00
2015;C0633;34;20;1;1;4;35;1.1;3;16;16;0.50;300.00
2015;C0633;33;20;1;1;4;30;1.1;3;16;17;3.88;277.00
2015;C0633;24;20;1;1;4;30;1.1;3;28;33;12.89;250.00
2015;C0633;20;20;1;1;4;20;1.1;3;40;42;5.46;236.00
2015;C0633;41;20;1;1;4;20;1.1;3;30;32;10.09;126.00
2015;C0633;2;20;1;1;4;25;1.1;3;24;27;2.96;125.00
2015;C0633;6;20;1;1;4;20;1.1;3;25;26;6.84;106.00
2015;C0633;54;20;1;1;4;20;1.1;3;23;24;12.65;103.00
2015;C0633;39;20;1;1;4;35;1.1;3;18;21;9.66;88.00
2015;C0633;5;20;1;1;4;25;1.1;3;20;23;5.40;88.00
2015;C0633;57;20;1;1;4;30;1.1;3;25;25;11.23;80.00
2015;C0633;53;20;1;1;4;30;1.1;3;16;17;7.94;72.00
2015;C0633;61;20;1;1;4;40;1.1;3;13;14;10.16;71.00
2015;C0633;56;20;1;1;4;15;1.1;3;19;19;2.23;70.00
2015;C0633;60;20;1;1;4;30;1.1;3;14;15;10.85;54.00
2015;C0633;52;20;1;1;4;30;1.1;3;16;17;6.32;39.00
2015;C0633;8;20;1;1;4;25;1.1;3;20;23;9.06;38.00
2015;C0633;62;20;1;1;4;25;1.1;3;16;17;5.20;34.00
2015;C0633;59;20;1;1;4;30;1.1;3;13;14;12.60;26.00
2015;C0633;55;20;1;1;4;25;1.1;3;17;17;11.02;22.00
2015;C0633;9;20;1;1;4;35;1.1;3;17;19;8.50;22.00
2015;C0633;11;20;1;1;4;30;1.1;3;21;24;11.49;4.00
2015;C0633;51;20;906;906;4;;;3;28;30;15.80;305.00
2015;C0633;47;20;906;906;4;;;3;19;21;14.01;295.00
2015;C0633;46;20;906;906;4;;;3;22;24;14.06;290.00
2015;C0633;45;20;906;906;4;;;3;21;21;14.52;280.00
2015;C0633;50;20;906;906;4;;;3;25;25;15.68;250.00
2015;C0633;44;20;906;906;4;;;3;22;24;13.40;239.00
2015;C0633;49;20;906;906;4;;;3;22;25;15.71;230.00
2015;C0484;5;20;1;1;4;20;1.1;2;25;28;9.85;358.00
2015;C0730;37;20;1;1;4;10;1.1;1;31;30;10.80;315.00
2015;C0730;40;20;1;1;4;5;1.1;1;26;25;10.30;290.00
2015;C0730;5;20;1;1;4;5;1.1;1;31;31;1.07;290.00
2015;C0730;39;20;1;23;4;;;1;21;21;4.35;285.00
2015;C0730;8;20;1;1;4;30;1.1;1;29;30;8.50;250.00
2015;C0730;9;20;1;1;4;25;1.1;1;40;41;13.75;242.00
2015;C0730;10;20;1;1;4;15;1.1;1;27;29;8.00;232.00
2015;C0730;11;20;1;1;4;10;1.1;1;37;40;8.70;216.00
2015;C0730;27;20;1;1;4;15;1.1;1;38;42;15.90;207.00
2015;C0730;13;20;1;1;4;20;1.1;1;32;32;5.00;185.00
2015;C0730;20;20;1;1;4;20;1.1;1;30;31;12.70;175.00
2015;C0730;18;20;1;1;4;5;1.1;1;22;23;8.40;167.00
2015;C0730;19;20;1;1;4;25;1.1;1;31;29;13.00;161.00
2015;C0730;17;20;1;1;4;10;1.1;1;29;30;6.70;152.00
2015;C0730;16;20;1;1;4;20;1.1;1;35;37;5.40;110.00
2015;C0730;32;20;1;1;4;15;;1;29;30;6.90;89.00
2015;C0730;33;20;1;1;4;15;1.1;1;35;36;10.00;71.00
2015;C0730;4;20;1;1;4;15;1.1;1;30;31;4.50;48.00
2015;C0730;38;20;1;1;4;10;1.1;1;46;46;7.40;34.00
2015;C0730;35;20;1;1;4;20;1.1;1;38;43;17.40;10.00
2015;C0730;1;20;1;1;4;10;1.1;1;32;33;8.20;0.00
2015;C0730;22;20;906;906;4;;;1;22;23;13.30;202.00
2015;C0730;26;20;906;906;4;;;1;33;31;17.20;195.00
2015;C0730;23;20;906;906;4;;;1;25;27;15.60;189.00
2015;C0730;24;20;906;906;4;;;1;31;33;17.60;176.00
2015;C0730;34;20;906;906;4;;;1;36;39;14.90;47.00
2015;C0730;41;20;2;2;4;10;1.1;1;39;42;11.50;258.00
2015;C0730;42;20;2;2;4;15;1.1;1;40;43;13.30;300.00
2015;C0730;43;20;2;2;4;15;1.1;1;39;43;14.90;345.00
2015;C2044;21;49;1;1;4;20;1.2;1;29;32;11.80;284.00
2015;C2044;13;49;1;1;4;15;1.2;1;42;39;7.50;278.00
2015;C2044;10;49;1;1;4;20;1.2;1;19;17;12.40;205.00
2015;C2044;8;49;1;1;4;10;1.2;1;30;26;8.40;202.00
2015;C2044;11;49;1;1;4;20;2;1;24;28;13.00;201.00
2015;C2044;7;49;1;1;4;30;2;1;32;36;6.15;183.00
2015;C2044;6;49;1;1;4;15;1.2;1;40;42;8.00;167.00
2015;C2044;5;49;1;1;4;35;1.2;1;40;41;15.60;134.00
2015;C2044;4;49;1;1;4;80;1.1;1;68;66;17.50;110.00
2015;C2044;25;49;1;1;4;25;2;2;13;13;5.50;100.00
2015;C2044;9;49;1;1;4;20;1.2;1;17;15;6.00;90.00
2015;C2044;2;49;1;1;4;15;1.2;1;34;36;8.20;85.00
2015;C2044;26;49;1;1;4;5;2;1;19;20;9.70;81.00
2015;C2044;1;49;1;1;4;25;1.2;1;44;46;11.00;25.00
2015;C2044;24;49;3;23;4;;;2;11;12;6.70;341.00
2015;C2044;20;49;906;906;4;;;1;29;38;17.50;337.00
2015;C2044;22;49;906;906;4;;;2;17;20;17.80;328.00
2015;C2044;19;49;906;906;4;;;1;20;26;13.60;327.00
2015;C2044;18;49;906;906;4;;;1;27;22;13.20;314.00
2015;C2044;17;49;906;906;4;;;2;22;26;17.10;285.00
2015;C2044;14;49;906;906;4;;;1;33;36;14.00;259.00
2015;C2044;12;49;906;906;4;;;1;18;21;14.70;221.00
2015;C2044;23;49;906;906;4;;;1;30;30;16.80;3.00
2015;C0749;17;49;1;1;4;10;1.2;2;15;15;10.35;340.00
2015;C0749;54;49;1;1;4;15;1.2;1;11;11;8.00;330.00
2015;C0749;53;49;1;1;4;15;1.2;1;11;12;8.70;290.00
2015;C0749;52;41;1;1;4;40;1.2;2;11;11;5.80;290.00
2015;C0749;51;49;1;1;4;35;1.2;1;12;12;6.50;275.00
2015;C0749;50;49;1;1;4;15;1.2;2;10;11;8.30;260.00
2015;C0749;32;49;1;1;4;40;1.2;3;12;13;4.85;260.00
2015;C0749;49;49;1;1;4;10;2;2;12;11;11.95;255.00
2015;C0749;47;49;1;1;4;25;1.2;2;13;14;11.90;211.00
2015;C0749;46;41;1;1;4;10;1.2;2;12;12;10.20;210.00
2015;C0749;45;49;1;1;4;20;1.2;2;11;12;6.20;197.00
2015;C0749;44;49;1;1;4;15;1.1;2;10;12;10.40;190.00
2015;C0749;43;49;1;1;4;10;1.2;2;10;11;12.80;158.00
2015;C0749;1;49;1;1;4;10;1.2;2;19;20;10.20;158.00
2015;C0749;42;49;1;1;4;15;1.2;2;10;10;11.00;142.00
2015;C0749;41;49;1;1;4;15;2;2;10;11;5.00;137.00
2015;C0749;39;49;1;1;4;20;1.2;2;10;10;9.50;123.00
2015;C0749;40;49;1;1;4;20;1.2;2;11;10;8.20;115.00
2015;C0749;38;49;1;1;4;15;1.2;1;14;14;12.50;108.00
2015;C0749;31;23;1;1;4;40;2;2;13;15;3.90;105.00
2015;C0749;37;49;1;1;4;20;1.2;2;11;11;10.50;87.00
2015;C0749;35;49;1;1;4;10;2;2;13;15;7.20;54.00
2015;C0749;36;49;1;1;4;10;2;2;10;12;10.00;46.00
2015;C0749;34;49;1;1;4;10;2;2;10;10;6.40;44.00
2015;C0749;58;49;1;1;4;15;1.2;2;12;13;8.30;38.00
2015;C0749;57;49;1;1;4;15;1.2;2;10;11;10.80;8.00
2015;C0749;56;49;1;1;4;15;1.2;2;12;12;8.70;5.00
2015;C0749;55;49;1;1;4;10;1.2;2;12;13;5.80;2.00
2015;C0749;10;49;906;906;4;;;2;14;17;14.30;317.00
2015;C0749;4;49;906;906;4;;;2;12;11;14.60;235.00
2015;C0749;18;49;906;906;4;;;3;14;15;18.00;77.00
2015;C0452;45;29;1;1;4;30;1.1;1;13;11;6.60;325.00
2015;C0452;44;29;23;23;;;;1;12;10;5.02;319.00
2015;C0452;43;29;1;1;4;10;1.1;2;18;13;11.57;149.00
2015;C0452;42;23;1;1;4;60;1.1;2;11;12;7.33;61.00
2015;C0452;24;49;906;906;4;;;1;29;32;16.50;43.00
2015;C0452;41;29;1;1;4;15;1.1;1;16;15;9.10;12.00
2015;C0452;37;49;906;906;4;;;1;20;19;16.80;121.00
2015;C0452;20;49;906;906;4;;;2;19;20;16.03;93.00
2015;C0452;18;49;906;906;4;;;1;17;18;14.47;105.00
2015;C0452;17;49;906;906;4;;;1;17;18;14.47;105.00
2015;C0452;15;49;906;906;4;;;1;19;20;13.70;131.00
2015;C0452;14;49;1;22;4;99;;1;19;20;10.45;190.00
2015;C0452;13;49;1;1;4;50;1.1;1;26;26;8.49;203.00
2015;C0452;5;49;1;1;4;30;1.1;1;31;32;11.30;50.00
2015;C0452;12;49;1;1;4;30;1.1;1;15;13;6.47;158.00
2015;C0452;11;49;1;1;4;65;1.1;1;26;24;5.48;168.00
2015;C0452;4;49;1;1;4;55;1.1;1;35;38;9.88;68.00
2015;C0452;2;49;3;23;4;;;1;16;20;0.75;270.00
2015;C0452;3;49;1;1;4;40;1.1;1;36;39;1.70;59.00
2015;C0452;47;29;23;23;;;;1;10;10;7.60;40.00
2015;C0426;1;49;906;906;;;;1;21;20;15.90;162.00
2015;C0426;3;49;906;906;;;;1;16;18;16.85;160.00
2015;C0426;5;49;1;1;4;40;1.1;3;20;21;10.90;145.00
2015;C0426;7;29;1;1;4;10;1.2;2;16;17;4.26;185.00
2015;C0426;8;49;1;1;4;20;1.1;1;14;15;4.95;125.00
2015;C0426;14;29;1;1;4;10;2;2;16;18;3.92;300.00
2015;C0426;16;29;1;1;4;15;1.2;2;19;21;10.95;24.00
2015;C0426;18;49;906;906;;;;1;17;17;17.20;4.00
2015;C0426;20;49;1;1;4;40;1.1;3;26;29;8.85;347.00
2015;C0426;21;49;1;1;4;30;1.1;3;23;25;6.13;301.00
2015;C0426;22;49;1;1;4;25;1.1;3;34;35;11.47;324.00
2015;C0426;23;29;906;906;;;;2;21;23;15.00;314.00
2015;C0426;27;29;906;906;;;;2;21;26;14.07;298.00
2015;C0426;30;29;906;906;;;;2;19;19;13.77;301.00
2015;C0426;31;29;1;1;4;15;1.2;1;19;20;2.73;190.00
2015;C0426;32;49;906;906;;;;1;16;18;16.50;144.00
2015;C0426;33;29;1;1;4;20;2;2;14;14;11.70;80.00
2015;C0426;34;29;1;1;4;15;1.2;2;13;14;6.30;94.00
2015;C0426;35;29;1;1;4;20;1.2;2;17;20;6.60;59.00
2015;C0426;36;29;1;1;4;15;2;2;17;18;3.45;60.00
2015;C0426;37;29;906;906;;;;2;15;18;14.00;24.00
2015;C0426;38;29;906;906;;;;2;16;16;15.80;19.00
2015;C0426;40;29;1;1;4;20;1.2;2;14;15;3.20;348.00
2015;C0426;41;29;906;906;;;;2;13;15;16.41;347.00
2015;C0426;42;29;906;906;;;;1;20;20;14.55;200.00
2015;C0426;43;29;1;1;4;20;1.2;2;11;11;10.30;62.00
2015;C0426;44;29;1;1;4;15;1.2;2;14;16;12.57;120.00
2015;C0426;45;23;1;1;4;25;2;1;11;11;9.44;160.00
2015;C0426;46;23;1;1;4;30;3;2;13;13;9.83;171.00
2015;C0426;47;29;1;1;4;15;1.2;1;18;20;8.70;241.00
2015;C0426;48;1;1;1;4;25;1.2;2;15;14;10.75;243.00
2015;C0426;49;36;1;1;4;40;1.1;1;14;17;12.27;244.00
2015;C0426;50;36;1;1;4;45;;1;16;16;11.44;259.00
2015;C0426;51;49;1;1;4;20;1.1;1;18;19;5.10;104.00
2015;C0398;1;48;1;1;4;40;2;3;24;23;1.41;358.00
2015;C0398;2;41;1;1;4;20;1.2;1;19;18;8.80;330.00
2015;C0398;3;40;906;906;;;;1;32;33;15.20;325.00
2015;C0398;4;48;906;906;;;;3;29;25;13.40;15.00
2015;C0398;5;29;906;906;;;;2;15;15;13.65;33.00
2015;C0398;19;48;906;906;;;;2;16;16;13.02;80.00
2015;C0398;20;48;906;906;;;;3;20;21;15.00;76.00
2015;C0398;21;48;906;906;;;;1;15;12;14.02;103.00
2015;C0398;22;48;1;1;4;20;1.2;1;14;13;12.05;102.00
2015;C0398;23;48;906;906;;;;3;24;22;16.05;124.00
2015;C0398;24;41;1;1;4;70;1.1;1;14;15;12.00;125.00
2015;C0398;25;48;1;1;4;20;1.2;3;26;26;9.04;145.00
2015;C0398;26;48;1;1;4;25;1.2;1;15;16;6.67;165.00
2015;C0398;27;48;1;1;4;85;1.2;1;18;17;12.61;170.00
2015;C0398;28;48;1;1;4;25;1.2;1;17;17;6.90;110.00
2015;C0398;29;41;1;1;4;15;1.2;3;19;19;9.07;205.00
2015;C0398;30;29;1;1;4;35;2;2;15;15;11.05;60.00
2015;C0398;32;29;1;1;4;25;2;1;14;15;6.70;10.00
2015;C0398;33;29;1;1;4;40;2;1;15;15;8.60;8.00
2015;C0398;34;41;1;1;4;15;;2;20;21;11.50;15.00
2015;C0398;35;48;1;1;4;30;1.1;2;12;13;9.95;95.00
2015;C0398;36;48;1;1;4;15;1.2;2;17;16;9.80;110.00
2015;C0398;37;41;1;1;4;20;1.2;1;18;17;6.95;155.00
2015;C0398;38;41;1;1;4;15;1.1;1;13;14;10.30;180.00
2015;C0398;39;41;1;1;4;20;1.1;1;10;11;6.70;215.00
2015;C0398;40;41;1;1;4;20;1.2;2;14;15;11.50;225.00
2015;C0398;41;41;1;1;4;20;1.1;3;17;18;12.75;230.00
2015;C0398;42;41;1;1;4;10;1.1;3;16;16;10.65;272.00
2015;C0398;43;41;1;1;4;20;1.2;3;16;16;8.43;253.00
2015;C0398;44;41;1;1;4;15;;2;13;12;10.70;284.00
2015;C0398;45;41;1;1;4;15;1.1;2;14;15;7.50;298.00
2015;C0398;46;41;1;1;4;30;1.1;3;15;15;5.80;350.00
2015;C0398;47;41;1;1;4;30;1.1;2;19;18;12.15;352.00
2015;C0399;3;48;906;906;;;;2;21;21;13.40;200.00
2015;C0399;7;49;1;1;4;50;1.1;1;22;17;5.25;308.00
2015;C0399;8;48;1;1;4;25;1.1;1;48;46;10.37;329.00
2015;C0399;9;48;1;1;4;25;1.1;1;28;24;10.03;0.00
2015;C0399;10;48;906;906;;;;2;19;17;13.50;0.00
2015;C0399;11;48;1;1;4;20;1.1;1;21;18;12.82;359.00
2015;C0399;12;48;1;1;4;30;1.1;1;23;21;11.93;16.00
2015;C0399;31;49;906;906;;;;1;22;22;14.10;250.00
2015;C0399;32;49;906;906;;;;1;17;18;17.50;225.00
2015;C0399;33;49;906;906;;;;1;15;16;15.15;358.00
2015;C0399;38;48;1;1;4;35;1.1;1;12;11;11.50;10.00
2015;C0399;39;48;1;1;4;50;1.1;1;13;14;4.36;190.00
2015;C0399;40;41;1;1;4;35;1.1;1;12;12;6.50;278.00
2015;C0399;41;41;1;1;4;35;1.1;1;11;10;9.05;275.00
2015;C0423;3;41;1;1;4;10;1.2;2;27;25;9.91;355.00
2015;C0423;5;41;1;1;4;30;1.2;1;23;23;9.12;22.00
2015;C0423;6;41;906;906;4;;;1;22;23;16.22;25.00
2015;C0423;11;34;906;906;4;;;2;31;35;14.75;110.00
2015;C0423;13;62;906;906;;;;2;36;29;13.95;197.00
2015;C0423;24;51;29;29;4;;;1;17;15;39.00;184.00
2015;C0423;46;51;1;1;4;60;1.1;1;15;16;6.90;56.00
2015;C0423;47;51;1;1;4;10;1.1;1;16;16;5.88;146.00
2015;C0423;48;41;1;1;4;20;1.2;1;18;16;10.60;156.00
2015;C0423;49;1;1;1;4;15;1.1;2;20;20;9.10;337.00
2015;C0424;5;20;1;1;4;30;1.1;3;36;36;11.85;80.00
2015;C0424;7;20;1;1;4;25;1.1;3;21;20;12.02;95.00
2015;C0424;10;20;906;906;;;;2;35;34;14.12;103.00
2015;C0424;11;20;906;906;;;;3;25;24;17.59;118.00
2015;C0424;13;20;906;906;;;;3;24;22;17.36;112.00
2015;C0424;15;20;1;1;4;30;1.1;3;30;28;4.65;107.00
2015;C0424;18;20;1;1;4;25;1.1;2;35;35;2.29;117.00
2015;C0424;20;20;1;1;4;25;1.1;3;24;24;1.84;331.00
2015;C0424;21;20;1;1;4;30;1.1;3;29;28;3.13;288.00
2015;C0424;22;20;1;1;4;35;1.1;2;22;22;4.25;288.00
2015;C0424;23;20;1;1;4;25;1.1;3;22;22;6.63;284.00
2015;C0424;24;20;1;1;4;30;1.1;3;26;28;7.29;288.00
2015;C0424;28;20;1;1;4;20;1.1;3;26;26;2.78;12.00
2015;C0424;30;20;1;1;4;30;1.1;3;28;26;4.14;1.00
2015;C0424;31;20;1;1;4;25;1.1;3;25;26;12.52;272.00
2015;C0424;32;63;1;1;4;20;1.1;1;29;26;12.50;258.00
2015;C0424;33;20;1;1;4;30;1.1;3;36;35;9.01;170.00
2015;C0424;34;20;1;1;4;25;1.1;3;30;28;8.93;182.00
2015;C0424;35;20;906;906;;;;3;31;29;17.57;151.00
2015;C0424;37;20;1;1;4;25;1.1;3;31;28;5.20;206.00
2015;C0424;38;20;1;1;4;40;1.1;2;30;29;3.90;235.00
2015;C0424;40;20;1;1;4;25;1.1;3;21;23;9.51;329.00
2015;C0424;42;20;1;1;4;25;1.1;3;26;25;9.68;326.00
2015;C0424;43;20;1;1;4;20;1.1;3;33;34;7.56;12.00
2015;C0424;44;20;906;906;;;;3;32;33;15.50;346.00
2015;C0424;45;20;906;906;;;;3;32;34;15.90;310.00
2015;C0448;23;20;906;906;;;;2;21;24;15.50;341.00
2015;C0448;24;36;1;1;4;30;1.1;1;21;20;13.00;348.00
2015;C0448;25;20;1;1;4;20;1.1;2;17;21;11.09;348.00
2015;C0448;26;41;1;1;4;25;1.2;1;29;33;11.20;359.00
2015;C0448;27;20;1;1;4;15;1.1;2;24;23;9.06;359.00
2015;C0448;28;20;1;1;4;15;1.1;2;27;26;9.35;354.00
2015;C0448;29;20;1;1;4;20;1.1;1;29;27;12.37;48.00
2015;C0448;34;41;1;1;4;25;1.2;1;18;18;0.52;350.00
2015;C0448;35;20;1;1;4;15;1.1;3;35;36;12.84;55.00
2015;C0448;37;36;1;1;4;25;1.1;1;20;21;1.95;76.00
2015;C0448;38;36;1;1;4;25;1.1;1;18;19;3.90;175.00
2015;C0448;39;20;1;1;4;20;1.1;1;16;14;8.50;30.00
2015;C0448;40;36;1;1;4;25;1.1;2;20;21;6.50;93.00
2015;C0448;42;36;1;1;4;20;1.1;1;20;19;5.04;246.00
2015;C0448;43;36;1;1;4;25;1.1;1;20;20;10.50;261.00
2015;C0448;44;36;1;1;4;25;1.1;1;17;17;10.40;287.00
2015;C0884;43;55;1;1;4;25;1.1;3;64;56;13.88;356.00
2015;C0884;27;55;1;1;4;20;1.1;2;15;15;6.67;356.00
2015;C0884;26;55;1;1;4;15;1.1;2;15;15;7.41;353.00
2015;C0884;25;55;1;1;4;15;1.1;2;11;9;10.06;324.00
2015;C0884;23;55;1;1;4;15;1.1;2;11;11;9.74;316.00
2015;C0884;22;55;1;1;4;20;1.1;2;12;13;4.85;309.00
2015;C0884;21;55;1;1;4;20;1.1;2;13;12;7.52;306.00
2015;C0884;20;55;1;1;4;15;1.1;2;12;14;7.03;306.00
2015;C0884;19;55;1;1;4;20;1.1;2;11;11;7.48;292.00
2015;C0884;18;49;1;1;4;25;1.1;2;12;12;7.38;272.00
2015;C0884;45;55;1;1;4;20;1.1;3;49;44;18.00;262.00
2015;C0884;17;55;1;1;4;25;1.1;2;13;13;5.75;258.00
2015;C0884;16;55;1;1;4;40;1.1;3;42;44;10.68;234.00
2015;C0884;15;55;1;1;4;25;1.1;2;11;12;8.51;201.00
2015;C0884;13;55;1;1;4;30;1.1;2;10;10;11.83;189.00
2015;C0884;12;55;1;1;4;20;1.1;3;52;53;8.97;170.00
2015;C0884;11;55;1;1;4;5;1.1;2;16;14;10.06;106.00
2015;C0884;10;55;1;1;4;20;1.1;2;18;18;12.29;74.00
2015;C0884;3;55;1;1;4;30;1.1;2;30;30;1.79;65.00
2015;C0884;2;55;1;1;4;25;1.1;2;29;29;2.06;48.00
2015;C0884;44;49;1;1;4;25;1.1;3;48;46;16.10;2.00
2015;C0884;46;55;1;1;4;20;1.1;2;17;16;7.25;1.00
2015;C0884;7;55;19;19;4;;;1;5;5;2.02;246.00
2015;C0884;24;55;29;29;4;;;2;10;11;10.83;315.00
2015;C0884;14;55;29;29;4;;;2;12;11;7.84;195.00
2015;C0884;6;55;29;29;4;;;1;4;4;2.78;143.00
2015;C0884;5;49;29;29;4;;;2;8;7;3.34;126.00
2015;C0884;4;55;29;29;4;;;2;6;6;3.51;113.00
2015;C0884;1;55;29;29;4;;;2;9;9;3.57;3.00
2015;C0884;36;55;906;906;4;;;2;17;17;14.50;292.00
2015;C0884;34;55;906;906;4;;;2;28;25;18.00;191.00
2015;C0723;58;46;1;1;4;10;1.1;1;27;29;13.00;358.00
2015;C0723;43;29;1;1;4;20;1.1;2;19;19;9.47;336.00
2015;C0723;42;29;1;1;4;20;1.1;2;17;15;9.48;335.00
2015;C0723;40;46;1;1;4;20;1.1;2;27;24;8.55;330.00
2015;C0723;59;23;1;1;4;20;1.1;1;18;18;13.00;310.00
2015;C0723;38;29;1;1;4;25;1.1;1;23;24;7.48;306.00
2015;C0723;37;23;1;1;4;10;1.1;1;26;25;12.00;300.00
2015;C0723;56;46;1;1;4;15;1.1;1;28;28;10.40;289.00
2015;C0723;61;29;1;1;4;20;1.1;2;25;26;3.49;280.00
2015;C0723;60;46;1;1;4;10;1.1;1;22;22;0.93;278.00
2015;C0723;35;46;1;1;4;20;1.1;1;35;27;12.10;264.00
2015;C0723;34;41;1;1;4;30;1.1;1;49;50;10.10;264.00
2015;C0723;57;1;1;1;4;20;1.1;1;24;25;13.00;232.00
2015;C0723;28;29;1;1;4;20;1.1;2;15;15;4.62;168.00
2015;C0723;3;13;1;1;4;20;1.1;2;23;22;3.79;95.00
2015;C0723;23;29;1;1;4;20;1.1;2;15;15;9.20;84.00
2015;C0723;22;29;1;1;4;20;1.1;2;19;16;9.18;81.00
2015;C0723;19;29;1;1;4;40;1.1;1;23;26;12.00;40.00
2015;C0723;63;3;1;1;4;20;1.1;2;22;23;10.40;40.00
2015;C0723;64;3;1;1;4;25;1.1;2;16;16;11.10;39.00
2015;C0723;13;41;1;1;4;20;1.1;2;15;15;7.41;15.00
2015;C0723;12;1;1;1;4;20;1.1;2;23;23;6.94;12.00
2015;C0723;62;29;1;1;4;20;1.1;2;22;22;6.90;11.00
2015;C0723;45;29;1;1;4;25;1.1;2;23;23;7.60;10.00
2015;C0723;41;46;29;29;4;;;2;14;13;8.89;332.00
2015;C0723;39;3;29;29;4;;;2;19;18;8.92;327.00
2015;C0723;33;41;29;29;4;;;1;13;13;9.90;209.00
2015;C0723;32;41;29;29;4;;;1;17;18;9.73;189.00
2015;C0723;31;29;29;29;4;;;1;17;18;12.20;158.00
2015;C0723;2;29;29;29;4;;;2;13;14;2.97;88.00
2015;C0723;24;29;29;29;4;;;2;10;10;9.55;83.00
2015;C0723;1;46;29;29;4;;;2;10;10;3.19;79.00
2015;C0723;16;29;29;29;4;;;2;16;15;11.00;40.00
2015;C0723;14;41;29;29;4;;;1;15;17;7.44;30.00
2015;C0723;10;1;29;29;4;;;2;14;13;6.49;14.00
2015;C0723;46;46;906;906;4;;;1;27;29;13.10;358.00
2015;C0723;48;46;906;906;4;;;1;22;22;18.00;316.00
2015;C0723;47;23;906;906;4;;;1;18;18;13.50;310.00
2015;C0723;44;1;906;906;4;;;1;24;25;13.30;232.00
2015;C0723;49;1;906;906;4;;;1;25;29;14.00;209.00
2015;C0741;14;41;1;1;4;10;1.2;3;18;18;4.83;354.00
2015;C0741;1;41;1;1;4;15;2;3;14;14;0.70;346.00
2015;C0741;12;49;1;1;4;15;1.2;3;15;15;11.58;332.00
2015;C0741;13;41;1;1;4;15;2;3;16;16;9.67;332.00
2015;C0741;11;41;1;1;4;15;1.2;3;17;17;11.39;312.00
2015;C0741;7;41;1;1;4;20;1.2;3;27;26;5.68;311.00
2015;C0741;8;41;1;1;4;15;2;3;24;22;8.29;308.00
2015;C0741;10;41;1;1;4;15;1.2;3;13;14;11.59;303.00
2015;C0741;9;41;1;1;4;10;1.2;3;23;22;8.05;293.00
2015;C0741;47;41;1;1;4;20;1.2;3;21;20;5.06;272.00
2015;C0741;6;41;1;1;4;10;1.2;3;21;20;3.81;270.00
2015;C0741;49;41;1;1;4;10;1.2;3;15;16;10.10;262.00
2015;C0741;52;41;1;1;4;15;1.2;3;18;18;12.54;261.00
2015;C0741;48;41;1;1;4;15;1.2;3;15;15;7.45;260.00
2015;C0741;51;41;1;1;4;15;1.2;3;20;20;11.92;256.00
2015;C0741;50;41;1;1;4;10;1.2;3;19;21;10.82;250.00
2015;C0741;46;41;1;1;4;15;1.2;3;11;11;5.65;237.00
2015;C0741;44;41;1;1;4;15;1.2;3;13;14;9.96;219.00
2015;C0741;45;41;1;1;4;15;1.2;3;20;20;5.50;217.00
2015;C0741;43;41;1;1;4;15;1.2;3;19;18;10.76;211.00
2015;C0741;42;41;1;1;4;20;1.2;3;15;14;9.76;205.00
2015;C0741;41;41;1;1;4;15;1.2;3;14;14;12.88;197.00
2015;C0741;5;41;1;1;4;15;2;3;16;15;1.56;196.00
2015;C0741;40;41;1;1;4;15;1.2;3;13;14;11.94;185.00
2015;C0741;39;41;1;1;4;15;1.2;3;19;18;9.88;170.00
2015;C0741;38;41;1;1;4;20;1.2;1;17;18;7.93;167.00
2015;C0741;37;49;1;1;4;15;1.2;3;13;12;12.47;165.00
2015;C0741;36;41;1;1;4;20;1.2;3;11;11;12.93;155.00
2015;C0741;35;41;1;1;4;15;1.2;3;15;15;11.31;155.00
2015;C0741;33;41;1;1;4;10;1.2;3;16;17;7.98;146.00
2015;C0741;34;41;1;1;4;15;1.2;3;14;14;8.85;140.00
2015;C0741;32;41;1;1;4;15;1.2;3;20;20;6.71;140.00
2015;C0741;31;41;1;1;4;20;1.2;3;16;16;6.93;125.00
2015;C0741;26;41;1;1;4;15;1.2;3;13;13;4.54;105.00
2015;C0741;28;41;1;1;4;20;1.2;1;16;17;11.76;103.00
2015;C0741;25;41;1;1;4;15;1.2;3;14;15;6.37;97.00
2015;C0741;30;41;1;1;4;15;1.2;3;13;14;11.85;84.00
2015;C0741;22;41;1;1;4;15;1.2;1;14;15;6.51;78.00
2015;C0741;3;41;1;1;4;15;2;3;13;13;2.41;73.00
2015;C0741;29;41;1;1;4;15;1.2;3;15;15;10.42;71.00
2015;C0741;21;41;1;1;4;10;1.2;1;16;16;5.96;50.00
2015;C0741;20;41;1;1;4;15;1.2;3;18;18;8.16;38.00
2015;C0741;17;41;1;1;4;10;1.2;3;25;25;11.73;30.00
2015;C0741;19;41;1;1;4;10;1.2;3;18;19;6.97;29.00
2015;C0741;18;41;1;1;4;15;1.2;3;17;17;4.47;22.00
2015;C0741;16;41;1;1;4;15;2;3;18;18;11.32;8.00
2015;C0741;15;41;1;1;4;15;2;3;23;22;8.36;4.00
2015;C0741;2;41;29;29;4;;;3;12;12;3.12;317.00
2015;C0741;56;41;906;906;4;;;3;25;25;13.40;281.00
2015;C0741;55;3;906;906;4;;;3;27;27;16.20;243.00
2015;C0741;54;41;906;906;4;;;3;25;27;14.40;233.00
2015;C0741;59;41;906;906;4;;;3;15;15;13.40;73.00
2015;C0741;58;41;906;906;4;;;3;17;17;16.72;63.00
2015;C0741;57;41;906;906;4;;;3;17;18;15.71;57.00
2015;C0742;10;46;1;1;4;10;2;2;19;18;12.15;355.00
2015;C0742;9;46;1;1;4;15;3;2;18;19;8.50;350.00
2015;C0742;7;46;1;1;4;15;3;2;34;34;5.35;344.00
2015;C0742;17;46;1;1;4;15;2;2;24;19;12.78;340.00
2015;C0742;16;46;1;1;4;15;3;2;28;29;11.26;303.00
2015;C0742;15;46;1;1;4;15;3;2;27;25;7.69;298.00
2015;C0742;33;46;1;1;4;15;2;2;17;19;9.82;283.00
2015;C0742;13;46;1;1;4;15;2;2;31;29;10.41;282.00
2015;C0742;6;46;1;1;4;15;2;2;32;33;3.50;217.00
2015;C0742;32;46;1;1;4;15;2;2;26;33;2.70;210.00
2015;C0742;12;46;1;1;4;10;2;2;28;29;4.20;177.00
2015;C0742;4;46;1;1;4;15;2;2;25;24;3.49;68.00
2015;C0742;11;46;1;1;4;15;2;2;25;24;5.77;55.00
2015;C0742;8;46;1;1;4;15;2;2;29;32;6.44;22.00
2015;C0742;31;46;1;1;4;10;3;2;16;16;3.75;3.00
2015;C0742;30;46;1;1;4;15;3;2;24;20;3.75;2.00
2015;C0742;1;46;1;1;4;15;2;2;18;19;3.75;0.00
2015;C0742;21;46;1;1;4;15;2;2;24;24;13.40;272.00
2015;C0742;14;46;29;29;4;;;2;16;18;9.82;283.00
2015;C0742;5;46;29;29;4;;;2;25;30;2.71;210.00
2015;C0742;3;46;29;29;4;;;2;15;14;3.75;3.00
2015;C0742;2;46;29;29;4;;;2;23;19;3.75;2.00
2015;C0742;20;46;906;906;4;;;2;18;18;15.40;140.00
2015;C0742;19;46;906;906;4;;;2;21;19;15.50;130.00
2015;C0742;18;46;906;906;4;;;2;25;25;13.50;105.00
2015;C0742;29;46;906;906;4;;;2;16;16;15.10;22.00
2015;C2042;37;20;1;1;4;20;1.1;2;16;16;8.77;309.00
2015;C2040;4;20;1;1;4;15;1.1;1;28;26;8.72;320.00
2015;C2040;6;20;1;1;4;30;1.1;1;35;30;11.29;331.00
2015;C2040;5;20;1;1;4;25;1.1;1;35;34;10.10;339.00
2015;C2040;8;20;1;1;4;25;1.1;1;36;34;8.16;350.00
2015;C1009;23;6;1;1;4;15;1.2;2;25;23;7.16;294.00
2015;C1009;21;6;1;1;4;10;1.2;1;34;33;9.19;295.00
2015;C1009;5;6;1;1;4;20;1.2;1;30;27;4.10;310.00
2015;C1009;15;6;1;1;4;15;1.2;1;45;39;11.06;325.00
2015;C1009;20;6;1;1;4;10;1.2;1;59;52;17.49;325.00
2015;C1009;6;6;1;1;4;10;1.2;1;30;28;7.84;327.00
2015;C1009;7;6;1;1;4;10;1.2;1;33;28;6.82;350.00
2015;C1009;8;6;1;1;4;15;;1;26;23;8.13;350.00
2015;C2039;32;129;1;1;4;15;2;1;21;20;6.39;61.00
2015;C2039;38;129;1;1;4;10;1.2;1;10;10;8.88;80.00
2015;C2039;8;129;1;1;4;10;1.2;1;35;31;10.48;99.00
2015;C2039;37;49;1;1;4;15;1.1;1;10;8;7.99;117.00
2015;C2039;36;49;1;1;4;30;1.1;1;19;17;8.77;124.00
2015;C2039;34;49;1;1;4;15;1.1;1;12;12;8.48;135.00
2015;C2039;35;129;1;1;4;10;1.2;1;14;14;10.22;139.00
2015;C2039;33;49;1;1;4;15;1.1;2;12;12;3.55;143.00
2015;C2039;18;129;1;1;4;5;2;1;31;30;9.39;163.00
2015;C2039;19;129;1;1;4;20;2;1;20;20;4.97;197.00
2015;C2039;50;129;1;1;4;10;2;1;19;19;11.22;207.00
2015;C2039;49;49;1;1;4;35;1.1;1;13;13;8.93;218.00
2015;C2039;1;129;1;1;4;10;2;1;35;33;2.85;223.00
2015;C2039;48;49;1;1;4;20;1.1;1;10;9;10.36;235.00
2015;C2039;51;49;1;1;4;30;1.1;1;10;10;11.55;265.00
2015;C2039;47;129;1;1;4;10;2;1;20;19;9.80;285.00
2015;C2039;46;49;1;1;4;25;1.1;2;14;15;8.55;301.00
2015;C2039;45;129;1;1;4;15;2;1;15;15;5.72;324.00
2015;C2039;2;49;1;1;4;25;1.1;1;14;16;7.50;330.00
2015;C2039;42;49;1;1;4;10;1.1;1;15;15;11.72;345.00
2015;C2039;6;49;1;1;4;25;1.1;1;21;22;8.80;348.00
2015;C2039;43;129;1;1;4;10;2;1;17;17;5.76;358.00
2015;C0664;28;49;906;906;4;;;2;19;20;13.55;212.00
2015;C0664;29;49;906;906;4;;;1;18;20;15.67;242.00
2015;C0664;34;49;906;906;4;;;1;15;17;15.83;290.00
2015;C0664;33;49;906;906;4;;;1;15;16;17.00;296.00
2015;C0664;14;49;906;906;4;;;2;21;24;17.28;304.00
2015;C2042;22;20;1;1;4;40;1.1;2;24;24;13.00;340.00
2015;C2040;33;20;1;1;4;20;1.1;1;37;34;9.00;283.00
2015;C0664;13;49;906;906;4;;;2;14;24;14.11;310.00
2015;C0664;12;49;906;906;4;;;1;19;21;14.95;355.00
2015;C0664;9;49;1;1;4;15;1.1;1;19;17;6.71;12.00
2015;C0664;39;49;1;1;4;20;1.1;1;12;13;11.16;30.00
2015;C0664;3;49;1;1;4;25;1.1;1;16;17;1.57;34.00
2015;C0664;10;49;1;1;4;25;1.1;1;20;20;11.46;34.00
2015;C0664;36;63;1;1;4;5;1.1;1;23;23;10.72;41.00
2015;C0664;40;49;1;1;4;25;1.1;1;15;15;11.95;42.00
2015;C0664;41;49;1;1;4;20;1.1;1;13;12;11.88;57.00
2015;C0664;4;49;1;1;4;25;1.1;1;15;17;2.69;58.00
2015;C0664;42;49;1;1;4;25;1.1;2;15;17;9.92;59.00
2015;C0664;45;49;1;1;4;25;1.1;1;14;15;4.76;72.00
2015;C0664;43;49;1;1;4;15;1.1;1;13;14;12.37;73.00
2015;C0664;1;49;1;1;4;20;1.1;2;18;19;1.07;80.00
2015;C0664;44;49;1;1;4;25;1.1;2;20;22;12.82;91.00
2015;C0664;5;49;1;1;4;30;1.1;2;21;21;5.62;117.00
2015;C0664;46;49;1;1;4;20;1.1;1;13;13;12.65;150.00
2015;C0664;47;49;1;1;4;35;1.1;1;19;21;12.64;175.00
2015;C0664;27;49;1;1;4;15;1.1;2;23;22;12.60;205.00
2015;C0664;26;49;1;1;4;20;1.1;1;18;20;8.05;211.00
2015;C0664;49;49;1;1;4;15;1.1;2;19;20;7.66;224.00
2015;C0664;35;49;1;1;4;20;1.1;1;14;13;11.35;232.00
2015;C0664;23;49;1;1;4;30;1.1;1;18;19;6.52;233.00
2015;C0664;7;49;1;1;4;20;1.1;1;13;14;2.67;271.00
2015;C0664;21;49;1;1;4;30;1.1;2;20;20;4.75;272.00
2015;C0664;48;23;1;1;4;15;3;1;14;15;9.72;277.00
2015;C0664;20;49;1;1;4;30;1.1;3;26;25;6.32;289.00
2015;C0664;31;49;1;1;4;20;1.1;1;21;24;1.57;292.00
2015;C0664;18;49;1;1;4;15;1.1;1;18;19;11.74;304.00
2015;C2070;27;20;1;1;4;30;1.1;1;35;36;9.60;335.00
2015;C2070;9;20;1;1;4;20;1.1;1;31;34;4.22;324.00
2015;C2070;8;20;1;1;4;15;1.1;1;34;35;4.87;297.00
2015;C2070;25;20;1;1;4;10;1.1;1;28;33;11.90;292.00
2015;C2070;7;20;1;1;4;10;1.1;1;34;35;4.85;287.00
2015;C2070;24;20;1;1;4;10;1.1;1;25;27;10.22;278.00
2015;C2070;23;20;1;1;4;10;1.1;2;22;21;9.66;266.00
2015;C2070;22;20;1;1;4;25;1.1;1;35;32;9.53;257.00
2015;C2070;21;20;1;1;4;10;1.1;1;29;26;7.55;251.00
2015;C2070;20;20;1;1;4;20;1.1;1;28;29;9.92;247.00
2015;C2070;6;20;1;1;4;15;1.1;1;30;32;5.74;229.00
2015;C2070;19;20;1;1;4;15;1.1;1;39;46;12.31;226.00
2015;C2070;5;20;1;1;4;10;1.1;1;28;29;3.10;221.00
2015;C2070;18;20;1;1;4;10;1.1;1;52;57;9.02;197.00
2015;C2070;17;20;1;1;4;25;1.1;1;34;36;10.76;179.00
2015;C2070;16;20;1;1;4;15;1.1;1;30;32;8.50;168.00
2015;C2070;36;20;1;1;4;10;1.1;1;37;38;10.73;161.00
2015;C2070;4;20;1;1;4;25;1.1;1;24;27;5.05;160.00
2015;C2070;15;20;1;1;4;10;1.1;1;31;33;8.08;146.00
2015;C2070;34;20;1;1;4;10;1.1;1;48;43;14.55;117.00
2015;C2070;14;20;1;1;4;30;1.1;1;29;28;7.65;107.00
2015;C2070;35;20;1;1;4;15;1.1;1;31;34;11.14;102.00
2015;C2070;13;20;1;1;4;10;1.1;2;26;29;6.40;97.00
2015;C2070;2;20;1;1;4;20;1.1;2;26;28;2.71;87.00
2015;C2070;33;20;1;1;4;20;1.1;1;28;29;10.89;77.00
2015;C2070;12;20;1;1;4;15;1.1;2;29;29;6.81;57.00
2015;C2070;32;20;1;1;4;25;1.1;2;28;29;12.30;39.00
2015;C2070;30;20;1;1;4;30;1.1;1;40;38;9.93;25.00
2015;C2070;11;20;1;1;4;15;1.1;2;23;24;4.01;9.00
2015;C2070;29;20;1;1;4;25;1.1;1;31;34;10.47;8.00
2015;C2070;10;20;1;23;4;;;1;24;25;5.55;8.00
2015;C2070;1;20;1;1;4;15;1.1;1;37;37;1.68;7.00
2015;C2070;31;20;1;1;4;20;1.1;2;25;24;11.74;2.65
2015;C2070;28;20;23;23;4;;;1;23;22;9.31;356.00
2015;C2070;3;20;23;23;4;;;1;23;23;3.47;138.00
2015;C2070;26;20;906;906;4;;;1;34;36;14.20;305.00
2015;C0634;81;13;1;1;4;20;1.1;2;10;10;12.21;350.00
2015;C0634;80;29;1;1;4;10;1.2;1;10;11;10.62;341.00
2015;C0634;79;23;1;1;4;30;2;2;14;15;6.79;341.00
2015;C0634;75;36;1;1;4;15;1.2;1;17;17;5.03;314.00
2015;C0634;74;36;1;1;4;15;1.2;1;20;20;4.34;304.00
2015;C0634;77;36;1;1;4;10;1.2;1;12;14;9.45;300.00
2015;C0634;78;36;1;1;4;10;1.2;1;14;14;11.03;295.00
2015;C0634;76;23;1;1;4;30;3;1;10;11;7.11;293.00
2015;C0634;73;15;1;1;4;30;2;3;15;15;6.35;285.00
2015;C0634;72;23;1;1;4;40;1.1;1;15;16;8.00;281.00
2015;C0634;71;23;1;1;4;35;1.1;1;15;17;8.61;263.00
2015;C0634;70;23;1;1;4;30;1.2;1;20;21;12.16;243.00
2015;C0634;7;15;1;1;4;80;1.1;3;25;25;5.15;242.00
2015;C0634;68;15;1;1;4;30;1.1;2;11;10;7.88;185.00
2015;C0634;69;15;1;1;4;99;1.1;2;12;11;11.26;181.00
2015;C0634;25;15;1;1;4;45;1.1;1;32;32;7.38;175.00
2015;C0634;10;15;1;1;4;60;2;3;30;31;5.05;150.00
2015;C0634;16;15;1;1;4;50;2;1;30;30;9.50;147.00
2015;C0634;67;15;1;1;4;40;1.2;3;18;19;7.94;113.00
2015;C0634;66;23;1;1;4;20;1.2;1;11;11;8.12;112.00
2015;C0634;65;29;1;1;4;10;2;3;13;12;9.55;31.00
2015;C0634;64;29;1;1;4;10;2;3;14;16;8.28;27.00
2015;C0634;63;23;1;1;4;20;1.2;1;13;14;3.36;23.00
2015;C0634;40;20;906;906;4;;;1;23;22;13.30;209.00
2015;C0634;82;15;2;2;4;15;1.1;2;11;11;10.70;170.00
2015;C0634;83;29;2;2;4;10;2;2;10;10;9.80;19.00
2015;C0634;84;29;2;2;4;10;2;2;10;10;10.18;28.00
2015;C0634;85;36;2;2;4;10;2;1;10;10;2.37;145.00
2015;C0634;86;36;2;2;4;10;2;1;10;10;3.84;190.00
2015;C2042;38;29;1;1;4;15;1.2;2;10;10;3.99;305.00
2015;C2042;41;20;1;1;4;10;1.1;2;13;11;11.80;286.00
2015;C2042;39;29;1;1;4;15;1.2;2;12;12;6.28;286.00
2015;C2042;40;20;1;23;4;;;2;22;22;10.89;282.00
2015;C2042;42;29;1;1;4;10;1.2;2;10;11;10.38;223.00
2015;C2042;43;49;1;1;4;5;1.2;1;11;11;4.81;216.00
2015;C2042;19;20;1;1;4;20;1.1;2;19;18;12.00;200.00
2015;C2042;45;111;1;1;4;20;1.1;1;13;12;7.29;149.00
2015;C2042;44;23;1;1;4;70;1.1;2;11;13;9.71;134.00
2015;C2042;2;20;1;1;4;30;1.1;3;42;36;5.40;110.00
2015;C2042;3;20;1;1;4;20;1.1;2;23;22;6.50;100.00
2015;C2042;1;20;1;1;4;15;1.1;2;16;17;4.35;100.00
2015;C2042;4;20;1;1;4;20;1.1;2;55;49;9.38;70.00
2015;C2042;34;29;1;1;4;10;1.1;1;10;11;5.10;55.00
2015;C2042;24;20;1;1;4;20;1.1;2;16;16;10.88;10.00
2015;C2042;35;29;1;18;4;;;1;12;12;8.45;10.00
2015;C2042;36;20;1;18;4;;;1;12;12;8.15;10.00
2015;C2042;20;20;19;19;4;;;2;20;20;12.00;300.00
2015;C2042;32;20;19;19;4;;;2;21;21;11.00;80.00
2015;C2042;33;20;23;23;4;;;2;15;15;4.80;98.00
2015;C2042;31;20;906;906;4;;;2;26;25;14.30;290.00
2015;C2042;30;20;906;906;4;;;2;20;24;14.40;260.00
2015;C2042;13;20;906;906;4;;;1;17;17;18.00;140.00
2015;C2042;11;20;906;906;4;;;2;24;27;16.50;140.00
2015;C2042;10;20;906;906;4;;;2;17;16;16.50;140.00
2015;C2042;9;20;906;906;4;;;2;29;29;16.50;120.00
2015;C2042;7;20;906;906;4;;;1;22;27;15.30;110.00
2015;C2042;8;20;906;906;4;;;3;29;26;14.60;109.00
2015;C2042;5;20;906;906;4;;;1;23;21;13.30;90.00
2015;C2042;6;20;906;906;4;;;3;40;36;13.30;90.00
2015;C2042;46;23;2;2;4;20;1.2;1;11;12;11.00;10.00
2015;C0664;19;49;1;1;4;20;1.1;1;16;16;10.37;325.00
2015;C0664;38;49;1;1;4;20;1.1;2;13;14;11.65;330.00
2015;C2040;34;20;1;1;4;25;1.1;1;22;20;10.00;265.00
2015;C2040;32;20;1;1;4;15;1.1;1;26;26;10.00;265.00
2015;C2040;31;20;1;1;4;15;1.1;1;31;30;12.40;254.00
2015;C2040;1;20;1;1;4;15;1.1;1;60;40;7.56;216.00
2015;C2040;15;20;1;1;4;5;1.1;1;50;42;10.40;200.00
2015;C2040;27;20;1;1;4;20;1.1;1;36;34;7.00;160.00
2015;C2040;22;20;1;1;4;20;1.1;1;28;25;13.00;150.00
2015;C2040;26;20;1;1;4;15;1.1;1;29;28;11.00;150.00
2015;C2040;24;20;1;1;4;15;1.1;1;48;42;8.30;140.00
2015;C2040;20;20;1;1;4;20;1.1;1;28;28;13.00;135.00
2015;C2040;14;20;1;1;4;15;1.1;1;30;27;7.03;105.00
2015;C2040;17;20;1;1;4;10;1.1;1;19;17;8.60;89.00
2015;C2040;18;20;1;1;4;15;1.1;1;24;23;11.20;88.00
2015;C2040;11;20;1;1;4;25;1.1;1;36;35;7.02;69.00
2015;C2040;29;20;1;1;4;25;1.1;1;45;41;10.80;40.00
2015;C2040;28;20;1;1;4;25;1.1;1;24;23;7.50;20.00
2015;C2040;10;20;1;1;4;35;1.1;1;36;33;3.66;0.00
2015;C2040;13;20;3;3;4;;;1;20;20;4.98;93.00
2015;C2040;38;20;19;19;4;;;1;10;10;10.00;339.00
2015;C2040;2;20;23;23;4;;;1;14;14;4.70;281.00
2015;C2040;25;20;23;23;4;;;1;16;15;8.00;158.00
2015;C2040;23;20;23;23;4;;;1;17;16;12.00;150.00
2015;C2040;39;5;29;29;4;;;1;20;20;4.98;93.00
2015;C2040;35;20;906;906;4;;;1;32;30;16.00;210.00
2015;C2040;37;20;906;906;4;;;1;33;30;15.00;181.00
2015;C2040;21;20;906;906;4;;;1;36;35;14.70;132.00
2015;C2040;40;20;2;2;4;25;1.1;1;26;26;10.41;308.00
2015;C0664;8;49;1;1;4;15;1.1;1;15;15;4.14;331.00
2015;C0664;32;49;1;1;4;30;1.1;1;15;16;4.47;338.00
2015;C0664;11;49;1;1;4;15;1.1;1;16;18;12.32;351.00
2015;C0664;37;29;1;1;4;10;1.1;2;10;11;8.05;358.00
2015;C1009;22;6;1;1;4;10;1.2;1;31;30;11.18;280.00
2015;C1009;4;6;1;1;4;15;1.2;1;26;25;2.18;278.00
2015;C1009;26;6;1;1;4;10;1.2;1;43;38;13.35;248.00
2015;C1009;2;6;1;1;4;10;1.2;1;27;27;4.75;189.00
2015;C1009;37;6;1;1;4;15;1.2;1;45;44;15.88;165.00
2015;C1009;1;6;1;1;4;10;1.2;1;30;32;3.67;165.00
2015;C1009;34;6;1;1;4;15;1.2;1;43;41;10.11;150.00
2015;C1009;33;6;1;1;4;10;1.2;1;41;40;11.02;120.00
2015;C1009;38;6;1;1;4;10;1.2;1;43;37;16.85;105.00
2015;C1009;35;6;1;1;4;15;1.2;1;43;36;12.44;98.00
2015;C1009;36;6;1;1;4;15;1.2;2;31;27;11.07;93.00
2015;C1009;39;6;1;1;4;20;1.2;1;42;37;16.95;80.00
2015;C1009;31;6;1;1;4;15;1.2;1;34;31;5.93;67.00
2015;C1009;27;6;1;1;4;15;1.2;1;26;25;10.04;65.00
2015;C1009;3;6;1;1;4;10;1.2;1;32;32;0.60;65.00
2015;C1009;12;6;1;1;4;15;1.2;1;36;33;9.97;38.00
2015;C1009;32;6;1;1;4;10;1.2;1;38;39;12.65;34.00
2015;C1009;11;6;1;1;4;10;1.2;1;30;32;9.38;34.00
2015;C1009;10;6;1;1;4;10;1.2;1;34;31;6.88;30.00
2015;C1009;13;6;1;1;4;15;1.2;1;50;45;11.43;28.00
2015;C1009;9;6;1;1;4;15;1.2;1;39;42;9.23;3.00
2015;C1009;40;6;1;1;4;10;1.2;1;29;29;10.44;240.00
2015;C1009;41;6;1;1;4;10;1.2;1;40;40;8.31;238.00
2015;C1009;16;6;906;906;4;;;1;27;25;13.84;348.00
2015;C1009;25;6;906;906;4;;;1;37;35;13.29;128.00
2015;C1009;29;6;906;906;4;;;1;31;30;16.78;55.00
2015;C0803;50;29;1;1;4;85;1.1;2;13;14;12.00;328.00
2015;C0803;49;29;1;1;4;35;1.1;2;11;12;7.00;325.00
2015;C0803;48;29;1;1;4;15;1.1;2;12;13;11.85;305.00
2015;C0803;12;23;1;1;4;25;2;2;17;16;9.80;170.00
2015;C0803;46;3;1;1;4;35;1.1;1;15;15;6.60;130.00
2015;C0803;2;29;1;1;4;85;1.1;2;17;17;4.08;130.00
2015;C0803;13;29;1;1;4;35;1.1;2;18;17;8.03;125.00
2015;C0803;51;29;1;1;4;15;1.2;2;13;13;6.90;57.00
2015;C0803;47;23;29;29;4;;;2;12;12;6.90;57.00
2015;C0803;19;1;906;906;4;;;2;20;20;16.60;352.00
2015;C0803;27;29;906;906;4;;;2;15;14;15.58;176.00
2015;C0803;6;29;906;906;4;;;2;14;14;14.08;168.00
2015;C0803;5;29;906;906;4;;;2;16;16;15.30;78.00
2015;C0803;31;49;906;906;4;;;3;18;20;14.02;76.00
2015;C0803;33;29;906;906;4;;;2;13;14;15.68;58.00
2015;C0803;10;1;906;906;4;;;3;23;22;16.52;47.00
2015;C0803;35;23;906;906;4;;;2;15;13;17.80;36.00
2015;C0803;8;29;906;906;4;;;2;18;16;13.39;10.00
2015;C0803;32;29;906;906;4;;;2;16;16;14.58;5.00
2015;C0871;6;15;1;1;4;25;1.2;3;24;20;6.70;280.00
2015;C0871;5;15;1;1;4;35;1.2;3;21;20;4.40;218.00
2015;C0871;4;15;1;1;4;45;1.2;3;19;18;10.80;153.00
2015;C0872;19;133;1;1;4;10;2;1;51;50;8.35;348.00
2015;C0872;18;133;1;1;4;15;1.2;1;51;52;12.30;340.00
2015;C0872;15;133;1;1;4;10;1.2;1;40;41;12.00;320.00
2015;C0872;13;133;1;1;4;5;2;1;61;62;9.40;295.00
2015;C0872;12;133;1;1;4;10;1.2;1;47;47;15.25;291.00
2015;C0872;9;133;1;1;4;10;1.2;1;41;39;6.40;276.00
2015;C0872;8;133;1;1;4;20;1.2;1;32;31;9.78;264.00
2015;C0872;7;133;1;1;4;15;1.2;1;50;50;13.40;256.00
2015;C0872;33;133;1;1;4;15;1.2;1;42;44;17.30;252.00
2015;C0872;6;133;1;1;4;15;2;1;49;48;12.50;240.00
2015;C0872;5;133;1;1;4;10;2;1;30;31;8.56;240.00
2015;C0872;4;133;1;1;4;15;1.2;1;38;36;4.63;240.00
2015;C0872;2;133;1;1;4;10;1.2;1;49;45;5.95;200.00
2015;C0872;3;133;1;1;4;10;2;1;36;38;11.10;195.00
2015;C0872;31;133;1;1;4;10;2;1;50;51;14.00;181.00
2015;C0872;1;133;1;1;4;15;2;1;41;39;4.00;160.00
2015;C0872;36;133;1;1;4;15;1.2;1;41;42;16.40;159.00
2015;C0872;30;133;1;1;4;10;2;1;50;51;8.05;146.00
2015;C0872;35;133;1;1;4;10;1.2;1;40;41;16.08;143.00
2015;C0872;40;133;1;1;4;40;1.2;1;47;48;16.40;136.00
2015;C0872;34;133;1;1;4;25;2;1;42;42;12.75;127.00
2015;C0872;28;133;1;1;4;25;1.2;1;27;26;9.15;120.00
2015;C0872;27;133;1;1;4;10;1.2;1;35;36;11.40;102.00
2015;C0872;29;133;1;1;4;15;1.2;1;39;40;5.45;102.00
2015;C0872;39;133;1;1;4;35;1.2;1;41;41;14.70;99.00
2015;C0872;38;133;1;1;4;15;3;1;55;53;17.98;88.00
2015;C0872;26;133;1;1;4;10;2;1;40;39;8.72;82.00
2015;C0872;25;133;1;1;4;15;1.2;1;39;38;12.45;77.00
2015;C0872;24;133;1;1;4;15;1.2;1;41;46;11.45;57.00
2015;C0872;23;133;1;1;4;15;1.2;1;39;40;7.35;57.00
2015;C0872;37;133;1;1;4;35;2;1;56;60;15.50;45.00
2015;C0872;22;133;1;1;4;15;2;1;40;44;11.75;38.00
2015;C0872;17;133;906;906;4;;;1;38;37;16.05;335.00
2015;C0872;14;133;906;906;4;;;1;30;31;13.15;304.00
2015;C0872;11;133;906;906;4;;;1;38;38;15.30;271.00
2015;C0872;32;133;906;906;4;;;1;35;35;14.43;205.00
2015;C0900;6;29;1;1;4;15;2;1;24;28;4.63;317.00
2015;C0900;10;5;1;1;4;10;1.1;1;22;24;7.10;307.00
2015;C0900;12;20;1;1;4;15;1.1;1;45;46;7.42;278.00
2015;C0900;21;20;1;1;4;10;1.1;1;22;20;10.09;240.00
2015;C0900;7;20;1;1;4;10;1.1;1;42;41;7.36;229.00
2015;C0900;39;20;1;1;4;10;1.1;1;46;44;16.51;198.00
2015;C0900;38;20;1;1;4;10;1.1;1;39;42;17.86;185.00
2015;C0900;32;29;1;1;4;10;1.1;1;14;15;4.17;184.00
2015;C0900;4;23;1;1;4;5;1.1;1;16;17;5.00;169.00
2015;C0900;37;20;1;1;4;20;1.1;1;40;42;16.41;155.00
2015;C0900;14;20;1;1;4;10;1.1;1;35;33;10.02;144.00
2015;C0900;19;20;1;1;4;10;1.1;1;38;42;10.03;126.00
2015;C0900;9;20;1;1;4;15;1.1;1;37;35;7.55;124.00
2015;C0900;30;20;1;1;4;15;1.1;1;38;42;12.55;119.00
2015;C0900;29;29;1;1;4;15;1.1;1;37;40;12.27;116.00
2015;C0900;3;20;1;1;4;15;1.1;1;37;39;4.90;89.00
2015;C0900;36;20;1;1;4;20;1.1;1;33;36;11.80;88.00
2015;C0900;28;20;1;1;4;15;1.1;1;24;25;10.60;70.00
2015;C0900;15;20;1;1;4;15;1.1;1;31;35;9.44;68.00
2015;C0900;1;5;1;1;4;5;1.2;1;20;19;2.35;68.00
2015;C0900;31;23;1;1;4;10;1.1;1;14;15;0.90;68.00
2015;C0900;11;20;1;1;4;25;1.1;1;31;33;7.70;52.00
2015;C0900;24;20;1;1;4;35;1.1;1;20;22;10.87;44.00
2015;C0900;33;20;1;1;4;30;1.1;1;25;26;10.00;38.00
2015;C0900;18;20;1;1;4;20;1.1;1;17;17;8.60;30.00
2015;C0900;2;29;1;1;4;5;1.1;1;20;20;3.00;25.00
2015;C0900;34;20;1;1;4;30;1.1;1;30;31;12.24;20.00
2015;C0900;26;29;1;1;4;15;1.1;1;15;16;9.94;7.00
2015;C0900;8;5;1;1;4;15;1.1;1;53;55;7.94;5.00
2015;C0900;35;20;906;906;4;;;1;35;34;14.06;11.00
2015;C2046;1;41;1;1;4;15;1.1;1;31;31;1.08;225.00
2015;C2046;36;41;1;1;4;20;1.1;1;42;42;13.50;207.00
2015;C2046;35;41;1;1;4;15;1.1;1;37;39;3.80;203.00
2015;C2046;31;29;1;1;4;15;1.2;1;18;19;9.70;123.00
2015;C2046;7;3;1;1;4;5;1.1;1;24;23;7.21;103.00
2015;C2046;3;41;1;1;4;15;1.2;1;33;35;5.37;62.00
2015;C2046;5;41;1;1;4;10;1.1;1;29;28;12.28;61.00
2015;C2046;33;41;1;1;4;20;1.2;1;32;30;5.80;60.00
2015;C2046;2;41;1;1;4;10;1.1;1;30;33;2.26;60.00
2015;C2046;34;41;1;29;4;;;1;32;29;7.50;56.00
2015;C2046;4;41;1;1;4;10;1.2;1;32;30;7.30;50.00
2015;C2046;32;23;1;1;4;25;1.1;2;15;17;8.60;42.00
2015;C2046;38;29;1;1;4;45;1.1;1;13;14;11.30;290.00
2015;C2046;37;49;1;1;4;20;1.1;3;20;21;12.90;2.00
2015;C2039;39;129;1;1;4;10;2;1;19;19;5.31;46.00
2015;C2039;40;129;1;1;4;10;2;1;17;16;10.30;19.00
2015;C2039;41;49;1;1;4;20;1.1;1;13;11;9.29;1.00
2015;C2039;9;129;906;906;4;;;1;28;26;17.50;238.00
2015;C2039;31;129;906;906;4;;;1;31;30;15.41;102.00
2015;C2039;5;49;906;906;4;;;1;15;16;13.30;32.00
2015;C2039;21;49;906;906;4;;;1;19;19;14.84;25.00
2015;C2039;24;49;906;906;4;;;1;20;19;13.13;21.00
2015;C2039;25;49;906;906;4;;;2;17;17;14.88;17.00
2015;C2039;23;129;906;906;4;;;1;23;22;14.20;5.00
2015;C0425;1;35;1;1;4;20;1.1;1;53;60;1.80;172.00
2015;C0425;2;35;1;1;4;15;1.1;2;43;43;2.90;288.00
2015;C0425;3;35;41;23;;;;2;45;60;3.55;300.00
2015;C0425;5;35;1;1;4;20;1.1;1;32;35;9.15;16.00
2015;C0425;6;15;1;23;4;;;2;33;31;12.57;358.00
2015;C0425;8;35;1;1;4;30;1.1;1;34;38;8.47;25.00
2015;C0425;10;20;1;1;4;10;1.2;2;23;24;9.52;53.00
2015;C0425;11;65;1;1;4;5;1.1;1;19;22;6.97;54.00
2015;C0425;12;15;906;906;;;;2;26;30;13.40;101.00
2015;C0425;25;15;906;906;;;;2;24;25;15.97;25.00
2015;C0425;31;20;906;906;;;;2;34;32;13.36;165.00
2015;C0425;32;15;906;906;;;;1;28;30;15.80;20.00
2015;C0425;33;20;1;1;4;20;1.2;2;31;29;11.35;160.00
2015;C0425;35;20;1;1;4;20;1.2;2;24;25;10.80;131.00
2015;C0425;36;35;1;1;4;10;1.1;1;40;43;9.60;210.00
2015;C0425;37;56;1;1;4;15;2;1;20;22;2.60;53.00
2015;C0425;38;35;1;1;4;20;1.1;1;48;46;17.00;53.00
2015;C0484;54;20;1;1;4;20;1.1;2;18;20;11.20;300.00
2015;C0484;55;20;1;1;4;20;1.1;2;13;15;9.94;304.00
2015;C0484;56;20;1;1;4;20;1.2;2;12;12;10.90;309.00
2015;C0484;57;20;1;1;4;25;1.1;2;15;17;6.64;28.00
2015;C0484;58;20;906;906;4;;;2;20;19;16.80;46.00
2015;C0512;1;110;1;1;4;10;3;1;36;35;4.80;208.00
2015;C0512;2;110;1;1;4;10;3;1;24;25;4.12;161.00
2015;C0512;3;110;1;1;4;5;3;1;23;23;9.90;178.00
2015;C0512;5;110;906;906;4;;;1;20;19;15.00;178.00
2015;C0512;6;110;906;906;4;;;1;29;32;15.23;165.00
2015;C0512;7;110;906;906;4;;;1;28;29;13.86;162.00
2015;C0512;8;110;1;1;4;5;3;1;25;26;11.65;121.00
2015;C0512;9;23;1;1;4;40;1.2;1;23;22;10.90;105.00
2015;C0512;11;110;906;906;4;;;1;33;30;17.10;100.00
2015;C0512;16;110;906;906;4;;;1;21;21;17.30;68.00
2015;C0512;17;110;906;906;4;;;1;20;20;17.00;71.00
2015;C0512;18;110;1;1;4;10;2;1;20;20;12.20;77.00
2015;C0512;20;23;1;1;4;5;1.2;1;18;19;5.80;95.00
2015;C0512;22;110;1;1;4;15;3;1;26;27;12.85;62.00
2015;C0512;23;110;906;906;4;;;1;17;19;15.35;58.00
2015;C0512;29;46;1;1;4;25;1.2;1;24;19;9.70;320.00
2015;C0512;31;41;1;1;4;15;1.2;1;36;36;11.70;218.00
2015;C0512;32;23;1;1;4;10;1.1;2;16;17;12.15;102.00
2015;C0512;34;110;1;1;4;10;3;1;32;33;8.70;330.00
2015;C0512;36;110;1;1;4;10;3;1;32;32;7.60;30.00
2015;C0512;37;110;1;1;4;15;2;1;21;23;5.30;246.00
2015;C0512;38;110;1;1;4;20;2;1;34;33;5.51;278.00
2015;C0512;39;110;1;1;4;15;3;1;24;26;4.36;310.00
2015;C0512;40;110;1;1;4;15;3;1;21;21;7.76;348.00
2015;C0512;43;23;1;1;4;10;1.2;1;10;10;2.88;245.00
2015;C0512;44;23;1;1;4;10;2;1;11;12;1.97;342.00
2015;C0512;45;110;1;1;4;30;3;1;18;19;10.25;22.00
2015;C0512;46;23;1;1;4;15;3;1;17;17;10.25;25.00
2015;C0512;47;23;1;1;4;10;2;1;14;13;12.45;35.00
2015;C0512;48;23;1;1;4;10;2;1;11;12;11.55;38.00
2015;C0512;49;23;1;1;4;10;2;1;11;13;12.68;50.00
2015;C0512;50;23;1;1;4;10;2;1;11;12;12.10;54.00
2015;C0512;51;23;1;1;4;15;1.2;1;10;10;6.96;86.00
2015;C0512;52;23;1;1;4;10;1.2;1;10;13;6.90;107.00
2015;C0512;53;23;1;1;4;10;1.2;1;17;18;7.90;106.00
2015;C0512;54;46;1;1;4;25;1.2;1;13;14;11.30;93.00
2015;C0512;55;110;1;1;4;5;3;1;36;33;8.15;130.00
2015;C0512;56;23;1;1;4;25;1.2;2;14;15;12.00;152.00
2015;C0512;57;23;1;1;4;15;1.2;1;18;20;12.10;138.00
2015;C0512;58;23;1;1;4;15;2;1;13;13;10.16;175.00
2015;C0512;59;23;1;1;4;10;2;1;14;14;11.80;177.00
2015;C0512;60;23;1;1;4;10;1.2;1;12;13;12.16;200.00
2015;C0512;61;23;1;1;4;10;1.2;1;12;13;8.70;205.00
2015;C0512;62;23;1;1;4;10;1.2;1;12;13;6.64;258.00
2015;C0512;63;110;1;1;4;15;3;1;24;27;11.20;265.00
2015;C0512;64;23;1;1;4;15;3;2;11;12;11.10;272.00
2015;C0512;65;110;1;1;4;15;3;1;21;21;13.00;292.00
2015;C0512;66;110;1;1;4;15;3;1;26;28;12.50;310.00
2015;C0512;67;23;2;2;4;5;1.1;1;15;17;10.35;232.00
2015;C0525;1;41;1;1;4;15;1.2;3;30;32;3.02;2.00
2015;C0525;2;46;1;1;4;15;1.2;3;20;20;3.00;116.00
2015;C0525;3;41;1;1;4;10;1.2;3;34;34;6.72;240.00
2015;C0525;5;46;1;1;4;20;1.1;3;18;20;9.32;198.00
2015;C0525;6;41;906;906;4;;;3;27;26;13.19;212.00
2015;C0525;8;46;906;906;4;;;3;39;38;13.57;253.00
2015;C0525;9;46;23;23;4;;;3;21;22;9.22;255.00
2015;C0525;10;41;1;1;4;10;1.2;3;28;30;12.80;272.00
2015;C0525;11;41;1;1;4;40;1.2;3;28;30;11.15;282.00
2015;C0525;12;41;1;1;4;10;1.2;3;30;31;10.98;295.00
2015;C0525;15;41;1;1;4;20;1.2;3;26;22;6.79;322.00
2015;C0525;16;41;1;1;4;10;1.2;3;45;46;11.86;332.00
2015;C0525;18;41;1;1;4;20;1.2;3;28;27;11.93;15.00
2015;C0525;20;46;1;1;4;15;1.2;3;20;21;6.23;44.00
2015;C0525;21;41;1;1;4;10;1.2;3;36;40;12.62;58.00
2015;C0525;22;46;23;23;4;;;3;19;20;8.82;64.00
2015;C0525;23;41;1;1;4;15;1.2;3;36;37;5.53;104.00
2015;C0525;24;49;1;1;4;5;1.2;3;29;32;9.78;108.00
2015;C0525;27;41;1;1;4;10;1.2;3;33;34;11.14;140.00
2015;C0525;28;46;1;1;4;10;1.2;3;19;17;8.69;152.00
2015;C0525;29;46;23;23;4;;;3;19;20;12.90;154.00
2015;C0525;30;41;906;906;4;;;3;26;28;13.57;182.00
2015;C0525;31;46;1;1;4;20;1.1;3;16;19;7.90;19.00
2015;C0525;32;41;1;1;4;15;1.2;2;15;16;10.48;212.00
2015;C0525;33;41;1;1;4;10;1.2;3;50;50;15.13;83.00
2015;C2012;1;49;1;1;4;35;1.2;3;17;18;7.05;278.00
2015;C2012;3;49;1;1;4;25;1.2;3;26;32;11.49;284.00
2015;C2012;4;49;1;1;4;20;1.2;3;26;26;13.00;289.00
2015;C2012;5;49;906;906;4;;;2;21;21;14.70;292.00
2015;C2012;6;49;1;1;4;15;1.2;1;17;19;9.65;309.00
2015;C2012;7;49;1;1;4;15;1.1;1;18;18;9.12;317.00
2015;C2012;8;29;1;1;4;15;1.2;3;20;24;7.65;324.00
2015;C2012;9;49;1;1;4;20;2;2;23;20;8.00;38.00
2015;C2012;12;29;906;906;4;;;3;18;19;16.90;94.00
2015;C2012;13;49;906;906;4;;;3;26;28;17.25;92.00
2015;C2012;14;49;906;906;4;;;2;15;16;14.68;93.00
2015;C2012;15;49;1;1;4;30;1.2;3;23;22;11.24;91.00
2015;C2012;16;49;1;1;4;45;1.2;3;20;19;12.79;101.00
2015;C2012;19;49;1;1;4;15;1.2;3;23;23;4.04;119.00
2015;C2012;21;49;1;1;4;25;1.2;1;17;15;6.86;257.00
2015;C2012;22;49;1;1;4;25;1.2;2;13;16;9.87;257.00
2015;C2012;23;49;29;3;4;25;2;2;17;18;10.26;212.00
2015;C2012;25;29;906;906;4;;;1;15;16;17.08;150.00
2015;C2012;32;49;1;1;4;20;1.2;3;25;25;9.38;294.00
2015;C2012;34;29;1;1;4;10;2;2;12;11;12.41;65.00
2015;C2012;35;29;1;1;4;20;1.2;2;12;13;11.25;94.00
2015;C2012;36;29;1;1;4;20;1.2;2;10;11;8.49;117.00
2015;C2012;37;29;1;1;4;65;1.1;2;12;14;13.00;164.00
2015;C2012;38;29;1;1;4;30;1.1;2;10;12;6.50;199.00
2015;C2012;39;29;1;1;4;60;1.1;2;11;12;9.00;143.00
2015;C2012;40;49;1;1;4;20;1.2;2;12;13;8.50;234.00
2015;C2012;41;29;1;1;4;15;1.2;2;14;15;7.50;335.00
2015;C0464;1;20;1;1;4;55;1.1;2;16;15;2.90;78.00
2015;C0464;2;20;1;1;4;65;1.1;2;20;19;5.01;125.00
2015;C0464;3;20;1;1;4;55;1.1;2;31;31;11.07;150.00
2015;C0464;5;20;906;906;4;;;2;18;17;13.10;178.00
2015;C0464;6;20;1;1;4;65;1.1;2;18;16;11.80;222.00
2015;C0464;7;20;1;1;4;55;1.1;2;17;17;3.75;265.00
2015;C0464;8;20;1;1;4;50;1.1;2;20;18;5.80;270.00
2015;C0464;9;20;1;1;4;70;1.1;2;17;16;6.72;272.00
2015;C0464;10;20;1;1;4;45;1.1;2;22;20;6.47;311.00
2015;C0464;13;20;1;1;4;50;1.1;2;21;20;9.58;341.00
2015;C0464;14;20;1;1;4;60;1.1;2;21;22;8.06;10.00
2015;C0464;15;20;1;1;4;75;1.1;1;18;17;7.24;93.00
2015;C0464;16;20;1;1;4;75;1.1;2;18;16;9.93;116.00
2015;C0464;17;20;1;23;4;;;1;17;16;10.57;129.00
2015;C0464;18;20;906;906;4;;;2;15;16;13.21;113.00
2015;C0464;19;20;906;906;4;;;2;20;19;13.63;125.00
2015;C0464;20;20;906;906;4;;;2;19;19;16.02;126.00
2015;C0464;22;20;906;906;4;;;1;21;20;15.83;164.00
2015;C0464;24;20;29;29;;;;2;19;17;5.00;172.00
2015;C0464;25;20;906;906;4;;;2;18;18;14.27;180.00
2015;C0464;27;20;906;906;4;;;2;20;17;14.66;211.00
2015;C0464;28;20;1;1;4;50;1.1;2;19;17;12.31;324.00
2015;C0464;29;20;1;1;4;50;1.1;2;16;16;12.52;332.00
2015;C0464;30;20;906;906;4;;;2;16;15;15.89;4.00
2015;C0464;31;20;1;1;4;70;1.1;2;14;14;12.34;29.00
2015;C0464;32;20;906;906;4;;;2;13;14;13.50;344.00
2015;C0464;33;20;1;23;4;;;2;13;14;5.07;0.00
2015;C0464;34;20;1;1;4;50;1.1;2;14;13;3.30;240.00
2015;C0464;35;20;1;1;4;40;1.1;2;15;15;9.83;231.00
2015;C0464;36;20;1;1;4;40;1.1;1;11;11;4.75;220.00
2015;C0464;37;20;1;1;4;35;1.1;1;11;12;11.05;240.00
2015;C0464;38;20;1;1;4;35;1.1;2;14;12;10.15;249.00
2015;C0464;39;20;1;31;4;100;;2;13;12;8.13;250.00
2015;C0464;40;20;1;1;4;35;1.1;2;13;12;10.30;268.00
2015;C0464;41;20;1;1;4;35;1.1;2;15;14;12.17;281.00
2015;C0464;42;20;1;1;4;40;1.1;2;15;14;12.47;302.00
2015;C0464;43;20;1;1;4;30;1.1;2;10;11;10.30;359.00
2015;C0464;45;20;1;1;4;25;1.1;2;15;15;9.35;56.00
2015;C0464;46;20;1;1;4;25;1.1;2;12;12;6.70;115.00
2015;C0464;47;20;19;19;;;;2;17;16;6.88;126.00
2015;C0464;48;20;1;1;4;25;1.1;1;12;11;7.00;107.00
2015;C0464;49;20;1;31;4;100;;1;12;14;11.60;110.00
2015;C0464;50;20;1;1;4;80;1.1;2;12;11;6.70;150.00
2015;C0464;51;20;1;1;4;50;1.1;2;12;11;12.40;132.00
2015;C2067;72;29;1;1;4;20;1.2;1;13;14;7.30;290.00
2015;C2067;71;29;1;1;4;40;1.2;1;13;11;8.74;160.00
2015;C2067;69;29;1;1;4;30;1.2;1;10;10;12.20;133.00
2015;C2067;68;29;1;1;4;25;1.1;1;12;11;12.35;94.00
2015;C2067;67;29;1;1;4;30;1.1;1;12;12;10.51;77.00
2015;C2067;66;29;1;1;4;30;1.1;1;10;10;9.70;63.00
2015;C2067;65;29;1;1;4;20;;1;12;11;7.44;56.00
2015;C2067;64;29;1;1;4;25;1.2;1;114;15;12.25;2.00
2015;C2067;63;29;1;1;4;70;1.1;1;16;13;6.10;34.00
2015;C2067;62;29;1;1;4;25;1.1;1;10;11;4.14;32.00
2015;C2067;61;29;1;1;4;35;1.2;1;10;10;2.20;220.00
2015;C2067;60;29;1;1;4;40;1.2;1;12;11;1.50;182.00
2015;C2067;59;15;1;1;4;15;1.2;1;18;19;10.35;110.00
2015;C2067;55;15;906;906;4;;;1;13;13;13.70;37.00
2015;C2067;54;29;23;23;4;;;1;13;13;9.00;50.00
2015;C2067;50;29;906;906;4;;;1;16;15;16.00;120.00
2015;C2067;49;15;1;1;4;99;1.1;2;15;14;7.41;167.00
2015;C2067;48;49;906;906;4;;;1;20;24;14.30;176.00
2015;C2067;47;29;1;1;4;30;1.2;1;21;21;12.00;171.00
2015;C2067;46;16;906;906;4;;;2;17;15;15.65;53.00
2015;C2067;45;29;1;1;4;40;1.1;1;15;14;9.93;82.00
2015;C2067;44;29;1;1;4;30;1.1;1;17;17;10.35;43.00
2015;C2067;43;29;906;906;4;;;1;18;18;16.00;34.00
2015;C2067;42;29;906;906;4;;;1;16;19;13.25;0.00
2015;C2067;41;29;1;1;4;20;1.1;1;21;21;11.15;353.00
2015;C2067;18;15;1;1;4;99;1.1;1;54;54;17.75;254.00
2015;C2067;16;15;1;1;4;35;1.1;1;71;71;15.50;93.00
2015;C2067;15;15;1;1;4;70;1.2;2;29;30;8.10;239.00
2015;C2067;9;29;1;1;4;30;2;1;34;32;10.59;325.00
2015;C2067;11;49;906;906;4;;;1;27;29;14.80;150.00
2015;C2067;10;49;1;1;4;30;1.1;1;34;31;11.59;338.00
2015;C0368;1;15;1;1;4;70;1.1;1;52;52;10.81;50.00
2015;C0368;48;36;906;906;4;;;1;14;18;16.29;22.00
2015;C0368;56;56;1;1;4;20;1.2;2;12;11;3.80;62.00
2015;C0368;57;36;1;1;4;20;1.1;1;11;11;4.95;222.00
2015;C0368;58;56;1;1;4;25;1.2;2;10;11;9.16;193.00
2015;C0368;59;56;1;1;4;35;1.2;2;11;12;7.80;215.00
2015;C0368;60;56;1;1;4;25;1.2;2;10;10;7.37;300.00
2015;C0368;61;56;1;1;4;30;1.2;2;10;10;4.54;326.00
2015;C0368;62;56;1;1;4;35;1.2;2;10;10;6.81;323.00
2015;C0368;63;56;1;1;4;35;1.2;1;12;11;9.60;7.00
2015;C0368;64;56;1;1;4;30;1.2;2;10;10;8.30;103.00
2015;C0391;1;41;1;1;4;30;1.2;1;20;20;1.06;64.00
2015;C0391;3;51;1;1;4;25;1.2;2;20;21;1.78;334.00
2015;C0391;4;134;23;23;;;;1;19;20;2.67;64.00
2015;C0391;5;41;1;1;4;35;1.2;1;19;19;2.90;217.00
2015;C0391;6;41;1;1;4;20;1.2;1;17;16;5.19;186.00
2015;C0391;7;134;1;1;4;50;1.2;1;19;19;6.56;170.00
2015;C0391;13;134;1;1;4;40;1.2;1;17;16;9.24;215.00
2015;C0391;14;51;1;1;4;15;1.2;1;20;20;8.39;303.00
2015;C0391;15;134;906;906;4;;;1;18;19;14.11;165.00
2015;C0391;16;41;906;906;4;;;1;16;15;14.18;180.00
2015;C0391;17;134;906;906;4;;;1;18;18;13.98;194.00
2015;C0391;20;51;906;906;4;;;1;18;16;16.35;160.00
2015;C0391;21;41;906;906;4;;;2;18;19;16.28;198.00
2015;C0391;22;134;906;906;4;;;1;15;16;14.52;212.00
2015;C0391;24;49;906;906;4;;;1;24;27;15.80;228.00
2015;C0391;25;134;906;906;4;;;1;27;27;17.06;344.00
2015;C0391;26;134;906;906;4;;;1;23;23;15.66;351.00
2015;C0391;30;51;1;1;4;30;1.2;2;19;20;10.76;273.00
2015;C0391;31;41;19;19;4;;;1;17;18;8.39;150.00
2015;C0391;32;49;1;1;4;20;1.2;1;21;22;7.51;254.00
2015;C0391;33;134;1;1;4;50;1.2;1;13;13;5.56;151.00
2015;C0391;34;134;906;906;4;;;1;16;17;13.52;145.00
2015;C0391;36;51;906;906;4;;;1;19;21;15.30;254.00
2015;C0391;37;51;1;1;4;25;1.2;1;15;16;12.19;358.00
2015;C0391;46;134;1;1;4;40;1.2;1;16;16;8.26;118.00
2015;C0391;47;134;1;1;4;60;1.2;1;10;11;9.29;133.00
2015;C0391;49;134;23;23;;;;1;11;11;8.15;167.00
2015;C0391;50;134;1;1;4;40;1.2;1;16;17;4.69;171.00
2015;C0391;51;49;1;1;4;20;1.2;1;12;14;10.34;173.00
2015;C0391;52;56;1;1;4;30;2;1;16;16;6.30;194.00
2015;C0391;53;134;1;1;4;40;1.2;1;17;18;8.67;198.00
2015;C0391;54;48;1;1;4;30;1.2;2;18;16;8.02;202.00
2015;C0391;55;134;1;1;4;35;1.2;1;14;15;11.33;208.00
2015;C0391;56;134;23;23;;;;1;17;17;7.52;256.00
2015;C0391;57;134;1;1;4;35;1.2;1;17;15;12.42;272.00
2015;C0391;58;48;1;1;4;15;2;1;12;13;6.87;282.00
2015;C0391;59;134;1;1;4;25;1.2;1;15;15;3.33;275.00
2015;C0391;60;134;1;1;4;30;1.2;1;17;17;12.56;274.00
2015;C0391;61;134;1;1;4;35;1.2;1;18;18;11.57;291.00
2015;C0391;62;23;1;1;4;15;1.2;2;11;12;10.68;307.00
2015;C0391;63;23;1;1;4;15;1.2;2;13;15;9.27;318.00
2015;C0391;64;48;1;1;4;20;1.2;1;11;11;5.64;328.00
2015;C0391;65;48;1;1;4;20;1.2;2;17;17;11.87;330.00
2015;C0391;66;56;1;1;4;25;2;1;11;12;10.48;336.00
2015;C0391;67;48;1;1;4;15;2;1;18;18;8.39;150.00
2015;C0391;68;56;1;1;4;25;2;2;17;16;10.30;26.00
2015;C0391;69;23;1;1;4;10;1.2;2;12;12;12.69;5.00
2015;C0391;70;23;1;1;4;15;1.2;2;10;10;7.83;15.00
2015;C0391;71;23;1;1;4;10;2;2;11;11;8.21;18.00
2015;C0391;72;23;1;1;4;20;2;1;11;13;12.00;25.00
2015;C0391;73;23;1;1;4;20;1.2;2;14;13;10.00;48.00
2015;C0391;74;48;1;1;4;20;1.2;1;14;16;7.63;52.00
2015;C0391;75;23;1;1;4;20;1.2;2;12;13;5.82;99.00
2015;C0391;76;23;1;1;4;20;1.2;1;10;10;11.26;155.00
2015;C0392;5;49;1;1;4;40;1.2;1;15;16;8.68;350.00
2015;C0392;6;23;1;1;4;20;1.2;2;12;11;9.96;13.00
2015;C0392;7;49;1;1;4;70;1.1;1;12;11;11.21;23.00
2015;C0392;9;49;1;1;4;45;1.2;1;13;13;11.16;33.00
2015;C0392;11;49;1;1;4;55;1.1;2;16;17;7.23;56.00
2015;C0392;12;49;1;1;4;50;1.1;1;16;15;7.83;141.00
2015;C0392;13;49;1;1;4;35;1.2;1;19;19;7.29;271.00
2015;C0392;14;49;906;906;4;;;2;14;15;15.56;347.00
2015;C0392;15;49;906;906;4;;;2;15;14;16.20;347.00
2015;C0392;24;49;906;906;4;;;1;16;18;16.50;30.00
2015;C0392;28;49;1;1;4;60;1.1;1;18;19;9.91;260.00
2015;C0392;29;49;1;1;4;45;1.1;1;17;16;9.25;266.00
2015;C0392;30;49;906;906;4;;;1;16;15;17.70;326.00
2015;C0392;39;49;1;1;4;35;1.2;1;12;12;11.95;12.00
2015;C0392;40;23;1;1;4;15;1.2;2;10;12;7.85;148.00
2015;C0392;41;49;1;1;4;50;1.1;1;12;15;5.16;273.00
2015;C0392;42;49;1;1;4;40;1.2;1;10;10;8.68;307.00
2015;C0393;3;48;1;1;4;30;1.2;1;25;26;6.13;5.00
2015;C0393;4;48;1;1;4;30;1.2;2;27;27;6.90;67.00
2015;C0393;7;130;1;1;4;50;1.2;1;35;36;4.89;115.00
2015;C0393;9;130;1;1;4;60;1.2;1;32;31;9.33;135.00
2015;C0393;12;48;1;1;4;30;1.2;1;32;31;8.80;256.00
2015;C0393;13;130;1;1;4;75;1.1;1;30;30;9.52;261.00
2015;C0393;14;48;1;1;4;20;1.2;1;24;24;7.05;274.00
2015;C0393;15;48;1;1;4;20;2;1;20;19;8.62;285.00
2015;C0393;16;48;1;1;4;15;1.2;1;31;32;8.53;316.00
2015;C0393;17;48;1;1;4;20;1.2;1;29;27;11.47;302.00
2015;C0393;19;48;906;906;4;;;2;20;20;13.13;321.00
2015;C0393;21;48;906;906;4;;;2;21;20;14.77;320.00
2015;C0393;23;48;906;906;4;;;2;19;19;14.20;356.00
2015;C0393;25;48;1;1;4;20;1.2;1;17;17;10.37;32.00
2015;C0393;26;130;906;906;4;;;1;32;31;13.78;36.00
2015;C0393;27;48;1;1;4;40;1.2;1;14;13;12.55;44.00
2015;C0393;29;48;1;1;4;35;1.2;1;19;20;12.43;53.00
2015;C0393;30;130;1;1;4;70;1.2;1;30;29;12.70;58.00
2015;C0393;32;48;1;1;4;30;1.2;1;14;14;2.72;231.00
2015;C0393;34;48;906;906;4;;;2;29;28;17.31;24.00
2015;C0393;37;48;906;906;4;;;1;25;23;16.75;123.00
2015;C0393;39;48;906;906;4;;;2;22;21;13.67;87.00
2015;C0393;40;130;906;906;4;;;1;29;30;17.80;203.00
2015;C0393;43;48;906;906;4;;;1;17;17;17.51;261.00
2015;C0393;44;63;1;1;4;15;2;2;11;11;12.28;71.00
2015;C0393;45;48;1;1;4;20;1.2;1;10;10;6.69;185.00
2015;C0393;46;23;1;1;4;10;2;1;11;10;7.34;187.00
2015;C0393;47;48;1;1;4;35;1.2;1;19;19;6.56;227.00
2015;C0393;48;48;1;1;4;20;1.2;1;17;16;9.79;266.00
2015;C0393;49;48;1;1;4;15;1.2;1;18;17;12.84;269.00
2015;C0393;50;48;1;1;4;20;1.2;1;17;16;11.03;307.00
2015;C0393;51;48;1;1;4;15;1.2;1;16;16;12.91;342.00
2015;C0394;1;63;23;23;;;;1;17;16;5.24;40.00
2015;C0394;2;15;1;1;4;75;1.1;2;22;21;11.03;19.00
2015;C0394;3;15;1;1;4;60;1.1;2;17;19;11.85;6.00
2015;C0394;4;15;906;906;4;;;2;20;20;13.05;0.00
2015;C0394;6;15;906;906;4;;;2;21;19;14.95;11.00
2015;C0394;11;15;906;906;4;;;2;25;24;16.95;21.00
2015;C0394;15;49;1;1;4;35;2;1;27;25;11.62;328.00
2015;C0394;16;49;906;906;4;;;1;40;34;17.95;350.00
2015;C0394;22;49;906;906;4;;;1;19;21;15.17;259.00
2015;C0394;25;15;906;906;4;;;2;19;18;16.19;275.00
2015;C0394;30;49;906;906;4;;;1;17;18;16.26;297.00
2015;C0394;32;49;1;1;4;25;2;1;14;15;12.35;70.00
2015;C0394;40;49;1;1;4;25;2;1;22;19;7.91;144.00
2015;C0394;41;49;1;1;4;35;1.2;1;20;17;10.54;147.00
2015;C0394;42;49;906;906;4;;;1;17;19;15.85;103.00
2015;C0394;45;49;906;906;4;;;1;19;20;17.95;142.00
2015;C0394;46;49;1;1;4;20;2;1;13;12;9.78;206.00
2015;C0394;47;49;906;906;4;;;2;13;15;16.47;208.00
2015;C0394;51;15;1;1;4;70;1.1;2;23;22;8.76;301.00
2015;C0394;52;15;1;1;4;70;1.1;2;13;13;8.10;22.00
2015;C0394;53;15;1;1;4;70;1.1;2;17;18;5.51;41.00
2015;C0394;54;48;1;1;4;20;2;1;10;10;6.62;89.00
2015;C0394;55;49;1;1;4;30;2;1;15;15;12.03;177.00
2015;C0394;56;48;1;1;4;35;1.2;1;11;10;10.88;319.00
2015;C0394;57;48;1;1;4;20;2;1;11;11;10.06;357.00
2015;C0751;7;20;1;1;4;10;1.1;3;26;27;6.10;349.00
2015;C0751;55;20;1;1;4;5;1.1;2;17;19;11.82;287.00
2015;C0751;56;20;1;1;4;5;1.1;2;12;11;12.04;278.00
2015;C0751;15;20;1;1;4;20;1.1;3;61;61;11.34;227.00
2015;C0751;23;20;1;1;4;15;1.1;3;39;41;12.00;213.00
2015;C0751;26;20;1;1;4;5;1.1;2;22;21;10.50;197.00
2015;C0751;51;20;1;1;4;5;1.1;2;13;12;2.95;197.00
2015;C0751;27;20;1;1;4;5;1.1;2;26;21;10.27;193.00
2015;C0751;29;20;1;1;4;10;1.1;2;21;20;11.95;188.00
2015;C0751;58;20;1;1;4;5;1.1;2;12;12;4.87;187.00
2015;C0751;54;20;1;1;4;5;1.1;2;15;16;12.12;174.00
2015;C0751;53;20;1;1;4;5;1.1;2;13;11;11.40;170.00
2015;C0751;52;20;1;1;4;5;1.1;2;11;12;8.48;168.00
2015;C0751;30;20;1;1;4;5;1.1;2;20;18;12.86;166.00
2015;C0751;50;20;1;1;4;5;1.1;2;11;11;1.80;163.00
2015;C0751;49;5;1;1;4;5;1.1;3;23;21;11.68;98.00
2015;C0751;1;20;1;1;4;5;1.1;3;36;36;1.00;60.00
2015;C0751;43;20;1;1;4;10;1.1;2;18;18;11.01;54.00
2015;C0751;8;20;1;1;4;10;1.1;2;13;15;9.42;43.00
2015;C0751;2;20;1;1;4;5;1.1;2;22;22;4.27;34.00
2015;C0751;9;20;1;1;4;10;1.1;1;31;31;9.74;26.00
2015;C0751;6;20;1;1;4;15;1.1;2;18;20;5.22;19.00
2015;C0751;11;20;1;1;4;20;1.1;3;54;50;10.29;11.00
2015;C0751;12;20;1;1;4;5;1.1;2;23;24;10.40;7.00
2015;C0751;33;20;1;1;4;15;1.1;2;27;25;12.85;5.00
2015;C0751;57;20;1;1;4;20;1.1;2;26;26;11.57;2.00
2015;C0751;14;20;1;1;4;10;1.1;2;21;21;9.84;2.00
2015;C0751;37;20;29;29;4;;;2;25;29;12.27;151.00
2015;C0751;32;20;906;906;4;;;2;15;16;15.77;348.00
2015;C0751;31;20;906;906;4;;;2;24;26;16.00;335.00
2015;C0751;39;20;906;906;4;;;3;35;33;17.16;88.00
2015;C0751;42;20;906;906;4;;;2;16;17;13.40;66.00
2015;C0751;41;20;906;906;4;;;2;15;16;14.23;57.00
2015;C0751;44;20;906;906;4;;;1;16;19;14.25;50.00
2015;C0751;34;20;906;906;4;;;1;24;23;15.70;11.00
2015;C2043;23;20;1;1;4;20;1.1;3;49;46;7.34;347.00
2015;C2043;45;20;1;1;4;10;1.1;2;21;20;11.72;325.00
2015;C2043;44;20;1;1;4;15;1.1;2;14;14;11.42;296.00
2015;C2043;21;20;1;1;4;30;1.1;3;33;33;7.97;296.00
2015;C2043;20;20;1;1;4;35;1.1;1;22;23;6.38;291.00
2015;C2043;19;20;1;1;4;15;1.1;2;12;12;8.47;273.00
2015;C2043;43;20;1;1;4;10;1.1;2;23;22;10.87;267.00
2015;C2043;42;20;1;1;4;15;1.1;2;12;12;9.49;260.00
2015;C2043;17;20;1;1;4;35;1.1;2;19;18;7.12;260.00
2015;C2043;14;20;1;1;4;15;1.1;2;23;21;6.34;254.00
2015;C2043;16;20;1;1;4;20;1.1;2;17;18;9.67;251.00
2015;C2043;15;20;1;1;4;25;1.1;2;22;23;9.36;247.00
2015;C2043;5;20;1;1;4;20;1.1;2;13;13;4.93;238.00
2015;C2043;13;20;1;1;4;10;1.1;2;13;14;7.91;218.00
2015;C2043;40;20;1;1;4;20;1.1;2;16;14;10.89;208.00
2015;C2043;1;20;1;1;4;20;1.1;1;24;22;1.33;207.00
2015;C2043;41;20;1;1;4;15;1.1;2;12;13;12.41;203.00
2015;C2043;12;20;1;1;4;15;1.1;2;15;13;6.82;203.00
2015;C2043;4;20;1;1;4;20;1.1;1;15;14;5.03;200.00
2015;C2043;11;20;1;1;4;15;1.1;2;19;21;7.96;189.00
2015;C2043;39;20;1;1;4;10;1.1;2;13;13;8.70;177.00
2015;C2043;30;20;1;1;4;30;1.1;2;22;22;9.60;169.00
2015;C2043;38;20;1;1;4;10;1.1;2;17;15;9.19;159.00
2015;C2043;37;20;1;1;4;10;1.1;2;15;15;11.54;153.00
2015;C2043;36;20;1;1;4;10;1.1;1;13;12;10.05;153.00
2015;C2043;10;20;1;1;4;10;1.1;2;18;16;6.48;153.00
2015;C2043;3;20;1;1;4;15;1.1;1;25;23;3.97;150.00
2015;C2043;35;20;1;1;4;10;1.1;2;17;17;9.60;137.00
2015;C2043;9;20;1;1;4;15;1.1;1;20;19;6.48;136.00
2015;C2043;29;20;1;1;4;10;1.1;2;19;18;7.10;135.00
2015;C2043;33;20;1;1;4;10;1.1;2;14;14;10.60;132.00
2015;C2043;34;20;1;1;4;10;1.1;3;45;42;15.10;123.00
2015;C2043;8;20;1;1;4;20;1.1;1;36;37;5.95;106.00
2015;C2043;28;20;1;1;4;25;1.1;3;44;40;11.80;100.00
2015;C2043;2;20;1;1;4;20;1.1;3;33;34;2.72;90.00
2015;C2043;47;20;1;1;4;5;1.1;2;15;15;12.55;55.00
2015;C2043;27;20;1;1;4;35;1.1;2;21;20;9.69;42.00
2015;C2043;22;20;1;1;4;10;1.1;3;32;31;12.08;40.00
2015;C2043;7;20;1;1;4;55;1.1;2;16;16;5.29;30.00
2015;C2043;26;20;1;1;4;50;1.1;2;16;15;5.47;15.00
2015;C2043;6;20;1;1;4;20;1.1;1;22;21;3.28;15.00
2015;C2043;24;20;1;1;4;25;1.1;2;20;20;10.09;9.00
2015;C2043;46;20;1;1;4;10;1.1;2;18;18;10.59;6.00
2015;C2043;31;20;906;906;4;;;1;25;22;17.63;51.00
2015;C2036;53;29;1;1;4;15;1.1;1;22;24;10.28;352.00
2015;C2036;52;56;1;1;4;5;3;1;14;16;11.42;347.00
2015;C2036;54;29;1;1;4;5;1.1;2;16;15;8.30;342.00
2015;C2036;55;29;1;1;4;5;1.1;2;18;20;7.47;319.00
2015;C2036;56;49;1;1;4;15;1.1;2;12;12;11.50;313.00
2015;C2036;36;49;1;1;4;5;1.1;1;15;18;8.35;303.00
2015;C2036;57;49;1;1;4;10;1.1;2;13;13;9.51;299.00
2015;C2036;14;49;1;1;4;10;1.1;1;19;20;6.80;298.00
2015;C2036;58;49;1;1;4;5;1.1;1;14;13;7.26;292.00
2015;C2036;32;29;1;1;4;5;1.1;1;23;24;8.92;279.00
2015;C2036;59;100;1;1;4;5;1.1;1;18;18;12.77;277.00
2015;C2036;60;29;1;1;4;5;1.1;2;17;19;8.82;264.00
2015;C2036;15;49;1;1;4;20;2;1;28;26;10.62;257.00
2015;C2036;61;23;1;1;4;15;1.1;2;21;22;5.42;240.00
2015;C2036;62;23;1;1;4;15;1.1;2;14;14;10.94;233.00
2015;C2036;46;49;1;1;4;25;1.1;2;18;18;7.33;214.00
2015;C2036;45;29;1;1;4;5;1.1;1;12;12;4.37;197.00
2015;C2036;47;23;1;1;4;15;1.1;1;15;16;12.64;194.00
2015;C2036;48;23;1;1;4;20;1.1;1;20;18;9.99;186.00
2015;C2036;17;49;1;1;4;20;2;1;19;18;5.63;166.00
2015;C2036;20;49;1;1;4;25;1.1;2;26;29;10.36;139.00
2015;C2036;23;49;1;1;4;10;1.1;1;17;19;8.60;114.00
2015;C2036;34;1;1;1;4;10;1.1;1;21;22;12.25;79.00
2015;C2036;49;23;1;1;4;10;1.1;2;12;13;11.85;71.00
2015;C2036;50;29;1;1;4;5;1.1;2;14;15;12.34;68.00
2015;C2036;13;49;1;1;4;15;1.1;2;26;27;5.17;62.00
2015;C2036;51;23;1;1;4;10;1.1;1;12;14;11.80;26.00
2015;C2036;33;49;1;1;4;15;1.1;1;17;20;9.40;26.00
2015;C2036;10;49;1;1;4;10;1.1;1;21;18;11.52;22.00
2015;C2036;39;49;1;1;4;10;1.1;1;19;18;11.36;11.00
2015;C2036;9;49;1;1;4;20;1.1;1;22;20;8.85;10.00
2015;C2036;38;49;1;1;4;10;1.1;1;18;20;12.97;3.00
2015;C2036;42;29;1;1;4;5;1.1;1;18;19;3.17;1.00
2015;C2036;37;129;23;23;4;;;1;21;20;12.60;2.00
2015;C2036;41;49;906;906;4;;;1;25;23;15.51;154.00
2015;C2036;27;49;906;906;4;;;1;19;17;16.61;136.00
2015;C2036;44;49;906;906;4;;;1;23;25;13.63;122.00
2015;C2036;35;29;906;906;4;;;1;16;14;17.89;111.00
2015;C2036;26;49;906;906;4;;;1;21;22;17.50;96.00
2015;C2036;40;5;906;906;4;;;1;20;20;17.28;86.00
2015;C2036;25;49;906;906;4;;;1;18;19;15.08;85.00
2015;C2036;43;29;906;906;4;;;1;17;15;15.08;24.00
2015;C0736;17;23;1;1;4;10;1.1;1;27;35;15.00;355.00
2015;C0736;15;23;1;1;4;10;1.1;1;22;21;6.50;342.00
2015;C0736;9;23;1;1;4;15;1.1;1;26;26;13.00;335.00
2015;C0736;16;23;1;1;4;10;1.1;2;23;24;15.00;325.00
2015;C0736;3;41;1;1;4;10;1.1;1;53;49;5.50;323.00
2015;C0736;5;41;1;1;4;10;1.1;1;41;41;13.60;308.00
2015;C0736;6;23;1;1;4;10;1.1;1;33;33;14.60;305.00
2015;C0736;4;41;1;1;4;5;1.1;1;43;42;9.00;305.00
2015;C0736;1;40;1;1;4;5;1.2;1;33;32;4.00;200.00
2015;C0736;2;23;1;1;4;25;1.1;2;9;9;6.00;140.00
2015;C0736;13;41;1;1;4;5;1.1;1;43;52;11.00;135.00
2015;C0736;20;23;1;1;4;20;1.1;2;19;21;13.00;70.00
2015;C0736;19;23;1;1;4;50;1.1;1;29;29;14.80;50.00
2015;C0736;21;23;1;1;4;40;1.1;2;19;19;10.50;20.00
2015;C0736;14;23;23;23;4;;;2;22;19;9.00;319.00
2015;C0736;18;41;29;29;4;;;1;46;50;9.80;252.00
2015;C0736;22;23;29;29;4;;;1;19;20;14.80;70.00
2015;C0736;23;23;29;29;4;;;1;26;24;14.00;55.00
2015;C0732;34;20;1;1;4;5;1.1;2;16;15;11.88;336.00
2015;C0732;26;20;1;1;4;5;1.1;1;18;18;12.78;335.00
2015;C0732;7;20;1;1;4;5;1.1;1;43;43;10.28;332.00
2015;C0732;27;20;1;1;4;5;1.1;1;38;40;10.44;320.00
2015;C0732;28;20;1;1;4;15;1.1;1;34;32;12.43;312.00
2015;C0732;47;20;1;1;4;5;1.1;1;15;14;12.22;304.00
2015;C0732;8;20;1;1;4;10;1.1;1;41;40;8.77;297.00
2015;C0732;29;20;1;1;4;10;1.1;1;25;28;12.35;294.00
2015;C0732;46;20;1;1;4;10;1.1;1;31;34;11.75;278.00
2015;C0732;30;20;1;1;4;0;1.1;1;32;32;10.79;273.00
2015;C0732;45;20;1;1;4;10;1.1;1;61;45;14.68;247.00
2015;C0732;44;20;1;1;4;0;1.1;1;10;10;5.90;236.00
2015;C0732;9;20;1;1;4;5;1.1;2;35;35;9.32;219.00
2015;C0732;43;20;1;1;4;5;1.1;2;14;15;12.87;218.00
2015;C0732;10;20;1;1;4;5;1.1;1;24;27;9.34;208.00
2015;C0732;42;20;1;1;4;0;1.1;2;12;12;12.61;186.00
2015;C0732;41;20;1;1;4;0;1.1;2;11;10;12.32;182.00
2015;C0732;12;20;1;1;4;5;1.1;2;14;14;7.34;181.00
2015;C0732;13;20;1;1;4;5;1.1;1;19;19;8.74;170.00
2015;C0732;40;20;1;1;4;5;1.1;1;21;21;12.13;167.00
2015;C0732;1;20;1;1;4;5;1.1;1;68;68;3.51;165.00
2015;C0732;14;20;1;1;4;5;1.1;1;32;32;7.30;152.00
2015;C0732;39;20;1;1;4;5;1.1;1;15;15;12.36;132.00
2015;C0732;2;20;1;1;4;5;1.1;1;22;22;4.71;132.00
2015;C0732;3;20;1;1;4;10;1.1;1;18;18;5.25;124.00
2015;C0732;38;20;1;1;4;0;1.1;2;12;12;11.69;121.00
2015;C0732;16;20;1;1;4;5;1.1;1;18;18;7.33;116.00
2015;C0732;37;20;1;1;4;0;1.1;1;12;14;11.08;107.00
2015;C0732;17;20;1;1;4;10;1.1;2;16;18;11.80;99.00
2015;C0732;36;20;1;1;4;5;1.1;2;12;12;8.23;99.00
2015;C0732;35;20;1;1;4;5;1.1;2;12;13;9.53;95.00
2015;C0732;18;20;1;1;4;5;1.1;1;42;40;12.47;83.00
2015;C0732;4;20;1;1;4;5;1.1;1;25;24;5.57;74.00
2015;C0732;5;20;1;1;4;5;1.1;2;22;20;7.28;68.00
2015;C0732;6;20;1;1;4;5;1.1;2;17;19;8.57;55.00
2015;C0732;21;20;1;1;4;5;1.1;1;35;36;11.44;42.00
2015;C0732;23;20;1;1;4;0;1.1;1;65;70;15.20;19.00
2015;C0732;33;20;1;1;4;5;1.1;2;10;11;7.80;11.00
2015;C0732;25;20;906;906;4;;;2;32;36;16.71;337.00
2015;C0732;19;20;906;906;4;;;1;33;34;13.61;82.00
2015;C0732;20;20;906;906;4;;;2;14;15;14.14;59.00
2015;C0732;22;20;906;906;4;;;1;24;24;14.00;35.00
2015;C0697;59;20;1;1;4;0;1.1;1;13;12;10.50;343.00
2015;C0697;58;129;1;1;4;0;1.1;1;28;27;10.00;343.00
2015;C0697;60;20;1;1;4;0;1.1;1;18;14;10.50;293.00
2015;C0697;66;20;1;1;4;0;1.1;1;13;13;1.08;282.00
2015;C0697;61;129;1;1;4;0;2;1;46;45;10.80;230.00
2015;C0697;62;129;1;1;4;25;1.1;1;45;41;6.80;230.00
2015;C0697;25;129;1;1;4;0;1.1;1;42;42;1.95;200.00
2015;C0697;65;29;1;1;4;5;1.1;1;10;10;7.50;196.00
2015;C0697;63;29;1;1;4;5;1.1;1;16;17;6.90;194.00
2015;C0697;64;29;1;1;4;5;1.1;1;16;17;7.90;183.00
2015;C0697;24;129;1;1;4;40;1.1;1;21;31;7.30;155.00
2015;C0697;15;20;1;1;4;0;1.1;2;46;45;15.00;120.00
2015;C0697;3;129;1;1;4;10;2;1;36;36;1.30;61.00
2015;C0697;4;129;1;1;4;20;2;1;33;34;6.12;23.00
2015;C0697;57;20;1;1;4;5;1.1;1;12;20;9.80;11.00
2015;C0697;49;20;1;1;4;5;1.1;1;24;24;11.00;10.00
2015;C0697;27;129;1;23;4;;;1;30;30;11.80;9.00
2015;C0697;56;20;1;1;4;0;1.1;1;23;24;9.00;0.00
2015;C0697;67;29;1;1;4;5;1.1;1;21;20;5.00;0.00
2015;C0697;20;5;906;906;4;;;2;32;34;14.30;155.00
2015;C0697;17;20;906;906;4;;;2;28;29;15.50;120.00
2015;C0697;14;20;906;906;4;;;1;31;31;14.90;120.00
2015;C0697;16;20;906;906;4;;;2;29;29;13.40;120.00
2015;C0697;46;5;906;906;4;;;1;12;13;18.00;114.00
2015;C2041;4;129;1;1;4;10;1.2;1;44;48;4.30;320.00
2015;C2041;17;129;1;1;4;5;1.1;1;40;40;14.00;280.00
2015;C2041;11;129;1;1;4;15;1.1;1;46;45;9.20;280.00
2015;C2041;3;129;1;1;4;10;1.1;1;41;42;1.70;270.00
2015;C2041;14;129;1;1;4;55;1.1;1;41;41;1.20;218.00
2015;C2041;2;129;1;1;4;10;1.2;1;34;38;2.00;213.00
2015;C2041;10;129;1;1;4;10;3;1;46;47;15.40;188.00
2015;C2041;9;129;1;1;4;15;3;1;43;46;16.90;187.00
2015;C2041;6;129;1;1;4;15;1.2;1;35;38;11.00;160.00
2015;C2041;1;129;1;1;4;5;1.2;1;45;49;6.00;150.00
2015;C2041;16;129;1;1;4;5;1.1;1;45;44;14.00;80.00
2015;C2041;15;129;1;1;4;15;1.1;1;46;45;14.10;48.00
2015;C2041;5;129;1;1;4;10;1.2;1;48;48;6.00;46.00
2015;C2041;12;129;1;1;4;10;1.1;1;44;47;8.60;23.00
2015;C2041;26;129;1;1;4;5;1.1;1;55;47;15.70;14.00
2015;C2041;25;129;1;1;4;5;1.1;1;52;56;15.00;3.00
2015;C2041;13;129;1;1;4;15;1.1;1;45;46;11.50;1.00
2015;C2041;8;129;906;906;4;;;1;36;35;16.90;198.00
2015;C0514;42;41;1;1;4;15;1.1;2;12;10;6.35;88.00
2015;C0514;43;41;1;1;4;15;1.1;2;13;12;6.57;76.00
2015;C0514;44;41;1;1;4;15;1.1;2;12;10;7.75;75.00
2015;C0514;45;49;1;1;4;40;1.1;2;12;11;8.99;66.00
2015;C0514;46;41;1;1;4;10;1.1;2;12;12;11.01;58.00
2015;C0514;47;41;1;1;4;40;1.1;2;13;12;11.00;56.00
2015;C0514;48;41;1;1;4;15;1.1;2;10;11;11.32;55.00
2015;C0514;49;41;1;1;4;40;1.1;2;16;17;11.88;33.00
2015;C0514;50;41;1;1;4;30;1.1;2;11;10;9.21;30.00
2015;C0514;51;49;1;1;4;10;1.1;2;15;14;10.95;85.00
2015;C0514;52;41;1;1;4;30;1.1;1;13;12;10.85;81.00
2015;C0514;53;129;1;1;4;40;1.1;1;10;11;8.00;155.00
2015;C0514;54;41;1;1;4;10;1.1;2;16;17;11.39;102.00
2015;C0514;55;129;1;1;4;30;1.1;1;22;20;7.70;128.00
2015;C0514;56;41;1;1;4;20;1.1;2;16;16;13.00;110.00
2015;C0514;57;41;1;1;4;20;1.1;2;14;15;12.55;107.00
2015;C0514;58;41;2;2;4;20;1.1;2;10;12;9.00;32.00
2015;C0514;59;23;2;2;4;60;1.1;1;12;11;10.00;176.00
2015;C2067;73;13;1;1;4;20;1.1;1;11;11;8.10;86.00
2015;C0254;1;51;1;1;4;25;1.2;1;38;43;6.90;139.00
2015;C0254;2;22;1;1;4;25;2;1;22;24;8.40;220.00
2015;C0254;4;51;1;1;4;35;1.2;1;41;38;11.30;157.00
2015;C0254;6;51;1;1;4;35;2;1;46;42;9.80;123.00
2015;C0254;10;51;1;1;4;25;2;1;42;40;17.60;248.00
2015;C0254;11;22;906;906;4;;;1;27;25;15.50;305.00
2015;C0254;12;56;906;906;4;;;2;20;19;15.90;320.00
2015;C0254;15;51;1;1;4;35;2;1;39;42;17.40;173.00
2015;C0254;16;51;1;1;4;45;1.2;1;50;51;16.00;214.00
2015;C0254;19;51;906;906;4;;;1;34;34;14.30;57.00
2015;C0254;24;51;19;19;;;;1;25;26;21.40;220.00
2015;C0254;29;56;906;906;4;;;1;23;19;16.20;350.00
2015;C0254;30;56;906;906;4;;;1;24;21;15.60;3.00
2015;C0254;37;56;1;1;4;35;1.1;1;16;15;3.70;301.00
2015;C0254;38;56;1;1;4;65;1.1;1;15;15;1.70;48.00
2015;C0254;41;56;1;1;4;60;1.2;1;15;15;7.70;18.00
2015;C0254;42;56;1;1;4;70;1.2;1;17;17;11.90;6.00
2015;C0254;43;35;1;1;4;15;1.1;1;23;23;10.00;84.00
2015;C0254;44;56;1;1;4;35;1.2;1;15;16;10.20;46.00
2015;C0254;45;56;1;1;4;70;1.2;1;15;15;9.00;317.00
2015;C0254;46;56;1;1;4;80;1.2;2;22;20;10.60;315.00
2015;C0254;47;56;1;1;4;75;1.2;2;15;15;12.60;316.00
2015;C0254;48;56;1;1;4;60;1.2;1;13;12;6.00;299.00
2015;C0255;1;41;2;2;4;35;2;2;34;32;10.40;7.00
2015;C0255;2;51;2;2;4;30;2;2;21;25;8.40;118.00
2015;C0255;3;41;2;2;4;15;2;3;52;50;5.00;152.00
2015;C0255;4;15;2;2;4;15;2;2;27;29;6.30;252.00
2015;C0255;5;41;2;2;4;25;1.2;2;27;27;9.60;82.00
2015;C0255;6;133;2;2;4;10;1.2;1;31;30;2.20;37.00
2015;C0255;7;15;2;2;4;99;1.1;2;23;25;8.40;265.00
2015;C0255;8;15;2;2;4;25;3;2;17;20;11.60;285.00
2015;C0255;9;15;2;2;4;10;2;1;15;15;4.10;334.00
2015;C0279;1;116;1;23;4;;;1;18;18;3.80;304.00
2015;C0279;2;20;1;1;4;30;1.1;1;33;37;4.70;347.00
2015;C0279;3;20;1;1;4;30;1.1;1;37;35;7.30;5.00
2015;C0279;4;58;1;1;4;35;1.1;1;27;29;8.00;31.00
2015;C0279;5;20;1;1;4;10;1.1;1;31;33;6.40;36.00
2015;C0279;7;20;1;1;4;15;1.1;1;34;38;7.50;334.00
2015;C0279;12;58;906;906;4;;;1;21;20;14.20;0.00
2015;C0279;16;10;1;1;4;20;2;1;23;25;10.10;306.00
2015;C0279;17;10;23;23;;;;1;20;19;10.60;306.00
2015;C0279;18;20;1;1;4;40;1.1;1;42;45;13.40;331.00
2015;C0279;19;20;23;23;;;;1;26;24;18.10;0.00
2015;C0279;31;20;906;906;4;;;1;24;22;16.50;0.00
2015;C0279;39;69;1;23;4;;;1;19;15;7.20;83.00
2015;C0279;43;69;1;1;4;10;2;1;24;21;7.80;91.00
2015;C0279;45;20;1;1;4;15;1.1;1;18;18;5.90;320.00
2015;C0305;2;116;1;1;4;10;1.2;1;21;21;2.30;198.00
2015;C0305;3;116;1;1;4;15;1.2;1;20;19;3.50;195.00
2015;C0305;4;116;1;1;4;20;1.2;1;33;34;5.70;345.00
2015;C0305;5;116;1;1;4;10;2;1;34;35;5.40;351.00
2015;C0305;6;116;1;1;4;5;2;1;38;36;4.20;20.00
2015;C0305;7;116;1;1;4;15;2;1;30;30;5.20;28.00
2015;C0305;9;116;1;1;4;20;1.2;1;34;37;6.15;72.00
2015;C0305;10;116;1;1;4;15;1.2;1;33;32;6.75;79.00
2015;C0305;11;116;1;1;4;20;2;1;35;34;9.00;70.00
2015;C0305;13;116;1;1;4;5;1.2;1;30;31;11.10;90.00
2015;C0305;14;116;1;1;4;20;1.2;1;30;29;12.60;124.00
2015;C0305;15;116;1;1;4;15;1.1;1;20;21;9.85;130.00
2015;C0305;16;116;1;1;4;15;1.2;1;21;21;9.25;136.00
2015;C0305;17;116;1;1;4;20;1.1;1;21;20;9.00;128.00
2015;C0305;18;116;1;1;4;15;1.2;1;21;20;4.40;133.00
2015;C0305;19;116;1;1;4;5;2;1;23;24;6.30;149.00
2015;C0305;22;22;1;1;4;30;3;1;22;22;8.40;217.00
2015;C0305;24;134;906;906;4;;;1;33;31;15.00;243.00
2015;C0305;28;116;1;1;4;10;1.2;1;41;39;13.80;318.00
2015;C0305;29;116;1;1;4;10;1.2;1;23;24;9.00;332.00
2015;C0305;30;116;23;23;;;;1;21;21;7.60;326.00
2015;C0305;31;116;906;906;4;;;1;23;24;16.40;277.00
2015;C0305;33;116;1;1;4;0;1.2;1;21;22;2.50;246.00
2015;C0305;34;116;906;906;4;;;1;32;33;16.10;98.00
2015;C0305;38;116;19;19;;;;1;15;15;5.60;160.00
2015;C0305;39;116;1;1;4;15;1.1;1;19;19;6.80;279.00
2015;C0305;40;116;1;1;4;5;1.1;1;15;15;10.10;187.00
2015;C0305;41;116;1;1;4;10;1.1;1;17;18;10.70;246.00
2015;C0305;42;116;1;1;4;5;3;1;56;47;16.00;204.00
2015;C0305;43;116;1;1;4;5;2;1;41;39;17.00;187.00
2015;C0305;44;116;1;1;4;5;2;1;47;42;18.00;144.00
2015;C0306;2;116;906;906;4;;;1;36;38;16.00;120.00
2015;C0306;3;116;1;1;4;15;2;1;45;46;11.90;121.00
2015;C0306;6;116;1;1;4;5;2;1;51;55;6.10;124.00
2015;C0306;7;116;1;1;4;10;1.2;1;30;31;5.10;124.00
2015;C0306;9;22;3;3;4;;;1;21;27;3.30;120.00
2015;C0306;10;116;1;1;4;10;1.2;1;58;55;1.70;136.00
2015;C0306;16;116;1;1;4;10;2;1;56;58;10.60;199.00
2015;C0306;18;116;1;1;4;15;2;1;50;48;12.20;215.00
2015;C0306;19;116;1;1;4;10;1.2;1;35;34;9.00;237.00
2015;C0306;24;116;19;19;;;;1;22;21;30.00;0.00
2015;C0306;29;116;19;19;;;;1;22;21;30.00;0.00
2015;C0306;30;116;1;1;4;5;2;1;48;49;18.00;175.00
2015;C0306;31;5;1;1;4;40;1.1;1;23;24;13.00;172.00
2015;C0306;36;116;1;1;4;10;1.2;1;44;46;12.80;245.00
2015;C0306;37;116;1;1;4;5;2;1;48;51;16.50;248.00
2015;C0306;39;116;1;1;4;20;1.2;1;57;58;11.50;296.00
2015;C0306;40;116;1;1;4;0;1.2;1;66;66;18.00;223.00
2015;C0334;1;134;19;19;4;;;1;35;36;0.90;259.00
2015;C0334;2;15;1;1;4;30;1.1;3;26;24;7.00;307.00
2015;C0334;3;134;1;1;4;25;1.1;1;35;35;6.90;270.00
2015;C0334;4;134;1;1;4;20;1.1;1;30;29;6.70;201.00
2015;C0334;6;134;19;3;4;15;2;1;32;31;8.90;177.00
2015;C0334;7;134;1;1;4;15;2;1;39;37;10.80;134.00
2015;C0334;8;134;1;1;4;15;1.1;1;36;35;6.00;95.00
2015;C0334;10;134;19;19;;;;1;28;29;12.70;2.00
2015;C0334;11;15;1;1;4;20;2;3;31;31;10.70;345.00
2015;C0334;12;15;906;906;4;;;3;28;27;14.40;311.00
2015;C0334;13;15;1;1;4;25;1.1;3;27;26;12.50;289.00
2015;C0334;14;134;906;906;4;;;1;31;29;14.80;270.00
2015;C0334;15;134;1;1;4;20;2;1;39;41;15.30;208.00
2015;C0334;22;134;906;906;4;;;1;32;32;14.90;129.00
2015;C0334;23;134;906;906;4;;;1;28;26;15.80;119.00
2015;C0334;24;15;906;906;4;;;3;23;23;17.30;108.00
2015;C0334;26;134;29;29;;;;1;27;29;12.20;104.00
2015;C0334;31;20;906;906;4;;;3;25;26;17.60;345.00
2015;C0334;35;134;1;19;4;;;1;41;40;14.30;258.00
2015;C0334;36;134;19;19;;;;1;29;28;20.30;205.00
2015;C0334;37;134;906;906;4;;;1;29;29;16.30;173.00
2015;C0334;38;134;906;906;4;;;1;33;33;16.70;132.00
2015;C0334;40;15;1;1;4;20;2;2;15;15;3.90;350.00
2015;C0334;41;15;1;1;4;20;1.1;2;17;16;2.70;58.00
2015;C0334;42;15;1;1;4;25;1.2;2;16;15;6.00;125.00
2015;C0334;43;15;1;1;4;35;1.2;2;20;23;6.60;171.00
2015;C0334;44;20;1;1;4;20;1.1;1;14;14;2.90;176.00
2015;C0334;45;51;1;1;4;10;1.1;1;17;18;8.70;18.00
2015;C0334;46;15;1;1;4;25;1.1;2;17;17;6.00;40.00
2015;C0334;47;15;1;1;4;20;1.1;2;21;22;11.50;258.00
2015;C0334;48;20;1;1;4;20;1.1;1;21;21;6.10;219.00
2015;C0334;49;15;1;1;4;20;2;3;25;24;11.40;89.00
2015;C0334;50;51;1;1;4;15;1.1;2;10;10;10.50;60.00
2015;C0334;51;15;1;1;4;20;1.2;2;14;16;12.95;310.00
2015;C2001;1;49;1;1;4;25;1.2;1;17;17;1.90;249.00
2015;C2001;2;49;1;1;4;30;2;1;16;17;5.20;266.00
2015;C2001;3;70;1;1;4;30;1.1;1;18;18;1.80;27.00
2015;C2001;4;49;1;1;4;30;2;1;23;22;2.80;57.00
2015;C2001;5;49;1;1;4;20;1.2;1;17;21;6.20;280.00
2015;C2001;6;49;1;1;4;25;1.1;1;15;16;4.90;346.00
2015;C2001;7;49;1;1;4;35;1.2;1;21;26;6.60;353.00
2015;C2001;9;49;1;1;4;30;1.1;1;18;22;8.20;9.00
2015;C2001;11;49;1;1;4;5;1.1;1;20;23;8.70;301.00
2015;C2001;12;49;1;1;4;20;1.1;1;16;19;10.40;325.00
2015;C2001;13;49;1;1;4;10;1.1;1;18;19;10.40;331.00
2015;C2001;15;49;906;906;4;;;1;20;21;17.40;292.00
2015;C2001;16;49;906;906;4;;;1;25;29;13.50;320.00
2015;C2001;32;49;1;1;4;15;1.1;1;18;17;12.40;27.00
2015;C2001;33;49;906;906;4;;;1;30;35;18.00;5.00
2015;C2001;34;49;1;1;4;10;1.2;1;16;20;12.40;292.00
2015;C2001;35;49;1;1;4;15;1.1;1;16;17;12.50;298.00
2015;C2001;37;36;1;1;4;80;1.1;2;13;14;7.00;72.00
2015;C2001;38;36;1;1;4;60;1.1;1;20;21;8.80;67.00
2015;C2001;39;49;1;1;4;10;1.2;1;14;13;10.20;90.00
2015;C2001;40;49;1;1;4;20;1.1;1;12;12;7.50;92.00
2015;C2001;41;49;1;1;4;15;1.1;2;12;13;5.70;91.00
2015;C2001;42;49;1;1;4;10;1.2;2;14;14;8.00;125.00
2015;C2001;43;49;1;1;4;20;2;2;10;10;6.00;173.00
2015;C2001;44;49;1;1;4;35;1.2;2;10;11;11.00;210.00
2015;C2001;45;49;1;1;4;30;1.1;1;14;15;11.30;270.00
2015;C2002;1;134;1;1;4;10;2;1;28;29;2.70;213.00
2015;C2002;2;134;1;1;4;25;1.2;1;31;32;4.00;170.00
2015;C2002;3;134;1;1;4;40;1.2;1;24;26;5.50;158.00
2015;C2002;4;134;1;1;4;35;1.2;1;25;26;8.20;147.00
2015;C2002;5;134;1;1;4;15;1.2;1;23;22;8.80;163.00
2015;C2002;6;134;1;1;4;10;1.2;1;31;36;9.20;185.00
2015;C2002;8;134;1;1;4;30;1.2;1;25;27;10.40;267.00
2015;C2002;9;134;1;1;4;30;1.2;1;21;22;11.50;274.00
2015;C2002;10;134;1;1;4;60;2;1;17;18;10.70;282.00
2015;C2002;11;134;1;1;4;25;1.2;1;26;26;6.60;291.00
2015;C2002;12;134;1;1;4;45;2;1;25;27;11.10;310.00
2015;C2002;13;134;1;1;4;30;1.1;1;20;21;10.30;319.00
2015;C2002;14;134;1;1;4;30;1.2;1;25;27;11.40;338.00
2015;C2002;15;134;1;1;4;40;1.2;1;23;21;11.80;348.00
2015;C2002;16;134;1;1;4;20;2;1;27;27;8.30;74.00
2015;C2002;17;134;1;1;4;20;2;1;19;20;7.50;84.00
2015;C2002;18;134;1;1;4;15;1.2;1;26;24;7.80;109.00
2015;C2002;19;51;1;1;4;45;1.1;2;25;23;10.20;111.00
2015;C2002;20;134;1;1;4;5;1.2;1;20;20;5.20;359.00
2015;C2002;21;10;1;1;4;20;1.1;1;16;14;6.70;16.00
2015;C2002;22;134;906;906;4;;;1;20;21;16.50;173.00
2015;C2002;23;134;906;906;4;;;1;26;24;13.20;182.00
2015;C2002;25;134;906;906;4;;;1;24;22;13.80;198.00
2015;C2002;26;134;906;906;4;;;1;33;30;15.50;203.00
2015;C2002;27;134;1;1;4;60;2;1;27;26;12.20;256.00
2015;C2002;28;134;906;906;4;;;1;20;20;13.20;264.00
2015;C2002;29;134;906;906;4;;;1;30;29;13.80;252.00
2015;C2002;31;134;1;1;4;20;1.1;1;20;20;11.60;134.00
2015;C2002;33;134;1;1;4;5;1.2;1;20;22;12.60;284.00
2015;C2002;34;134;1;1;4;35;1.2;1;15;16;11.50;291.00
2015;C2002;35;10;1;1;4;15;1.1;1;16;15;12.80;321.00
2015;C2002;36;134;1;1;4;30;1.2;1;15;15;9.20;344.00
2015;C2002;37;134;1;1;4;25;1.2;1;20;19;12.10;2.00
2015;C2002;38;134;1;1;4;30;1.2;1;22;22;10.70;45.00
2015;C2002;39;134;1;1;4;60;1.2;1;18;20;11.40;37.00
2015;C2002;40;10;1;1;4;15;1.2;1;12;13;12.10;155.00
2015;C2002;41;49;1;1;4;65;1.1;1;13;13;4.90;248.00
2015;C2004;1;116;2;2;4;25;2;1;42;42;1.20;88.00
2015;C2004;2;100;2;2;4;50;1.2;1;23;22;4.80;59.00
2015;C2004;3;116;2;2;4;35;2;1;33;34;4.12;181.00
2015;C2004;4;20;2;2;4;40;1.2;3;35;34;6.45;281.00
2015;C2004;5;20;2;2;4;50;1.2;3;22;19;5.86;343.00
2015;C2004;6;20;2;2;4;65;2;3;33;37;10.20;78.00
2015;C2004;7;20;2;2;4;80;1.1;3;38;37;7.50;221.00
2015;C2004;8;20;2;2;4;15;1.1;2;15;15;11.10;190.00
2015;C2004;9;11;2;2;4;25;1.2;1;10;10;10.20;313.00
2015;C0049;1;116;1;1;4;35;1.1;1;35;33;6.96;300.00
2015;C0049;2;116;1;1;4;30;1.1;1;36;36;3.90;6.00
2015;C0049;3;116;1;1;4;35;1.1;1;48;46;4.39;242.00
2015;C0049;4;116;1;1;4;25;1.1;1;56;53;14.23;207.00
2015;C0049;15;134;906;906;4;;;1;36;35;14.27;316.00
2015;C0049;16;116;1;1;4;10;1.1;1;48;47;14.52;342.00
2015;C0049;17;116;1;1;4;25;1.1;1;54;53;13.09;22.00
2015;C0049;19;116;1;1;4;35;1.1;1;46;38;13.89;61.00
2015;C0049;20;116;1;1;4;35;1.1;1;43;41;15.13;68.00
2015;C0049;21;116;1;1;4;35;1.1;1;33;31;6.07;64.00
2015;C0049;22;116;1;1;4;60;1.1;1;42;45;8.19;107.00
2015;C0049;23;116;1;1;4;25;3;1;50;49;14.11;110.00
2015;C0049;25;116;1;1;4;30;1.1;1;30;29;12.04;179.00
2015;C0049;26;116;1;1;4;20;1.1;1;55;53;17.27;163.00
2015;C0049;31;116;1;1;4;15;1.1;1;41;45;16.01;20.00
2015;C0052;1;118;1;1;4;35;1.1;1;65;68;10.16;49.00
2015;C0052;2;118;1;1;4;60;1.1;1;34;33;10.21;63.00
2015;C0052;4;123;1;1;4;5;1.1;1;15;16;8.42;116.00
2015;C0052;5;123;1;1;4;45;1.1;1;47;43;13.89;155.00
2015;C0052;6;123;1;1;4;25;1.1;1;12;12;5.60;182.00
2015;C0052;7;116;1;1;4;5;1.1;1;12;13;6.13;219.00
2015;C0052;8;118;906;906;4;;;1;16;16;13.74;235.00
2015;C0052;9;123;1;1;4;15;1.1;1;25;24;10.12;248.00
2015;C0052;10;116;1;1;4;10;1.1;1;17;18;4.60;258.00
2015;C0052;11;116;1;1;4;5;1.1;1;20;20;10.27;265.00
2015;C0052;14;116;906;906;4;;;1;34;34;18.00;298.00
2015;C0052;16;123;906;906;4;;;1;40;35;13.91;330.00
2015;C0052;17;123;1;1;4;10;1.1;1;25;26;7.88;349.00
2015;C0052;30;123;1;1;4;15;1.1;1;52;50;17.02;45.00
2015;C0071;1;116;1;1;4;10;1.1;1;49;49;2.95;0.00
2015;C0071;3;118;1;1;4;10;1.1;1;33;32;6.83;160.00
2015;C0071;4;116;1;1;4;20;1.1;1;29;28;9.88;178.00
2015;C0071;5;116;1;1;4;15;1.1;1;46;43;6.46;217.00
2015;C0071;6;116;1;1;4;10;1.1;1;40;39;4.27;228.00
2015;C0071;8;116;1;1;4;10;1.1;1;55;60;10.11;323.00
2015;C0071;9;116;1;1;4;15;1.1;1;63;62;12.44;325.00
2015;C0071;10;116;1;1;4;15;1.1;1;42;42;14.08;330.00
2015;C0071;11;116;1;1;4;10;1.1;1;42;46;12.46;19.00
2015;C0071;18;116;906;906;4;;;1;34;36;17.83;194.00
2015;C0071;24;118;1;1;4;5;2;1;67;67;17.26;277.00
2015;C0071;25;118;1;1;4;10;2;1;68;63;16.33;286.00
2015;C0071;34;116;906;906;4;;;1;38;38;16.81;357.00
2015;C0071;35;118;1;1;4;10;1.1;1;36;33;9.09;40.00
2015;C0072;1;118;1;1;4;15;2;1;64;65;6.47;226.00
2015;C0072;2;118;1;1;4;10;1.1;1;44;48;4.68;279.00
2015;C0072;3;118;1;1;4;15;1.1;1;56;56;6.59;313.00
2015;C0072;4;118;1;1;4;25;1.1;1;46;46;9.62;317.00
2015;C0072;5;118;906;906;4;;;1;34;33;14.51;324.00
2015;C0072;6;118;1;1;4;35;1.1;1;88;88;18.00;315.00
2015;C0072;19;118;1;1;4;5;1.1;1;41;41;13.20;56.00
2015;C0072;20;118;1;1;4;10;1.1;1;77;77;10.23;72.00
2015;C0072;21;118;1;1;4;5;1.1;1;46;48;9.30;80.00
2015;C0072;28;118;1;1;4;25;1.1;1;58;50;13.54;163.00
2015;C0072;29;100;1;1;4;35;1.1;1;59;62;10.47;165.00
2015;C0072;30;118;1;1;4;10;1.1;1;52;52;12.82;257.00
2015;C0072;35;5;1;1;4;5;1.1;1;23;23;2.52;42.00
2015;C0073;1;100;1;1;4;10;1.1;1;24;24;2.08;123.00
2015;C0073;2;100;1;1;4;35;1.1;1;38;42;4.30;72.00
2015;C0073;3;118;1;1;4;20;1.1;1;32;34;4.92;115.00
2015;C0073;4;100;1;1;4;35;1.1;1;39;38;9.35;76.00
2015;C0073;5;116;1;1;4;95;1.1;1;17;18;7.94;33.00
2015;C0073;6;118;1;1;4;30;1.1;1;33;31;11.04;42.00
2015;C0073;7;116;1;1;4;20;1.2;1;50;47;14.34;41.00
2015;C0073;9;100;1;1;4;5;1.1;1;30;31;12.49;17.00
2015;C0073;10;118;1;1;4;50;1.1;1;29;29;9.52;1.00
2015;C0073;11;118;1;1;4;70;1.1;1;28;29;9.62;343.00
2015;C0073;12;100;1;1;4;50;1.1;1;40;39;7.05;330.00
2015;C0073;13;118;1;1;4;60;1.1;1;28;29;11.24;313.00
2015;C0073;14;100;1;1;4;35;1.1;1;35;37;6.06;297.00
2015;C0073;15;100;1;1;4;10;1.1;1;48;47;14.45;299.00
2015;C0073;16;100;906;906;4;;;1;37;36;13.58;282.00
2015;C0073;17;100;906;906;4;;;1;36;35;16.92;267.00
2015;C0073;18;100;1;1;4;15;1.1;1;40;40;14.18;249.00
2015;C0073;19;100;1;1;4;45;1.1;1;33;35;6.47;223.00
2015;C0073;20;100;1;1;4;10;1.1;1;30;31;5.83;147.00
2015;C0073;21;100;1;1;4;40;1.1;1;28;26;12.27;166.00
2015;C0073;22;118;906;906;4;;;1;30;29;13.85;177.00
2015;C0073;23;100;906;906;4;;;1;35;36;16.07;147.00
2015;C0073;24;118;906;906;4;;;1;34;34;17.76;141.00
2015;C0073;25;100;906;906;4;;;1;25;25;16.25;114.00
2015;C0073;26;118;1;1;4;15;1.1;1;37;36;12.82;116.00
2015;C0073;27;116;1;1;4;10;2;1;44;43;13.01;106.00
2015;C0075;1;118;1;1;4;10;1.1;1;62;57;1.35;37.00
2015;C0075;4;100;1;1;4;30;1.1;1;54;53;11.82;60.00
2015;C0075;7;118;1;1;4;35;1.1;1;34;37;9.79;319.00
2015;C0075;8;116;906;906;4;;;1;39;38;13.69;308.00
2015;C0075;10;118;906;906;4;;;1;34;35;17.64;325.00
2015;C0075;40;118;906;906;4;;;1;26;26;14.46;338.00
2015;C0075;41;118;1;1;4;25;1.1;1;43;40;15.86;3.00
2015;C0075;43;118;1;1;4;25;1.1;1;41;39;16.26;359.00
2015;C0075;44;118;1;1;4;25;1.1;1;34;35;11.42;327.00
2015;C0076;1;116;1;1;4;20;1.1;1;63;62;1.55;273.00
2015;C0076;2;118;1;1;4;95;1.1;1;31;32;3.98;97.00
2015;C0076;3;118;1;41;4;100;;1;33;35;6.07;83.00
2015;C0076;4;118;1;1;4;20;1.1;1;35;35;6.52;76.00
2015;C0076;5;116;1;1;4;15;1.1;1;50;49;11.22;54.00
2015;C0076;6;118;1;1;4;20;1.1;1;32;33;7.86;51.00
2015;C0076;7;118;1;1;4;5;1.1;1;36;34;9.99;23.00
2015;C0076;8;118;1;32;4;100;;1;31;32;9.76;10.00
2015;C0076;10;116;1;1;4;15;1.1;1;41;41;11.69;0.00
2015;C0076;14;118;906;906;4;;;1;27;28;15.61;354.00
2015;C0076;15;116;1;1;4;15;1.1;1;41;42;16.05;319.00
2015;C0076;16;116;1;1;4;10;1.1;1;51;50;14.12;305.00
2015;C0076;21;116;1;1;4;20;1.1;1;52;52;15.90;291.00
2015;C0076;23;116;1;1;4;10;1.1;1;44;45;8.79;315.00
2015;C0076;24;118;906;906;4;;;1;35;38;14.78;279.00
2015;C0076;27;116;1;1;4;20;1.1;1;32;33;12.16;254.00
2015;C0076;28;118;1;1;4;5;1.1;1;40;44;15.39;341.00
2015;C0076;29;118;1;1;4;10;1.1;1;44;42;17.68;217.00
2015;C0076;30;118;1;1;4;5;1.1;1;51;50;8.20;145.00
2015;C0076;31;116;1;1;4;10;1.1;1;42;41;12.10;152.00
2015;C0076;35;118;1;1;4;15;1.1;1;40;42;15.09;109.00
2015;C0076;36;116;1;1;4;15;1.1;1;46;47;13.67;178.00
2015;C0076;37;118;1;1;4;15;1.1;1;30;30;7.34;321.00
2015;C0099;1;15;1;1;4;20;1.1;1;46;56;1.30;346.00
2015;C0099;2;56;1;1;4;20;3;1;23;25;4.08;36.00
2015;C0099;3;56;1;1;4;20;3;1;27;28;6.88;101.00
2015;C0099;4;56;1;1;4;25;3;1;35;32;5.68;142.00
2015;C0099;5;56;1;1;4;30;3;1;40;38;7.00;200.00
2015;C0099;6;56;906;906;4;;;1;25;24;13.99;240.00
2015;C0099;8;56;1;1;4;60;3;1;23;24;6.80;284.00
2015;C0099;9;56;1;1;4;15;3;1;26;25;3.73;301.00
2015;C0099;10;56;1;1;4;75;3;1;28;29;7.97;346.00
2015;C0099;11;56;1;1;4;55;2;1;29;25;9.55;16.00
2015;C0099;12;56;1;1;4;45;2;1;24;23;12.71;47.00
2015;C0099;13;56;906;906;4;;;1;24;24;15.28;57.00
2015;C0099;14;56;906;906;4;;;1;26;24;15.60;56.00
2015;C0099;17;56;1;1;4;15;3;1;34;32;11.86;122.00
2015;C0099;18;56;1;1;4;25;3;1;34;33;10.11;139.00
2015;C0099;19;56;906;906;4;;;1;27;24;16.38;129.00
2015;C0099;33;56;1;1;4;25;2;1;19;21;11.15;241.00
2015;C0099;34;56;1;1;4;35;3;1;23;24;11.63;190.00
2015;C0099;36;15;1;1;4;25;1.1;1;33;33;11.66;133.00
2015;C0086;1;68;1;1;4;30;2;1;27;33;0.35;128.00
2015;C0086;2;68;1;1;4;25;2;2;21;22;6.46;69.00
2015;C0086;6;68;1;1;4;35;2;1;22;19;9.24;120.00
2015;C0086;8;68;906;906;4;;;2;30;31;14.21;2.00
2015;C0086;10;68;1;1;4;15;2;2;16;17;12.14;50.00
2015;C0086;14;116;906;906;4;;;1;34;34;14.82;152.00
2015;C0086;17;68;1;1;4;60;2;2;14;14;12.75;63.00
2015;C0086;19;68;906;906;4;;;2;21;20;13.84;103.00
2015;C0086;24;134;906;906;4;;;1;34;32;17.39;103.00
2015;C0086;25;68;906;906;4;;;2;28;27;17.65;85.00
2015;C0086;33;68;1;1;4;20;2;1;21;23;3.94;153.00
2015;C0086;34;68;1;1;4;25;2;2;18;22;10.30;154.00
2015;C0086;35;68;906;906;4;;;1;17;18;14.36;60.00
2015;C0086;36;68;1;1;4;20;2;2;19;20;11.87;139.00
2015;C0086;37;68;1;1;4;15;2;1;29;30;7.22;166.00
2015;C0086;42;134;1;1;4;15;1.2;1;18;18;7.81;343.00
2015;C0086;43;118;1;1;4;15;1.2;1;16;17;10.32;20.00
2015;C0086;46;68;906;906;4;;;1;14;15;16.57;112.00
2015;C0086;47;68;906;906;4;;;1;14;12;15.57;131.00
2015;C0086;49;68;29;29;;;;2;12;13;12.63;125.00
2015;C0114;8;20;906;906;4;;;2;35;34;14.42;295.00
2015;C0114;15;20;29;29;;;;2;27;25;28.25;158.00
2015;C0114;34;20;1;1;4;65;1.2;2;44;36;9.81;304.00
2015;C0116;7;48;1;1;4;30;1.2;1;23;27;5.35;190.00
2015;C0116;8;20;1;1;4;25;2;2;29;28;5.45;210.00
2015;C0116;9;20;1;1;4;20;1.2;2;31;31;5.52;221.00
2015;C0116;10;15;1;1;4;95;1.1;2;26;25;9.41;315.00
2015;C0116;13;20;1;1;4;15;2;2;33;31;5.41;4.00
2015;C0116;14;15;29;29;;;;2;18;18;5.08;59.00
2015;C0116;15;20;1;1;4;20;1.1;2;21;21;5.13;67.00
2015;C0116;16;48;29;29;;;;1;18;16;5.85;101.00
2015;C0116;17;48;1;1;4;30;1.2;1;23;22;8.29;143.00
2015;C0116;18;48;1;1;4;50;1.1;1;23;24;7.21;177.00
2015;C0116;19;20;1;1;4;75;2;2;24;23;6.73;208.00
2015;C0116;21;20;29;29;;;;1;17;17;9.83;248.00
2015;C0116;23;48;1;1;4;25;1.1;2;27;30;9.00;269.00
2015;C0116;28;20;1;1;4;5;2;2;30;31;10.15;287.00
2015;C0116;29;20;1;1;4;10;2;2;39;40;11.21;286.00
2015;C0116;30;20;1;1;4;30;1.2;2;26;26;7.59;50.00
2015;C0116;31;20;1;1;4;15;1.2;2;19;17;9.98;109.00
2015;C0116;32;20;1;1;4;25;1.2;2;23;23;11.15;121.00
2015;C0116;33;20;1;1;4;45;1.2;1;28;33;12.73;176.00
2015;C0116;34;20;906;906;4;;;1;20;19;13.93;173.00
2015;C0116;35;20;906;906;4;;;1;21;20;13.17;204.00
2015;C0116;36;20;906;906;4;;;2;21;21;15.89;197.00
2015;C0116;37;20;906;906;4;;;2;22;22;13.87;197.00
2015;C0116;38;20;906;906;4;;;1;32;33;13.36;223.00
2015;C0116;39;20;906;906;4;;;1;23;24;14.61;139.00
2015;C0116;40;20;1;1;4;20;1.2;1;29;30;12.70;122.00
2015;C0116;41;20;1;1;4;15;2;2;20;19;8.93;38.00
2015;C0116;42;20;906;906;4;;;2;28;31;13.54;250.00
2015;C0116;44;20;906;906;4;;;2;21;23;16.24;134.00
2015;C0116;45;20;1;1;4;45;1.2;2;13;13;12.70;34.00
2015;C0116;46;20;1;1;4;25;2;2;18;17;12.40;88.00
2015;C0116;47;48;1;1;4;25;1.1;2;17;17;11.83;150.00
2015;C0116;48;15;1;1;4;75;1.1;1;15;16;4.22;153.00
2015;C0116;49;48;1;1;4;20;2;2;16;16;12.90;192.00
2015;C0116;50;20;1;1;4;20;1.1;2;20;23;12.00;338.00
2015;C0116;51;118;1;1;4;15;3;1;41;41;10.88;345.00
2015;C0116;52;20;1;1;4;30;1.2;1;27;27;11.55;353.00
2015;C0116;53;20;1;1;4;35;2;2;19;22;12.72;357.00
2015;C0147;1;63;1;1;4;25;1.2;1;14;14;0.67;323.00
2015;C0147;2;11;1;1;4;80;1.2;2;17;18;2.66;160.00
2015;C0147;3;63;1;1;4;70;1.2;1;13;14;11.11;69.00
2015;C0147;4;48;1;1;4;80;1.1;1;20;21;6.78;130.00
2015;C0147;5;48;1;1;4;60;1.2;1;18;19;6.31;129.00
2015;C0147;6;48;1;1;4;50;1.2;1;28;27;10.66;159.00
2015;C0147;7;48;1;1;4;95;1.1;1;40;40;17.74;15.00
2015;C0147;10;48;1;1;4;25;1.2;1;39;39;12.83;225.00
2015;C0147;11;48;1;1;4;95;1.1;1;41;48;10.64;273.00
2015;C0147;13;63;906;906;4;;;1;17;18;15.27;100.00
2015;C0147;15;48;1;1;4;70;1.2;2;40;49;14.05;143.00
2015;C0147;17;48;906;906;4;;;2;28;33;16.03;154.00
2015;C0147;21;63;906;906;4;;;1;24;24;17.45;199.00
2015;C0147;36;15;906;906;4;;;2;29;30;17.26;70.00
2015;C0147;38;63;1;1;4;70;2;1;13;13;5.31;63.00
2015;C0147;39;48;1;1;4;40;1.2;1;12;14;9.91;103.00
2015;C0147;43;48;906;906;4;;;1;16;17;13.24;130.00
2015;C0147;44;11;1;1;4;60;2;1;13;13;11.92;22.00
2015;C0147;45;63;906;906;4;;;1;12;14;14.44;92.00
2015;C0147;46;11;1;1;4;5;1.2;1;13;13;7.97;310.00
2015;C0147;47;11;1;1;4;10;1.2;1;12;12;11.23;303.00
2015;C0147;48;11;1;1;4;15;1.2;1;10;10;10.21;315.00
2015;C0147;49;15;1;1;4;15;1.2;1;13;14;10.13;257.00
2015;C0179;1;7;1;1;4;15;2;1;40;41;1.76;131.00
2015;C0179;2;7;1;1;4;15;2;1;32;35;6.23;150.00
2015;C0179;3;7;1;1;4;15;2;1;30;29;5.34;232.00
2015;C0179;4;7;1;1;4;15;2;1;34;34;10.19;17.00
2015;C0179;5;15;1;1;4;65;1.2;2;30;32;12.39;80.00
2015;C0179;6;15;1;1;4;35;1.2;2;28;30;12.85;115.00
2015;C0179;8;7;906;906;4;;;1;22;24;17.30;178.00
2015;C0179;11;22;1;1;4;70;2;1;43;41;17.15;290.00
2015;C0179;13;22;906;906;4;;;1;27;27;16.76;337.00
2015;C0179;16;15;906;906;4;;;2;20;23;16.45;58.00
2015;C0179;17;15;906;906;4;;;2;29;28;14.72;80.00
2015;C0179;31;7;1;1;4;15;2;1;34;34;6.75;288.00
2015;C0179;33;7;906;906;4;;;1;14;13;17.01;271.00
2015;C0179;37;15;1;1;4;50;1.2;2;41;45;17.98;100.00
2015;C0575;1;49;1;1;4;50;1.1;3;17;18;4.25;93.00
2015;C0575;2;49;1;1;4;70;1.1;3;14;15;4.40;217.00
2015;C0575;3;49;1;1;4;35;1.1;3;23;23;7.95;233.00
2015;C0575;4;41;1;1;4;90;1.1;3;19;18;9.20;250.00
2015;C0575;5;41;906;906;4;;;3;21;22;17.50;331.00
2015;C0575;6;49;906;906;4;;;3;19;17;16.69;8.00
2015;C0575;7;49;1;1;4;30;1.1;3;20;22;11.50;96.00
2015;C0575;11;41;906;906;4;;;3;23;24;13.47;211.00
2015;C0575;12;41;1;1;4;25;1.1;3;18;19;12.31;249.00
2015;C0575;13;41;906;906;4;;;3;23;21;14.92;262.00
2015;C0575;14;41;906;906;4;;;3;21;24;15.71;224.00
2015;C0575;15;41;906;906;4;;;3;19;18;15.41;234.00
2015;C0575;20;41;906;906;4;;;3;19;20;15.41;290.00
2015;C0575;27;41;1;1;4;25;1.1;3;23;24;12.10;198.00
2015;C0575;31;49;1;1;4;90;1.1;3;12;13;5.10;3.00
2015;C0575;32;41;1;1;4;50;1.1;3;10;10;6.20;4.00
2015;C0575;33;41;1;1;4;60;1.1;3;11;11;6.60;25.00
2015;C0575;34;41;1;1;4;30;1.1;3;13;12;12.00;85.00
2015;C0575;35;49;1;1;4;90;1.1;3;11;11;10.10;150.00
2015;C0575;36;41;1;1;4;30;1.1;3;13;13;4.95;205.00
2015;C0575;37;41;1;1;4;65;1.1;3;13;13;10.80;211.00
2015;C0575;38;41;1;1;4;25;1.1;3;16;17;10.36;220.00
2015;C0575;39;41;1;1;4;30;1.1;3;12;12;8.55;223.00
2015;C0575;40;1;1;1;4;5;1.1;2;14;15;4.70;268.00
2015;C0575;41;41;1;1;4;35;1.1;2;16;16;11.60;275.00
2015;C0575;42;41;1;1;4;40;1.1;2;15;15;9.86;280.00
2015;C0575;43;41;1;1;4;40;1.1;2;16;15;9.50;282.00
2015;C0575;44;1;1;1;4;5;1.1;2;12;12;4.40;270.00
2015;C0611;4;20;1;1;4;10;1.1;3;46;46;3.06;80.00
2015;C0611;6;20;1;1;4;15;1.1;3;32;30;6.39;171.00
2015;C0611;7;20;1;1;4;15;1.1;3;24;24;6.81;190.00
2015;C0611;8;20;1;1;4;20;1.1;3;29;28;7.64;201.00
2015;C0611;11;20;1;1;4;30;1.1;3;37;39;7.47;265.00
2015;C0611;12;20;1;1;4;10;1.1;3;39;39;6.21;308.00
2015;C0611;13;129;1;1;4;50;1.1;3;41;42;5.19;9.00
2015;C0611;17;20;1;1;4;15;1.1;3;44;45;8.50;106.00
2015;C0611;18;20;1;1;4;100;;3;31;31;11.02;123.00
2015;C0611;19;20;1;29;4;;;3;39;40;10.02;151.00
2015;C0611;20;20;1;29;4;;;3;39;39;7.95;166.00
2015;C0611;21;20;1;1;4;15;1.1;3;24;22;8.81;194.00
2015;C0611;24;20;1;1;4;5;1.1;3;37;37;10.83;221.00
2015;C0611;27;20;1;1;4;20;1.1;3;38;39;12.26;253.00
2015;C0611;34;20;906;906;4;;;3;395;395;15.40;268.00
2015;C0611;35;20;1;1;4;25;1.1;3;41;41;16.74;280.00
2015;C0611;36;20;906;906;4;;;3;37;38;14.60;293.00
2015;C0611;41;20;1;1;4;25;1.1;3;42;44;15.34;215.00
2015;C0611;42;20;906;906;4;;;3;24;24;16.72;210.00
2015;C0611;43;20;1;1;4;15;1.1;3;26;26;9.66;320.00
2015;C0611;44;20;1;1;4;15;1.1;3;49;48;10.61;353.00
2015;C0611;45;20;1;1;4;15;1.1;3;38;36;11.14;4.00
2015;C0611;46;20;906;906;4;;;3;31;31;15.51;71.00
2015;C0611;47;20;906;906;4;;;3;27;26;13.93;70.00
2015;C0611;48;20;1;1;4;20;1.1;3;33;33;11.10;77.00
2015;C0611;49;20;906;906;4;;;3;34;38;13.58;111.00
2015;C0624;1;51;29;29;4;;;3;19;19;0.51;90.00
2015;C0624;8;41;1;1;4;60;1.1;3;24;26;8.70;305.00
2015;C0624;10;41;906;906;4;;;2;20;24;15.74;312.00
2015;C0624;11;41;906;906;4;;;2;25;29;16.00;314.00
2015;C0624;12;41;906;906;4;;;3;23;25;13.90;314.00
2015;C0624;13;41;906;906;4;;;2;27;27;16.50;311.00
2015;C0624;19;49;1;1;4;45;1.1;3;18;18;10.22;134.00
2015;C0624;24;41;906;906;4;;;2;28;31;13.45;175.00
2015;C0624;25;41;906;906;4;;;2;26;26;14.00;175.00
2015;C0624;34;23;906;906;4;;;3;21;22;16.25;124.00
2015;C0624;36;23;1;1;4;50;1.1;3;13;12;3.47;20.00
2015;C0624;46;66;1;1;4;30;2;3;16;12;6.80;220.00
2015;C2037;1;49;1;1;4;25;1.1;3;32;33;2.32;303.00
2015;C2037;64;41;1;1;4;30;1.1;2;20;21;6.48;286.00
2015;C2037;63;41;1;1;4;30;1.1;2;14;14;12.45;255.00
2015;C2037;61;41;1;1;4;25;1.1;2;13;13;11.67;252.00
2015;C2037;62;41;1;1;4;30;1.1;2;15;15;12.96;249.00
2015;C2037;66;41;1;1;4;20;1.1;3;14;15;6.00;202.00
2015;C2037;65;41;1;1;4;25;1.1;2;12;11;3.71;175.00
2015;C2037;67;49;1;1;4;35;1.1;3;22;22;9.70;173.00
2015;C2037;68;41;1;1;4;20;;2;10;11;10.67;153.00
2015;C2037;69;41;1;1;4;25;1.1;2;13;14;9.90;144.00
2015;C2037;59;41;1;1;4;15;1.1;2;13;12;11.78;133.00
2015;C2037;70;41;1;1;4;40;;2;11;12;8.73;123.00
2015;C2037;58;49;1;1;4;10;1.1;2;12;11;12.16;113.00
2015;C2037;3;41;1;1;4;15;1.1;3;29;28;4.55;100.00
2015;C2037;57;41;1;1;4;15;1.1;2;13;13;12.34;95.00
2015;C2037;71;41;1;1;4;20;1.1;3;21;22;8.90;90.00
2015;C2037;56;41;1;1;4;10;1.1;2;16;15;12.85;80.00
2015;C2037;55;41;1;1;4;20;1.1;2;13;12;8.55;73.00
2015;C2037;54;41;1;1;4;15;1.1;2;15;14;3.63;70.00
2015;C2037;53;49;1;1;4;10;1.1;2;11;11;8.23;41.00
2015;C2037;52;49;1;1;4;10;1.1;2;12;12;12.15;13.00
2015;C2037;11;49;906;906;4;;;3;27;27;14.73;158.00
2015;C2037;7;41;906;906;4;;;3;27;25;14.28;95.00
2015;C0572;1;46;1;1;4;10;1.2;1;23;23;1.08;15.00
2015;C0572;2;46;1;1;4;10;1.2;1;16;19;4.04;78.00
2015;C0572;3;46;1;1;4;10;1.2;1;31;22;8.63;100.00
2015;C0572;4;46;1;1;4;15;1.2;1;51;52;8.62;195.00
2015;C0572;5;46;1;1;4;5;1.2;2;18;14;9.84;270.00
2015;C0572;6;46;906;906;4;;;1;32;34;13.32;296.00
2015;C0572;7;46;1;1;4;10;1.2;1;34;35;8.51;350.00
2015;C0572;8;46;1;1;4;20;1.2;1;42;48;11.54;9.00
2015;C0572;9;46;1;1;4;15;1.2;1;35;35;11.58;52.00
2015;C0572;10;23;1;1;4;10;1.2;2;15;14;12.05;55.00
2015;C0572;11;46;906;906;4;;;1;21;19;15.78;65.00
2015;C0572;12;46;1;1;4;5;1.2;1;55;55;11.63;79.00
2015;C0572;13;46;1;1;4;10;1.2;1;24;23;12.32;127.00
2015;C0572;16;46;906;906;4;;;2;23;22;15.90;121.00
2015;C0572;18;46;906;906;4;;;1;28;27;17.44;141.00
2015;C0572;19;46;906;906;4;;;1;25;24;16.36;150.00
2015;C0572;20;46;1;1;4;10;1.2;1;19;19;12.31;180.00
2015;C0572;21;46;1;1;4;10;1.2;1;39;42;16.81;182.00
2015;C0572;22;46;1;1;4;5;1.2;2;20;22;12.96;203.00
2015;C0572;26;41;906;902;4;10;1.2;2;40;40;17.83;0.00
2015;C0572;31;73;1;1;4;10;1.1;2;13;12;6.56;238.00
2015;C0572;32;73;1;1;4;10;1.1;2;11;11;11.35;240.00
2015;C0572;33;73;1;1;4;10;1.1;2;10;10;5.99;280.00
2015;C0572;34;46;1;1;4;10;1.2;2;15;16;10.80;334.00
